AbortTextChat	c	HUD	0x1AC8F4AD40E22127			CloseMultiplayerChat
Absf	c	MISC	0x73D57CFFDD12C355	number	value:number	
Absi	c	MISC	0xF0D31AD191A74F87	integer	value:integer	
Acos	c	MISC	0x1D08B970013C34B6	number	p0:number	
ActivateAudioSlowmoMode	c	AUDIO	0xD01005D2BA2EB778		mode:string	
ActivateCamWithInterpAndFovCurve	c	CAM	0x34CFC4C2A38E83E3		camTo:Cam,camFrom:Cam,duration:integer,easeLocation:integer,easeRotation:integer,easeFove:integer	
ActivateDamageTrackerOnNetworkId	c	NETWORK	0xD45B1FFCCD52FF19		netID:integer,toggle:boolean	
ActivateDamageTrackerOnPlayer	c	NETWORK	0xBEC0816FF5ACBCDA		player:Player,toggle:boolean	
ActivateFrontendMenu	c	HUD	0xEF01D36B9C9D0C7B		menuhash:Hash,togglePause:boolean,component:integer	
ActivateInteriorEntitySet	c	INTERIOR	0x55E86AF2712B36A1		interior:integer,entitySetName:string	
ActivatePhysics	c	PHYSICS	0x710311ADF0E20730		entity:Entity	
ActivateRockstarEditor	c	REPLAY	0x49DA8145672B2725			
ActivateTimecycleEditor	c	CFX	0xEEB9B76A			
ActivityFeedCreate	c	MISC	0x4DCDF92BF64236CD		captionString:string,condensedCaptionString:string	
AddAMarkerOverVehicle	c	VEHICLE	0x5991A01434CE9677	boolean	plane:Vehicle	ArePlaneWingsIntact
AddAmmoToPed	c	WEAPON	0x78F0424C34306220		ped:Ped,weaponHash:Hash,ammo:integer	
AddAmmoToPedByType	c	WEAPON	0x2472622CE1F2D45F		ped:Ped,ammoType:Hash,ammo:integer	
AddArmourToPed	c	PED	0x5BA652A0CD14DF2F		ped:Ped,amount:integer	
AddAudioSubmixOutput	c	CFX	0xAC6E290D		submixId:integer,outputSubmixId:integer	
AddAuthorizedParachuteModel	c	CFX	0x8AC7AE9		modelNameHash:integer	
AddAuthorizedParachutePackModel	c	CFX	0x2E86DEA5		modelNameHash:integer	
AddBlipForArea	b	HUD	0xCE5D0E5E315DB238	Blip	x:number,y:number,z:number,width:number,height:number	
AddBlipForCoord	b	HUD	0x5A039BB0BCA604B6	Blip	x:number,y:number,z:number	
AddBlipForEntity	b	HUD	0x5CDE92C702A8FCE7	Blip	entity:Entity	
AddBlipForPickup	c	HUD	0xBE339365C863BD36	Blip	pickup:Pickup	
AddBlipForRadius	b	HUD	0x46818D79B1F7499A	Blip	posX:number,posY:number,posZ:number,radius:number	
AddCamSplineNode	c	CAM	0x8609C75EC438FB3B		camera:Cam,x:number,y:number,z:number,xRot:number,yRot:number,zRot:number,length:integer,p8:integer,transitionType:integer	
AddCamSplineNodeUsingCamera	c	CAM	0x0FB82563989CF4FB		cam:Cam,cam2:Cam,length:integer,p3:integer	
AddCamSplineNodeUsingCameraFrame	c	CAM	0x0A9F2A468B328E74		cam:Cam,cam2:Cam,p2:integer,p3:integer	
AddCamSplineNodeUsingGameplayFrame	c	CAM	0x609278246A29CA34		cam:Cam,p1:integer,p2:integer	
AddClanDecalToVehicle	c	GRAPHICS	0x428BDCB9DA58DA53	boolean	vehicle:Vehicle,ped:Ped,boneIndex:integer,x1:number,x2:number,x3:number,y1:number,y2:number,y3:number,z1:number,z2:number,z3:number,scale:number,p13:any,alpha:integer	AddVehicleCrewEmblem
AddConvarChangeListener	b	CFX	0xAB7F7241	integer	conVarFilter:string,handler:function	
AddCoverBlockingArea	c	TASK	0x45C597097DD7CB81		playerX:number,playerY:number,playerZ:number,radiusX:number,radiusY:number,radiusZ:number,p6:boolean,p7:boolean,p8:boolean,p9:boolean	
AddCoverPoint	c	TASK	0xD5C12A75C7B9497F	ScrHandle	p0:number,p1:number,p2:number,p3:number,p4:any,p5:any,p6:any,p7:boolean	
AddCurrentRise	c	WATER	0xFDBF4CDBC07E1706	integer	xLow:number,yLow:number,xHigh:number,yHigh:number,height:number	AddExtraCalmingQuad
AddDecal	c	GRAPHICS	0xB302244A1839BDAD	integer	decalType:integer,posX:number,posY:number,posZ:number,dirX:number,dirY:number,dirZ:number,sideX:number,sideY:number,sideZ:number,width:number,height:number,rCoef:number,gCoef:number,bCoef:number,opacity:number,timeout:number,isLongRange:boolean,isDynamic:boolean,useComplexColn:boolean	
AddDecalToMarker	c	GRAPHICS	0x8A35C742130C6080		decalType:integer,textureDict:string,textureName:string	PatchDecalDiffuseMap
AddDispatchSpawnBlockingAngledArea	c	MISC	0x918C7B2D2FF3928B	any	x1:number,y1:number,z1:number,x2:number,y2:number,z2:number,width:number	
AddDispatchSpawnBlockingArea	c	MISC	0x2D4259F1FEB81DA9	any	x1:number,y1:number,x2:number,y2:number	
AddDoorToSystem	c	OBJECT	0x6F8838D03D1DC226		doorHash:Hash,modelHash:Hash,x:number,y:number,z:number,p5:boolean,scriptDoor:boolean,isLocal:boolean	
AddEntityIcon	c	GRAPHICS	0x9CD43EEE12BF4DD0	any	entity:Entity,icon:string	
AddEntityToAudioMixGroup	c	AUDIO	0x153973AB99FE8980		entity:Entity,groupName:string,fadeIn:number	
AddExplosion	c	FIRE	0xE3AD2BDBAEE269AC		x:number,y:number,z:number,explosionType:integer,damageScale:number,isAudible:boolean,isInvisible:boolean,cameraShake:number	
AddExplosionWithUserVfx	c	FIRE	0x36DD3FE58B5E5212		x:number,y:number,z:number,explosionType:integer,explosionFx:Hash,damageScale:number,isAudible:boolean,isInvisible:boolean,cameraShake:number	
AddExtraCalmingQuad	c	WATER	0xFDBF4CDBC07E1706	integer	xLow:number,yLow:number,xHigh:number,yHigh:number,height:number	
AddFrontendMenuContext	c	HUD	0xDD564BDD0472C936		hash:Hash	PauseMenuActivateContext
AddHealthConfig	c	CFX	0x9CBFD5C1		configName:string,defaultHealth:number,defaultArmor:number,defaultEndurance:number,fatiguedHealthThreshold:number,injuredHealthThreshold:number,dyingHealthThreshold:number,hurtHealthThreshold:number,dogTakedownThreshold:number,writheFromBulletThreshold:number,meleeCardinalFatalAttack:boolean,invincible:boolean	
AddHospitalRestart	c	MISC	0x1F464EF988465A81	integer	x:number,y:number,z:number,p3:number,p4:any	
AddLineToConversation	c	AUDIO	0xC5EF963405593646		speakerConversationIndex:integer,context:string,subtitle:string,listenerNumber:integer,volumeType:integer,isRandom:boolean,interruptible:boolean,ducksRadio:boolean,ducksScore:boolean,audibility:integer,headset:boolean,dontInterruptForSpecialAbility:boolean,isPadSpeakerRoute:boolean	
AddMinimapOverlay	c	CFX	0x4AFD2499	integer	name:string	
AddMinimapOverlayWithDepth	c	CFX	0xED0935B5	integer	name:string,depth:integer	
AddModelToCreatorBudget	c	STREAMING	0x0BC3144DEB678666	boolean	modelHash:Hash	
AddNavmeshBlockingObject	c	PATHFIND	0xFCD5C8E06E502F5A	any	x:number,y:number,z:number,width:number,length:number,height:number,heading:number,bPermanent:boolean,flags:integer	
AddNavmeshRequiredRegion	c	PATHFIND	0x387EAD7EE42F6685		x:number,y:number,radius:number	
AddNextMessageToPreviousBriefs	c	HUD	0x60296AF4BA14ABC5		addToBrief:boolean	
AddOilDecal	c	GRAPHICS	0x126D7F89FE859A5E	integer	x:number,y:number,z:number,groundLvl:number,width:number,transparency:number	
AddOwnedExplosion	c	FIRE	0x172AA1B624FA1013		ped:Ped,x:number,y:number,z:number,explosionType:integer,damageScale:number,isAudible:boolean,isInvisible:boolean,cameraShake:number	
AddPatrolRouteLink	c	TASK	0x23083260DEC3A551		id1:integer,id2:integer	
AddPatrolRouteNode	c	TASK	0x8EDF950167586B7C		id:integer,guardScenario:string,x1:number,y1:number,z1:number,x2:number,y2:number,z2:number,waitTime:integer	
AddPedAmmo	c	WEAPON	0x2472622CE1F2D45F		ped:Ped,ammoType:Hash,ammo:integer	AddAmmoToPedByType
AddPedDecorationFromHashes	b	PED	0x5F5D1665E352A839		ped:Ped,collection:Hash,overlay:Hash	
AddPedDecorationFromHashesInCorona	c	PED	0x5619BFA07CFD7833		ped:Ped,collection:Hash,overlay:Hash	
AddPedToConversation	c	AUDIO	0x95D9F4BC443956E7		speakerConversationIndex:integer,ped:Ped,voiceName:string	
AddPetrolDecal	c	GRAPHICS	0x4F5212C7AD880DF8	integer	x:number,y:number,z:number,groundLvl:number,width:number,transparency:number	
AddPetrolTrailDecalInfo	c	GRAPHICS	0x967278682CB6967A		x:number,y:number,z:number,p3:number	
AddPickupToInteriorRoomByName	c	INTERIOR	0x3F6167F351168730		pickup:Pickup,roomName:string	
AddPointToGpsCustomRoute	c	HUD	0x311438A071DD9B1A		x:number,y:number,z:number	
AddPointToGpsMultiRoute	c	HUD	0xA905192A6781C41B		x:number,y:number,z:number	
AddPoliceRestart	c	MISC	0x452736765B31FC4B	any	p0:number,p1:number,p2:number,p3:number,p4:any	
AddPopMultiplierArea	c	MISC	0x67F6413D3220E18D	integer	x1:number,y1:number,z1:number,x2:number,y2:number,z2:number,p6:number,p7:number,p8:boolean	
AddPopMultiplierSphere	c	MISC	0x32C7A7E8C43A1F80	integer	x:number,y:number,z:number,radius:number,pedMultiplier:number,vehicleMultiplier:number,p6:boolean,p7:boolean	
AddRelationshipGroup	c	PED	0xF372BC22FCB88606	any,Hash	name:string,groupHash?:Hash	
AddReplaceTexture	c	CFX	0xA66F8F75		origTxd:string,origTxn:string,newTxd:string,newTxn:string	
AddReplayStatValue	c	MISC	0x69FE6DC87BD2A5E9		value:any	
AddRoadNodeSpeedZone	c	VEHICLE	0x2CE544C68FB812A0	integer	x:number,y:number,z:number,radius:number,speed:number,p5:boolean	
AddRope	c	PHYSICS	0xE832D760399EB220	integer,integer	x:number,y:number,z:number,rotX:number,rotY:number,rotZ:number,maxLength:number,ropeType:integer,initLength:number,minLength:number,lengthChangeRate:number,onlyPPU:boolean,collisionOn:boolean,lockFromFront:boolean,timeMultiplier:number,breakable:boolean,unkPtr?:integer	
AddScenarioBlockingArea	c	PED	0x1B5C85C612E5256E	integer	posMinX:number,posMinY:number,posMinZ:number,posMaxX:number,posMaxY:number,posMaxZ:number,network:boolean,cancelActive:boolean,blockPeds:boolean,blockVehicles:boolean	
AddScriptToRandomPed	c	BRAIN	0x4EE5367468A65CCC		name:string,model:Hash,p2:number,p3:number	
AddShockingEventAtPosition	c	EVENT	0xD9F8455409B525E9	ScrHandle	eventType:integer,x:number,y:number,z:number,duration:number	
AddShockingEventForEntity	c	EVENT	0x7FD8F3BE76F89422	ScrHandle	eventType:integer,entity:Entity,duration:number	
AddSpecfxExplosion	c	FIRE	0x36DD3FE58B5E5212		x:number,y:number,z:number,explosionType:integer,explosionFx:Hash,damageScale:number,isAudible:boolean,isInvisible:boolean,cameraShake:number	AddExplosionWithUserVfx
AddSpeedZoneForCoord	c	VEHICLE	0x2CE544C68FB812A0	integer	x:number,y:number,z:number,radius:number,speed:number,p5:boolean	AddRoadNodeSpeedZone
AddStateBagChangeHandler	b	CFX	0x5BA35AAF	integer	keyFilter:string,bagFilter:string,handler:function	
AddStuntJump	c	MISC	0x1A992DA297A4630C	integer	x1:number,y1:number,z1:number,x2:number,y2:number,z2:number,x3:number,y3:number,z3:number,x4:number,y4:number,z4:number,camX:number,camY:number,camZ:number,unk1:integer,unk2:integer,unk3:integer	
AddStuntJumpAngled	c	MISC	0xBBE5D803A5360CBF	integer	x1:number,y1:number,z1:number,x2:number,y2:number,z2:number,radius1:number,x3:number,y3:number,z3:number,x4:number,y4:number,z4:number,radius2:number,camX:number,camY:number,camZ:number,unk1:integer,unk2:integer,unk3:integer	
AddTacticalAnalysisPoint	c	MISC	0xB8721407EE9C3FF6		x:number,y:number,z:number	
AddTcmodifierOverride	c	GRAPHICS	0x1A8E2C8B9CF4549C		modifierName1:string,modifierName2:string	
AddTextComponentAppTitle	c	HUD	0x761B77454205A61D		p0:string,p1:integer	AddTextComponentSubstringPhoneNumber
AddTextComponentFloat	c	HUD	0xE7DCB5B874BCD96E		value:number,decimalPlaces:integer	
AddTextComponentFormattedInteger	c	HUD	0x0E4C749FF9DE9CC4		value:integer,commaSeparated:boolean	
AddTextComponentInteger	c	HUD	0x03B504CF259931BC		value:integer	
AddTextComponentItemString	c	HUD	0xC63CD5D2920ACBE7		labelName:string	AddTextComponentSubstringTextLabel
AddTextComponentScaleform	c	HUD	0x5F68520888E69014		string:string	AddTextComponentSubstringKeyboardDisplay
AddTextComponentString	c	HUD	0x6C188BE134E074AA		text:string	AddTextComponentSubstringPlayerName
AddTextComponentString2	c	HUD	0x94CF4AC034C9C986		website:string	AddTextComponentSubstringWebsite
AddTextComponentString3	c	HUD	0x5F68520888E69014		string:string	AddTextComponentSubstringKeyboardDisplay
AddTextComponentSubstringBlipName	c	HUD	0x80EAD8E2E1D5D52E		blip:Blip	
AddTextComponentSubstringKeyboardDisplay	c	HUD	0x5F68520888E69014		string:string	
AddTextComponentSubstringPhoneNumber	c	HUD	0x761B77454205A61D		p0:string,p1:integer	
AddTextComponentSubstringPlayerName	c	HUD	0x6C188BE134E074AA		text:string	
AddTextComponentSubstringTextLabel	c	HUD	0xC63CD5D2920ACBE7		labelName:string	
AddTextComponentSubstringTextLabelHashKey	c	HUD	0x17299B63C7683A2B		gxtEntryHash:Hash	
AddTextComponentSubstringTime	c	HUD	0x1115F16B8AB9E8BF		timestamp:integer,format:integer	
AddTextComponentSubstringWebsite	c	HUD	0x94CF4AC034C9C986		website:string	
AddTextEntry	c	CFX	0x32CA01C3		entryKey:string,entryText:string	
AddTextEntryByHash	c	CFX	0x289DA860		entryKey:Hash,entryText:string	
AddToClockTime	c	CLOCK	0xD716F30D8C8980E2		hours:integer,minutes:integer,seconds:integer	
AddToItemset	c	ITEMSET	0xE3945201F14637DD	boolean	p0:any,p1:any	
AddTrevorRandomModifier	c	HUD	0x595B5178E412E199	boolean	gamerTagId:integer	IsMpGamerTagFree
AddVehicleCombatAngledAvoidanceArea	c	VEHICLE	0x54B0F614960F4A5F	any	p0:number,p1:number,p2:number,p3:number,p4:number,p5:number,p6:number	
AddVehicleCombatAvoidanceArea	c	VEHICLE	0x54B0F614960F4A5F	any	p0:number,p1:number,p2:number,p3:number,p4:number,p5:number,p6:number	AddVehicleCombatAngledAvoidanceArea
AddVehicleCrewEmblem	c	GRAPHICS	0x428BDCB9DA58DA53	boolean	vehicle:Vehicle,ped:Ped,boneIndex:integer,x1:number,x2:number,x3:number,y1:number,y2:number,y3:number,z1:number,z2:number,z3:number,scale:number,p13:any,alpha:integer	
AddVehiclePhoneExplosiveDevice	c	VEHICLE	0x99AD4CCCB128CBC9		vehicle:Vehicle	
AddVehicleStuckCheckWithWarp	c	VEHICLE	0x2FA9923062DD396C		p0:any,p1:number,p2:any,p3:boolean,p4:boolean,p5:boolean,p6:any	
AddVehicleSubtaskAttackCoord	c	TASK	0x5CF0D8F9BBA0DD75		ped:Ped,x:number,y:number,z:number	
AddVehicleSubtaskAttackPed	c	TASK	0x85F462BADC7DA47F		ped:Ped,ped2:Ped	
AddVehicleUpsidedownCheck	c	VEHICLE	0xB72E26D81006005B		vehicle:Vehicle	
AdjustNextPosSizeAsNormalized_16_9	c	GRAPHICS	0xEFABC7722293DA7C			
AdvanceClockTimeTo	c	CLOCK	0xC8CA9670B9D83B3B		hour:integer,minute:integer,second:integer	
AllowAmbientVehiclesToAvoidAdverseConditions	c	VEHICLE	0xB264C4D2F2B0A78B		vehicle:Vehicle	
AllowDisplayOfMultiplayerCashText	c	HUD	0xE67C6DFD386EA5E7		allow:boolean	
AllowMissionCreatorWarp	c	MISC	0xDEA36202FC3382DF		toggle:boolean	
AllowPauseMenuWhenDeadThisFrame	c	HUD	0xCC3FDDED67BCFC63			
AllowPlayerSwitchAscent	c	STREAMING	0x8E2A065ABDAE6994			
AllowPlayerSwitchDescent	c	STREAMING	0xAD5FDF34B81BFE79			
AllowPlayerSwitchOutro	c	STREAMING	0x74DE2E8739086740			
AllowPlayerSwitchPan	c	STREAMING	0x43D1680C6D19A8E9			
AllowSonarBlips	c	HUD	0x60734CC207C9833C		toggle:boolean	
AnimateGameplayCamZoom	c	CAM	0xDF2E1F7742402E81		p0:number,distance:number	
AnimatedShakeCam	c	CAM	0xA2746EEAE3E577CD		cam:Cam,p1:string,p2:string,p3:string,amplitude:number	
AnimatedShakeScriptGlobal	c	CAM	0xC2EAE3FB8CDBED31		p0:string,p1:string,p2:string,p3:number	
AnimpostfxGetUnk	c	GRAPHICS	0xE35B38A27E8E7179	number	effectName:string	
AnimpostfxIsRunning	c	GRAPHICS	0x36AD3E690DA5ACEB	boolean	effectName:string	
AnimpostfxPlay	c	GRAPHICS	0x2206BF9A37B7F724		effectName:string,duration:integer,looped:boolean	
AnimpostfxStop	c	GRAPHICS	0x068E835A1D0DC0E3		effectName:string	
AnimpostfxStopAll	c	GRAPHICS	0xB4EDDC19532BFB85			
AnimpostfxStopAndDoUnk	c	GRAPHICS	0xD2209BE128B5418C		effectName:string	
AnyPassengersRappeling	c	VEHICLE	0x291E373D483E7EE7	boolean	vehicle:Vehicle	IsAnyPedRappellingFromHeli
AppClearBlock	c	APP	0x5FE1DF3342DB7DBA			
AppCloseApp	c	APP	0xE41C65E07A5F05FC			
AppCloseBlock	c	APP	0xE8E3FCF72EAC0EF8			
AppDataValid	c	APP	0x846AA8E7D55EE5B6	boolean		
AppDeleteAppData	c	APP	0x44151AEA95C8A003	boolean	appName:string	
AppGetDeletedFileStatus	c	APP	0xC9853A2BE3DED1A6	integer		
AppGetFloat	c	APP	0x1514FB24C02C2322	number	property:string	
AppGetInt	c	APP	0xD3A58A12C77D9D4B	integer	property:string	
AppGetString	c	APP	0x749B023950D2311C	string	property:string	
AppHasLinkedSocialClubAccount	c	APP	0x71EEE69745088DA0	boolean		
AppHasSyncedData	c	APP	0xCA52279A7271517F	boolean	appName:string	
AppSaveData	c	APP	0x95C5D356CDA6E85F			
AppSetApp	c	APP	0xCFD0406ADAF90D2B		appName:string	
AppSetBlock	c	APP	0x262AB456A3D21F93		blockName:string	
AppSetFloat	c	APP	0x25D7687C68E0DAA4		property:string,value:number	
AppSetInt	c	APP	0x607E8E3D3E4F9611		property:string,value:integer	
AppSetString	c	APP	0x3FF2FCEC4B7721B4		property:string,value:string	
ApplyDamageToPed	c	PED	0x697157CED63F18D4		ped:Ped,damageAmount:integer,armorFirst:boolean	
ApplyForceToEntity	b	ENTITY	0xC5F68BE9613E2D18		entity:Entity,forceType:integer,x:number,y:number,z:number,offX:number,offY:number,offZ:number,nComponent:integer,bLocalForce:boolean,bLocalOffset:boolean,bScaleByMass:boolean,bPlayAudio:boolean,bScaleByTimeWarp:boolean	
ApplyForceToEntityCenterOfMass	c	ENTITY	0x18FF00FC7EFF559E		entity:Entity,forceType:integer,x:number,y:number,z:number,nComponent:integer,bLocalForce:boolean,bScaleByMass:boolean,bApplyToChildren:boolean	
ApplyImpulseToCloth	c	PHYSICS	0xE37F721824571784		posX:number,posY:number,posZ:number,vecX:number,vecY:number,vecZ:number,impulse:number	
ApplyPedBlood	c	PED	0x83F7E01C7B769A26		ped:Ped,boneIndex:integer,xRot:number,yRot:number,zRot:number,woundType:string	
ApplyPedBloodByZone	c	PED	0x3311E47B91EDCBBC	integer	ped:Ped,p1:any,p2:number,p3:number,p4?:integer	
ApplyPedBloodDamageByZone	c	PED	0x816F6981C60BF53B		ped:Ped,p1:any,p2:number,p3:number,p4:any	
ApplyPedBloodSpecific	c	PED	0xEF0D582CBF2D9B0F		ped:Ped,component:integer,u:number,v:number,rotation:number,scale:number,forcedFrame:integer,preAge:number,bloodName:string	
ApplyPedDamageDecal	c	PED	0x397C38AA7B4A5F83		ped:Ped,damageZone:integer,xOffset:number,yOffset:number,heading:number,scale:number,alpha:number,variation:integer,fadeIn:boolean,decalName:string	
ApplyPedDamagePack	c	PED	0x46DF918788CB093F		ped:Ped,damagePack:string,damage:number,mult:number	
ApplyPedOverlay	b	PED	0x5F5D1665E352A839		ped:Ped,collection:Hash,overlay:Hash	AddPedDecorationFromHashes
ApplyWeatherCycles	c	CFX	0x3422291C	boolean	numEntries:integer,msPerCycle:integer	
AreAllNavmeshRegionsLoaded	c	PATHFIND	0x8415D95B194A3AEA	boolean		
AreAllVehicleWindowsIntact	c	VEHICLE	0x11D862A3E977A9EF	boolean	vehicle:Vehicle	
AreAnyVehicleSeatsFree	c	VEHICLE	0x2D34FC3BC4ADB780	boolean	vehicle:Vehicle	
AreBombBayDoorsOpen	c	VEHICLE	0xD0917A423314BBA8	boolean	aircraft:Vehicle	
AreCoordsCollidingWithExterior	c	INTERIOR	0xEEA5AC2EDA7C33E8	boolean	x:number,y:number,z:number	IsCollisionMarkedOutside
AreEntitiesEntirelyInsideGarage	c	OBJECT	0x85B6C850546FDDE2	boolean	garageHash:Hash,p1:boolean,p2:boolean,p3:boolean,p4:any	
AreHeliStubWingsDeployed	c	VEHICLE	0xAEF12960FA943792	boolean	vehicle:Vehicle	
AreIntegersEqual	c	NETWORK	0xF5BC95857BD6D512	boolean	timeA:integer,timeB:integer	IsTimeEqualTo
AreNodesLoadedForArea	c	PATHFIND	0xF7B79A50B905A30D	boolean	x1:number,y1:number,x2:number,y2:number	
AreOutriggerLegsDeployed	c	VEHICLE	0x3A9128352EAC9E85	boolean	vehicle:Vehicle	
ArePathNodesLoadedInArea	c	PATHFIND	0xF7B79A50B905A30D	boolean	x1:number,y1:number,x2:number,y2:number	AreNodesLoadedForArea
ArePlaneControlPanelsIntact	c	VEHICLE	0xF78F94D60248C737	boolean	vehicle:Vehicle,checkForZeroHealth:boolean	
ArePlanePropellersIntact	c	VEHICLE	0x755D6D5267CBBD7E	boolean	plane:Vehicle	
ArePlaneWingsIntact	c	VEHICLE	0x5991A01434CE9677	boolean	plane:Vehicle	
ArePlayerFlashingStarsAboutToDrop	c	PLAYER	0xAFAF86043E5874E9	boolean	player:Player	
ArePlayerStarsGreyedOut	c	PLAYER	0x0A6EB355EE14A2DB	boolean	player:Player	
AreProfileSettingsValid	c	MISC	0x5AA3BEFA29F03AD4	boolean		
ArePropellersUndamaged	c	VEHICLE	0x755D6D5267CBBD7E	boolean	plane:Vehicle	ArePlanePropellersIntact
AreStringsEqual	c	MISC	0x0C515FAB3FF9EA92	boolean	string1:string,string2:string	
AreVehicleWingsIntact	c	VEHICLE	0x5991A01434CE9677	boolean	plane:Vehicle	ArePlaneWingsIntact
ArrayValueAddBoolean	c	DATAFILE	0xF8B0F5A43E928C76	integer	value:boolean	DataarrayAddBool
ArrayValueAddFloat	c	DATAFILE	0x57A995FD75D37F56	integer	value:number	DataarrayAddFloat
ArrayValueAddInteger	c	DATAFILE	0xCABDB751D86FE93B	integer	value:integer	DataarrayAddInt
ArrayValueAddObject	c	DATAFILE	0x6889498B3E19C797	any,integer	arrayData?:integer	DataarrayAddDict
ArrayValueAddString	c	DATAFILE	0x2F0661C155AEEEAA	integer	value:string	DataarrayAddString
ArrayValueAddVector3	c	DATAFILE	0x407F8D034F70F0C2	integer	valueX:number,valueY:number,valueZ:number	DataarrayAddVector
ArrayValueGetBoolean	c	DATAFILE	0x50C1B2874E50C114	boolean,integer	arrayIndex:integer	DataarrayGetBool
ArrayValueGetFloat	c	DATAFILE	0xC0C527B525D7CFB5	number,integer	arrayIndex:integer	DataarrayGetFloat
ArrayValueGetInteger	c	DATAFILE	0x3E5AE19425CD74BE	integer,integer	arrayIndex:integer	DataarrayGetInt
ArrayValueGetObject	c	DATAFILE	0x8B5FADCC4E3A145F	any,integer	arrayIndex:integer	DataarrayGetDict
ArrayValueGetSize	c	DATAFILE	0x065DB281590CEA2D	integer,integer	arrayData?:integer	DataarrayGetCount
ArrayValueGetString	c	DATAFILE	0xD3F2FFEB8D836F52	string,integer	arrayIndex:integer	DataarrayGetString
ArrayValueGetType	c	DATAFILE	0x3A0014ADB172A3C5	integer,integer	arrayIndex:integer	DataarrayGetType
ArrayValueGetVector3	c	DATAFILE	0x8D2064E5B64A628A	vector3,integer	arrayIndex:integer	DataarrayGetVector
Asin	c	MISC	0xC843060B5765DCE7	number	value:number	
AssignPlayerToPed	c	PED	0xE952D6431689AD9A		ped:Ped,targetPed:Ped	ClonePedToTarget
AssistedMovementCloseRoute	c	PLAYER	0xAEBF081FFC0A0E5E			
AssistedMovementFlushRoute	c	PLAYER	0x8621390F0CDCFE1F			
AssistedMovementIsRouteLoaded	c	TASK	0x60F9A4393A21F741	boolean	route:string	
AssistedMovementOverrideLoadDistanceThisFrame	c	TASK	0x13945951E16EF912		dist:number	
AssistedMovementRemoveRoute	c	TASK	0x3548536485DD792B		route:string	
AssistedMovementRequestRoute	c	TASK	0x817268968605947A		route:string	
AssistedMovementSetRouteProperties	c	TASK	0xD5002D78B7162E1B		route:string,props:integer	
Atan	c	MISC	0xA9D1795CD5043663	number	p0:number	
Atan2	c	MISC	0x8927CBF9D22261A4	number	p0:number,p1:number	
AttachCamToEntity	c	CAM	0xFEDB7D269E8C60E3		cam:Cam,entity:Entity,xOffset:number,yOffset:number,zOffset:number,isRelative:boolean	
AttachCamToPedBone	c	CAM	0x61A3DBA14AB7F411		cam:Cam,ped:Ped,boneIndex:integer,xOffset:number,yOffset:number,zOffset:number,isRelative:boolean	
AttachCamToPedBone_2	c	CAM	0x149916F50C34A40D		cam:Cam,ped:Ped,boneIndex:integer,xRot:number,yRot:number,zRot:number,xOffset:number,yOffset:number,zOffset:number,isRelative:boolean	HardAttachCamToPedBone
AttachCamToVehicleBone	c	CAM	0x8DB3F12A02CAEF72		cam:Cam,vehicle:Vehicle,boneIndex:integer,relativeRotation:boolean,rotX:number,rotY:number,rotZ:number,offX:number,offY:number,offZ:number,fixedDirection:boolean	
AttachContainerToHandlerFrame	c	VEHICLE	0x6A98C2ECF57FA5D4		handler:Vehicle,container:Entity	
AttachEntitiesToRope	c	PHYSICS	0x3D95EC8B6D940AC3		ropeId:integer,ent1:Entity,ent2:Entity,ent1_x:number,ent1_y:number,ent1_z:number,ent2_x:number,ent2_y:number,ent2_z:number,length:number,p10:boolean,p11:boolean,boneName1:string,boneName2:string	
AttachEntityBoneToEntityBone	c	ENTITY	0x5C48B75732C8456C		entity1:Entity,entity2:Entity,entityBone:integer,entityBone2:integer,p4:boolean,p5:boolean	
AttachEntityBoneToEntityBonePhysically	c	ENTITY	0xFD1695C5D3B05439		entity1:Entity,entity2:Entity,entityBone:integer,entityBone2:integer,p4:boolean,p5:boolean	
AttachEntityToCargobob	c	VEHICLE	0xA1DD82F3CCF9A01E		vehicle:Vehicle,entity:Entity,p2:integer,x:number,y:number,z:number	
AttachEntityToEntity	c	ENTITY	0x6B9BBD38AB0796DF		entity1:Entity,entity2:Entity,boneIndex:integer,xPos:number,yPos:number,zPos:number,xRot:number,yRot:number,zRot:number,p9:boolean,useSoftPinning:boolean,collision:boolean,isPed:boolean,rotationOrder:integer,syncRot:boolean	
AttachEntityToEntityPhysically	c	ENTITY	0xC3675780C92F90F9		entity1:Entity,entity2:Entity,boneIndex1:integer,boneIndex2:integer,xPos1:number,yPos1:number,zPos1:number,xPos2:number,yPos2:number,zPos2:number,xRot:number,yRot:number,zRot:number,breakForce:number,fixedRot:boolean,p15:boolean,collision:boolean,teleport:boolean,p18:integer	
AttachPortablePickupToPed	c	OBJECT	0x8DC39368BDD57755		pickupObject:Object,ped:Ped	
AttachRopeToEntity	c	PHYSICS	0x4B490A6832559A65		ropeId:integer,entity:Entity,x:number,y:number,z:number,p5:boolean	
AttachSynchronizedSceneToEntity	c	PED	0x272E4723B56A3B96		sceneID:integer,entity:Entity,boneIndex:integer	
AttachTvAudioToEntity	c	GRAPHICS	0x845BAD77CC770633		entity:Entity	
AttachVehicleOnToTrailer	c	VEHICLE	0x16B5E274BDE402F8		vehicle:Vehicle,trailer:Vehicle,offsetX:number,offsetY:number,offsetZ:number,coordsX:number,coordsY:number,coordsZ:number,rotationX:number,rotationY:number,rotationZ:number,disableColls:number	
AttachVehicleToCargobob	c	VEHICLE	0x4127F1D84E347769		cargobob:Vehicle,vehicle:Vehicle,vehicleBoneIndex:integer,x:number,y:number,z:number	
AttachVehicleToTowTruck	c	VEHICLE	0x29A16F8D621C4508		towTruck:Vehicle,vehicle:Vehicle,rear:boolean,hookOffsetX:number,hookOffsetY:number,hookOffsetZ:number	
AttachVehicleToTrailer	c	VEHICLE	0x3C7D42D58F770B54		vehicle:Vehicle,trailer:Vehicle,radius:number	
AudioIsScriptedMusicPlaying	c	AUDIO	0x845FFC3A4FEEFA3E	boolean		
BadSportPlayerLeftDetected	c	NETWORK	0xEC5E3AF5289DCA81	boolean,integer	event:integer,amountReceived:integer	
BeginEnumeratingThreads	c	SCRIPT	0xDADFADA5A20143A8			ScriptThreadIteratorReset
BeginReplayStats	c	MISC	0xE0E500246FF73D66		p0:any,p1:any	
BeginScaleformMovieMethod	c	GRAPHICS	0xF6E48914C7A8694E	boolean	scaleform:integer,methodName:string	
BeginScaleformMovieMethodHudComponent	c	GRAPHICS	0x98C494FD5BDFBFD5	boolean	hudComponent:integer,methodName:string	BeginScaleformScriptHudMovieMethod
BeginScaleformMovieMethodN	c	GRAPHICS	0xAB58C27C2E6123C6	boolean	functionName:string	BeginScaleformMovieMethodOnFrontend
BeginScaleformMovieMethodOnFrontend	c	GRAPHICS	0xAB58C27C2E6123C6	boolean	functionName:string	
BeginScaleformMovieMethodOnFrontendHeader	c	GRAPHICS	0xB9449845F73F5E9C	boolean	functionName:string	
BeginScaleformMovieMethodV	c	GRAPHICS	0xB9449845F73F5E9C	boolean	functionName:string	BeginScaleformMovieMethodOnFrontendHeader
BeginScaleformScriptHudMovieMethod	c	GRAPHICS	0x98C494FD5BDFBFD5	boolean	hudComponent:integer,methodName:string	
BeginSrl	c	STREAMING	0x9BADDC94EF83B823			
BeginTakeHighQualityPhoto	c	GRAPHICS	0xA67C35C56EB1BD9D	boolean		
BeginTakeMissionCreatorPhoto	c	GRAPHICS	0x1DD2139A9A20DCE8	boolean		
BeginTextCommandBusyString	c	HUD	0xABA17D7CE615ADBF		string:string	BeginTextCommandBusyspinnerOn
BeginTextCommandBusyspinnerOn	c	HUD	0xABA17D7CE615ADBF		string:string	
BeginTextCommandClearPrint	c	HUD	0xE124FA80A759019C		text:string	
BeginTextCommandDisplayHelp	c	HUD	0x8509B634FBE7DA11		inputType:string	
BeginTextCommandDisplayText	c	HUD	0x25FBB336DF1804CB		text:string	
BeginTextCommandGetWidth	c	HUD	0x54CE8AC98E120CAB		text:string	
BeginTextCommandIsMessageDisplayed	c	HUD	0x853648FD1063A213		text:string	
BeginTextCommandIsThisHelpMessageBeingDisplayed	c	HUD	0x0A24DA3A41B718F5		labelName:string	
BeginTextCommandLineCount	c	HUD	0x521FB041D93DD0E4		entry:string	
BeginTextCommandObjective	c	HUD	0x23D69E0465570028		p0:string	
BeginTextCommandOverrideButtonText	c	HUD	0x8F9EE5687F8EECCD		gxtEntry:string	
BeginTextCommandPrint	c	HUD	0xB87A37EEB7FAA67D		GxtEntry:string	
BeginTextCommandScaleformString	c	GRAPHICS	0x80338406F3475E55		textLabel:string	
BeginTextCommandSetBlipName	c	HUD	0xF9113A30DE5C6670		textLabel:string	
BeginTextCommandThefeedPost	c	HUD	0x202709F4C58A0424		text:string	
BeginTextCommandTimer	c	HUD	0x8F9EE5687F8EECCD		gxtEntry:string	BeginTextCommandOverrideButtonText
BeginTextCommandWidth	c	HUD	0x54CE8AC98E120CAB		text:string	BeginTextCommandGetWidth
BeginTextComponent	c	GRAPHICS	0x80338406F3475E55		textLabel:string	BeginTextCommandScaleformString
BgEndContext	c	SCRIPT	0xDC2BACD920D0A0DD		contextName:string	
BgEndContextHash	c	SCRIPT	0x107E5CC7CA942BC1		contextHash:Hash	
BgStartContext	c	SCRIPT	0x9D5A25BADB742ACD		contextName:string	
BgStartContextHash	c	SCRIPT	0x75B18E49607874C7		contextHash:Hash	
BlipSiren	c	AUDIO	0x1B9025BDA76822B6		vehicle:Vehicle	
BlockAllSpeechFromPed	c	AUDIO	0xF8AD2EED7C47E8FE		ped:Ped,shouldBlock:boolean,suppressOutgoingNetworkSpeech:boolean	
BlockDeathJingle	c	AUDIO	0xF154B8D1775B2DEC		blocked:boolean	
BlockDecisionMakerEvent	c	EVENT	0xE42FCDFD0E4196F7		name:Hash,eventType:integer	
BlockDispatchServiceResourceCreation	c	MISC	0x9B2BD3773123EA2F		dispatchService:integer,toggle:boolean	
BlockPedDeadBodyShockingEvents	c	PED	0xE43A13C9E4CCCBCF		ped:Ped,toggle:boolean	
BlockSpeechContextGroup	c	AUDIO	0xA8A7D434AFB4B97B		groupName:string,contextBlockTarget:integer	
BlockWeaponWheelThisFrame	c	HUD	0x0AFC4AF510774B47			HudWeaponWheelIgnoreSelection
BreakEntityGlass	c	PHYSICS	0x2E648D16F6E308F3		entity:Entity,p1:number,p2:number,p3:number,p4:number,p5:number,p6:number,p7:number,p8:number,p9:any,p10:boolean	
BreakObjectFragmentChild	c	OBJECT	0xE7E4C198B0185900		p0:Object,p1:any,p2:boolean	
BreakOffVehicleWheel	c	CFX	0xA274CADB		vehicle:Vehicle,wheelIndex:integer,leaveDebrisTrail:boolean,deleteWheel:boolean,unknownFlag:boolean,putOnFire:boolean	
BringVehicleToHalt	c	VEHICLE	0x260BE8F09E326A20		vehicle:Vehicle,distance:number,duration:integer,bControlVerticalVelocity:boolean	
BusyspinnerIsDisplaying	c	HUD	0xB2A592B04648A9CB	boolean		
BusyspinnerIsOn	c	HUD	0xD422FCC5F239A915	boolean		
BusyspinnerOff	c	HUD	0x10D373323E5B9C0D			
CalculateTravelDistanceBetweenPoints	c	PATHFIND	0xADD95C7005C4A197	number	x1:number,y1:number,z1:number,x2:number,y2:number,z2:number	
CallMinimapScaleformFunction	c	CFX	0x4C89C0ED	boolean	miniMap:integer,fnName:string	
CallScaleformMovieFunctionFloatParams	c	GRAPHICS	0xD0837058AE2E4BEE		scaleform:integer,methodName:string,param1:number,param2:number,param3:number,param4:number,param5:number	CallScaleformMovieMethodWithNumber
CallScaleformMovieFunctionMixedParams	c	GRAPHICS	0xEF662D8D57E290B1		scaleform:integer,methodName:string,floatParam1:number,floatParam2:number,floatParam3:number,floatParam4:number,floatParam5:number,stringParam1:string,stringParam2:string,stringParam3:string,stringParam4:string,stringParam5:string	CallScaleformMovieMethodWithNumberAndString
CallScaleformMovieFunctionStringParams	c	GRAPHICS	0x51BC1ED3CC44E8F7		scaleform:integer,methodName:string,param1:string,param2:string,param3:string,param4:string,param5:string	CallScaleformMovieMethodWithString
CallScaleformMovieFunctionVoid	c	GRAPHICS	0xFBD96D87AC96D533		scaleform:integer,method:string	CallScaleformMovieMethod
CallScaleformMovieMethod	c	GRAPHICS	0xFBD96D87AC96D533		scaleform:integer,method:string	
CallScaleformMovieMethodWithNumber	c	GRAPHICS	0xD0837058AE2E4BEE		scaleform:integer,methodName:string,param1:number,param2:number,param3:number,param4:number,param5:number	
CallScaleformMovieMethodWithNumberAndString	c	GRAPHICS	0xEF662D8D57E290B1		scaleform:integer,methodName:string,floatParam1:number,floatParam2:number,floatParam3:number,floatParam4:number,floatParam5:number,stringParam1:string,stringParam2:string,stringParam3:string,stringParam4:string,stringParam5:string	
CallScaleformMovieMethodWithString	c	GRAPHICS	0x51BC1ED3CC44E8F7		scaleform:integer,methodName:string,param1:string,param2:string,param3:string,param4:string,param5:string	
CanAnchorBoatHere	c	VEHICLE	0x26C10ECBDA5D043B	boolean	boat:Vehicle	
CanAnchorBoatHereIgnorePlayers	c	VEHICLE	0x24F4121D07579880	boolean	boat:Vehicle	
CanAnchorBoatHere_2	c	VEHICLE	0x24F4121D07579880	boolean	boat:Vehicle	CanAnchorBoatHereIgnorePlayers
CanBoatBeAnchored	c	VEHICLE	0x26C10ECBDA5D043B	boolean	boat:Vehicle	CanAnchorBoatHere
CanBoatBeAnchored_2	c	VEHICLE	0x24F4121D07579880	boolean	boat:Vehicle	CanAnchorBoatHereIgnorePlayers
CanCargobobPickUpEntity	c	VEHICLE	0x2C1D8B3B19E517CC	boolean	cargobob:Vehicle,entity:Entity	
CanCreateRandomBikeRider	c	PED	0xEACEEDA81751915C	boolean		
CanCreateRandomCops	c	PED	0x5EE2CAFF7F17770D	boolean		
CanCreateRandomDriver	c	PED	0xB8EB95E5B4E56978	boolean		
CanCreateRandomPed	c	PED	0x3E8349C08E4B82E4	boolean	unk:boolean	
CanKnockPedOffVehicle	c	PED	0x51AC07A44D4F5B8A	boolean	ped:Ped	
CanPayGoon	c	MONEY	0x9777734DAD16992F	boolean		
CanPedHearPlayer	c	PLAYER	0xF297383AA91DCA29	boolean	player:Player,ped:Ped	
CanPedInCombatSeeTarget	c	PED	0xEAD42DE3610D0721	boolean	ped:Ped,target:Ped	
CanPedRagdoll	c	PED	0x128F79EDCECE4FD5	boolean	ped:Ped	
CanPedSeeHatedPed	c	PED	0x6CD5A433374D4CFB	boolean	ped1:Ped,ped2:Ped	
CanPedSeePed	c	PED	0x6CD5A433374D4CFB	boolean	ped1:Ped,ped2:Ped	CanPedSeeHatedPed
CanPedSpeak	c	AUDIO	0x49B99BF3FDA89A7A	boolean	ped:Ped,speechName:string,allowBackupPVGs:boolean	DoesContextExistForThisPed
CanPhoneBeSeenOnScreen	c	MOBILE	0xC4E2813898C97A4B	boolean		
CanPlayOnline	c	NETWORK	0x5F91D5D0B36AA310	boolean		NetworkHaveRosMultiplayerPriv
CanPlayerStartCommerceSession	s	CFX	0x429461C3	boolean	playerSrc:string	
CanPlayerStartMission	c	PLAYER	0xDE7465A27D403C06	boolean	player:Player	
CanRegisterMissionEntities	c	NETWORK	0x69778E7564BADE6D	boolean	ped_amt:integer,vehicle_amt:integer,object_amt:integer,pickup_amt:integer	
CanRegisterMissionObjects	c	NETWORK	0x800DD4721A8B008B	boolean	amount:integer	
CanRegisterMissionPeds	c	NETWORK	0xBCBF4FEF9FA5D781	boolean	amount:integer	
CanRegisterMissionPickups	c	NETWORK	0x0A49D1CB6E34AF72	boolean	amount:integer	
CanRegisterMissionVehicles	c	NETWORK	0x7277F1F2E085EE74	boolean	amount:integer	
CanRequestAssetsForCutsceneEntity	c	CUTSCENE	0xB56BBBCC2955D9CB	boolean		
CanSetEnterStateForRegisteredEntity	c	CUTSCENE	0x645D0B458D8E17B5	boolean	cutsceneEntName:string,modelHash:Hash	
CanSetExitStateForCamera	c	CUTSCENE	0xB2CBCD0930DFB420	boolean	p0:boolean	
CanSetExitStateForRegisteredEntity	c	CUTSCENE	0x4C6A6451C79E4662	boolean	cutsceneEntName:string,modelHash:Hash	
CanShuffleSeat	c	VEHICLE	0x30785D90C956BF35	boolean	vehicle:Vehicle,seatIndex:integer	
CanUseWeaponOnParachute	c	WEAPON	0xBC7BE5ABC0879F74	boolean	weaponHash:Hash	
CanVehicleParachuteBeActivated	c	VEHICLE	0xA916396DF4154EE3	boolean	vehicle:Vehicle	GetVehicleCanActivateParachute
CanVehicleReceiveCbRadio	c	AUDIO	0x032A116663A4D5AC	boolean	vehicle:Vehicle	
CancelAllPoliceReports	c	AUDIO	0xB4F90FAF7670B16F			
CancelCurrentPoliceReport	c	AUDIO	0xB4F90FAF7670B16F			CancelAllPoliceReports
CancelEvent	b	CFX	0xFA29D35D			
CancelMusicEvent	c	AUDIO	0x5B17A90291133DA5	boolean	eventName:string	
CancelOnscreenKeyboard	c	MISC	0x58A39BE597CE99CD			
CancelStuntJump	c	MISC	0xE6B7B0ACD4E4B75E			
CapInterior	c	INTERIOR	0xD9175F941610DB54		interiorID:integer,toggle:boolean	
CargobobMagnetGrabVehicle	c	VEHICLE	0x9A665550F8DA349B		cargobob:Vehicle,isActive:boolean	SetCargobobPickupMagnetActive
CascadeShadowsClearShadowSampleType	c	GRAPHICS	0x27CB772218215325			
CascadeShadowsEnableEntityTracker	c	GRAPHICS	0x80ECBC0C856D3B0B		toggle:boolean	
CascadeShadowsInitSession	c	GRAPHICS	0x03FC694AE06C5A20			
CascadeShadowsSetAircraftMode	c	GRAPHICS	0x6DDBF9DFFC4AC080		p0:boolean	
CascadeShadowsSetCascadeBounds	c	GRAPHICS	0xD2936CAB8B58FCBD		p0:any,p1:boolean,p2:number,p3:number,p4:number,p5:number,p6:boolean,p7:number	
CascadeShadowsSetCascadeBoundsScale	c	GRAPHICS	0x5F0F3F56635809EF		p0:number	
CascadeShadowsSetDynamicDepthMode	c	GRAPHICS	0xD39D13C9FEBF0511		p0:boolean	
CascadeShadowsSetDynamicDepthValue	c	GRAPHICS	0x02AC28F3A01FA04A		p0:number	
CascadeShadowsSetEntityTrackerScale	c	GRAPHICS	0x5E9DAF5A20F15908		p0:number	
CascadeShadowsSetShadowSampleType	c	GRAPHICS	0xB11D94BC55F41932		type:string	
CascadeshadowsResetType	c	GRAPHICS	0x27CB772218215325			CascadeShadowsClearShadowSampleType
CascadeshadowsSetType	c	GRAPHICS	0xB11D94BC55F41932		type:string	CascadeShadowsSetShadowSampleType
CastRayPointToPoint	c	SHAPETEST	0x377906D8A31E5586	integer	x1:number,y1:number,z1:number,x2:number,y2:number,z2:number,flags:integer,entity:Entity,p8:integer	StartExpensiveSynchronousShapeTestLosProbe
Cast_3dRayPointToPoint	c	SHAPETEST	0x28579D1B8F8AAC80	integer	x1:number,y1:number,z1:number,x2:number,y2:number,z2:number,radius:number,flags:integer,entity:Entity,p9:integer	StartShapeTestCapsule
Ceil	c	SYSTEM	0x11E019C8F43ACC8A	integer	value:number	
CellCamActivate	c	MOBILE	0xFDE8F069C542D126		active:boolean,bGoFirstPerson:boolean	
CellCamActivateSelfieMode	c	MOBILE	0x015C49A93E3E086E		toggle:boolean	
CellCamDisableThisFrame	c	MOBILE	0x015C49A93E3E086E		toggle:boolean	CellCamActivateSelfieMode
CellCamIsCharVisibleNoFaceCheck	c	MOBILE	0x439E9BC95B7E7FBE	boolean	entity:Entity	
CellCamMoveFinger	c	MOBILE	0x95C9E72F3D7DEC9B		direction:integer	
CellCamSetDistance	c	MOBILE	0x53F4892D18EC90A4		p0:number	
CellCamSetHeadHeight	c	MOBILE	0x466DA42C89865553		p0:number	
CellCamSetHeadPitch	c	MOBILE	0xD6ADE981781FCA09		p0:number	
CellCamSetHeadRoll	c	MOBILE	0xF1E22DC13F5EEBAD		p0:number	
CellCamSetHorizontalOffset	c	MOBILE	0x1B0B4AEED5B9B41C		p0:number	
CellCamSetLean	c	MOBILE	0x44E44169EF70138E		toggle:boolean	
CellCamSetRoll	c	MOBILE	0x15E69E2802C24B8D		p0:number	
CellCamSetVerticalOffset	c	MOBILE	0x3117D84EFA60F77B		p0:number	
CenterPlayerOnRadarThisFrame	c	HUD	0x6D14BFDC33B34F55			DontTiltMinimapThisFrame
ChangeFakeMpCash	c	HUD	0x0772DF77852C2E30		cash:integer,bank:integer	
ChangePlayerPed	c	PLAYER	0x048189FAC643DEEE		player:Player,ped:Ped,b2:boolean,resetDamage:boolean	
ClampGameplayCamPitch	c	CAM	0xA516C198B7DCA1E1		minimum:number,maximum:number	
ClampGameplayCamYaw	c	CAM	0x8F993D26E0CA5E8E		minimum:number,maximum:number	
CleanItemset	c	ITEMSET	0x41BC0D722FC04221		p0:any	
CleanupAsyncInstall	c	MISC	0xC79AE21974B01FB2			
ClearAdditionalText	c	HUD	0x2A179DF17CCF04CD		p0:integer,p1:boolean	
ClearAllBlipRoutes	c	HUD	0xD12882D3FF82BF11			
ClearAllBrokenGlass	c	AUDIO	0xB32209EFFDC04913			
ClearAllHelpMessages	c	HUD	0x6178F68A87A4D3A0			
ClearAllPedProps	c	PED	0xCD8A7537A9B52F06		ped:Ped	
ClearAllPedVehicleForcedSeatUsage	c	PED	0xE6CA85E7259CE16B		ped:Ped	
ClearAmbientZoneListState	c	AUDIO	0x120C48C614909FA4		zoneListName:string,forceUpdate:boolean	
ClearAmbientZoneState	c	AUDIO	0x218DD44AAAC964FF		zoneName:string,forceUpdate:boolean	
ClearAngledAreaOfVehicles	c	MISC	0x11DB3500F042A8AA		x1:number,y1:number,z1:number,x2:number,y2:number,z2:number,width:number,p7:boolean,p8:boolean,p9:boolean,p10:boolean,p11:boolean	
ClearArea	c	MISC	0xA56F01F3765B93A0		X:number,Y:number,Z:number,radius:number,p4:boolean,ignoreCopCars:boolean,ignoreObjects:boolean,p7:boolean	
ClearAreaLeaveVehicleHealth	c	MISC	0x957838AAF91BD12D		x:number,y:number,z:number,radius:number,p4:boolean,p5:boolean,p6:boolean,p7:boolean	
ClearAreaOfCops	c	MISC	0x04F8FC8FCF58F88D		x:number,y:number,z:number,radius:number,createNetEvent:boolean	
ClearAreaOfEverything	c	MISC	0x957838AAF91BD12D		x:number,y:number,z:number,radius:number,p4:boolean,p5:boolean,p6:boolean,p7:boolean	ClearAreaLeaveVehicleHealth
ClearAreaOfObjects	c	MISC	0xDD9B9B385AAC7F5B		x:number,y:number,z:number,radius:number,flags:integer	
ClearAreaOfPeds	c	MISC	0xBE31FD6CE464AC59		x:number,y:number,z:number,radius:number,createNetEvent:boolean	
ClearAreaOfProjectiles	c	MISC	0x0A1CB9094635D1A6		x:number,y:number,z:number,radius:number,createNetEvent:boolean	
ClearAreaOfVehicles	c	MISC	0x01C7B9B38428AEB6		x:number,y:number,z:number,radius:number,p4:boolean,p5:boolean,p6:boolean,p7:boolean,p8:boolean	
ClearBit	c	MISC	0xE80492A9AC099A93	integer	offset:integer	
ClearBrief	c	HUD	0x9D292F73ADBD9313			
ClearCloudHat	c	MISC	0x957E790EA1727B64			
ClearCustomRadioTrackList	c	AUDIO	0x1654F24A88A8E3FE		radioStation:string	
ClearDecisionMakerEventResponse	c	EVENT	0x4FC9381A7AEE8968		name:Hash,eventType:integer	
ClearDrawOrigin	c	GRAPHICS	0xFF0B610F6BE0D7AF			
ClearDrivebyTaskUnderneathDrivingTask	c	TASK	0xC35B5CDB2824CF69		ped:Ped	
ClearDynamicPauseMenuErrorMessage	c	HUD	0x7792424AA0EAC32E			
ClearEntityLastDamageEntity	c	ENTITY	0xA72CD9CA74A5ECBA		entity:Entity	
ClearEntityLastWeaponDamage	c	WEAPON	0xAC678E40BE7C74D2		entity:Entity	
ClearExtraTimecycleModifier	c	GRAPHICS	0x92CCC17A7A2285DA			
ClearFacialClipsetOverride	c	PED	0x637822DC2AFEEBF8		ped:Ped	
ClearFacialIdleAnimOverride	c	PED	0x726256CC1EEB182F		ped:Ped	
ClearFloatingHelp	c	HUD	0x50085246ABD3FEFA		hudIndex:integer,p1:boolean	
ClearFocus	c	STREAMING	0x31B73D1EA9F01DA2			
ClearGarageArea	c	OBJECT	0xDA05194260CDCDF9		garageHash:Hash,isNetwork:boolean	
ClearGpsCustomRoute	c	HUD	0xE6DE0561D9232A64			
ClearGpsDisabledZoneAtIndex	c	PATHFIND	0x2801D0012266DF07		index:integer	
ClearGpsFlags	c	HUD	0x21986729D6A3A830			
ClearGpsMultiRoute	c	HUD	0x67EEDEA1B9BAFD94			
ClearGpsPlayerWaypoint	c	HUD	0xFF4FB7C8CDFA3DA7			
ClearGpsRaceTrack	c	HUD	0x7AA5B4CE533C858B			
ClearHdArea	c	STREAMING	0xCE58B1CFB9290813			
ClearHelp	c	HUD	0x8DFCED7A656F8802		toggle:boolean	
ClearInteriorForEntity	c	INTERIOR	0x85D5422B2039A70D		entity:Entity	
ClearLastDrivenVehicle	c	VEHICLE	0xE01903C47C7AC89E			
ClearLaunchParams	c	NETWORK	0x966DD84FB6A46017			
ClearNitrous	c	VEHICLE	0xC889AE921400E1ED		vehicle:Vehicle	
ClearNotificationsPos	c	HUD	0x55598D21339CB998		pos:number	ThefeedSetScriptedMenuHeight
ClearObjectsInsideGarage	c	OBJECT	0x190428512B240692		garageHash:Hash,vehicles:boolean,peds:boolean,objects:boolean,isNetwork:boolean	
ClearOverrideWeather	c	MISC	0x338D2E3477711050			
ClearPedAlternateMovementAnim	c	PED	0xD8D19675ED5FBDCE		ped:Ped,stance:integer,p2:number	
ClearPedAlternateWalkAnim	c	PED	0x8844BBFCE30AA9E9		ped:Ped,p1:number	
ClearPedBloodDamage	c	PED	0x8FE22675A5A45817		ped:Ped	
ClearPedBloodDamageByZone	c	PED	0x56E3B78C5408D9F4		ped:Ped,p1:integer	
ClearPedCoverClipsetOverride	c	PED	0xC79196DCB36F6121		ped:Ped	
ClearPedDamageDecalByZone	c	PED	0x523C79AEEFCC4A2A		ped:Ped,p1:integer,p2:string	
ClearPedDecorations	c	PED	0x0E5173C163976E38		ped:Ped	
ClearPedDecorationsLeaveScars	c	PED	0xE3B27E70CEAB9F0C		ped:Ped	
ClearPedDriveByClipsetOverride	c	PED	0x4AFE3690D7E0B5AC		ped:Ped	
ClearPedEnvDirt	c	PED	0x6585D955A68452A5		ped:Ped	
ClearPedFacialDecorations	c	PED	0xE3B27E70CEAB9F0C		ped:Ped	ClearPedDecorationsLeaveScars
ClearPedInPauseMenu	c	HUD	0x5E62BE5DC58E9E06			
ClearPedLastDamageBone	c	PED	0x8EF6B7AC68E2F01B		ped:Ped	
ClearPedLastWeaponDamage	c	WEAPON	0x0E98F88A24C5F4B8		ped:Ped	
ClearPedNonCreationArea	c	PED	0x2E05208086BA0651			
ClearPedParachutePackVariation	c	PED	0x1280804F7CFD2D6C		ped:Ped	
ClearPedProp	b	PED	0x0943E5B8E078E76E		ped:Ped,propId:integer	
ClearPedScriptTaskIfRunningThreatResponseNonTempTask	c	TASK	0xF6DC48E56BE1243A		ped:Ped	
ClearPedScubaGearVariation	c	PED	0xB50EB4CCB29704AC		ped:Ped	
ClearPedSecondaryTask	b	TASK	0x176CECF6F920D707		ped:Ped	
ClearPedStoredHatProp	c	PED	0x687C0B594907D2E8		ped:Ped	
ClearPedTasks	b	TASK	0xE1EF3C1216AFF2CD		ped:Ped	
ClearPedTasksImmediately	b	TASK	0xAAA34F8A7CB32098		ped:Ped	
ClearPedWetness	c	PED	0x9C720776DAA43E7E		ped:Ped	
ClearPlayerHasDamagedAtLeastOneNonAnimalPed	c	PLAYER	0x4AACB96203D11A31		player:Player	
ClearPlayerHasDamagedAtLeastOnePed	c	PLAYER	0xF0B67A4DE6AB5F98		player:Player	
ClearPlayerParachuteModelOverride	c	PLAYER	0x8753997EB5F6EE3F		player:Player	
ClearPlayerParachutePackModelOverride	c	PLAYER	0x10C54E4389C12B42		player:Player	
ClearPlayerParachuteVariationOverride	c	PLAYER	0x0F4CC924CF8C7B21		player:Player	
ClearPlayerReserveParachuteModelOverride	c	PLAYER	0x290D248E25815AE8		player:Player	
ClearPlayerWantedLevel	b	PLAYER	0xB302540597885499		player:Player	
ClearPopscheduleOverrideVehicleModel	c	ZONE	0x5C0DE367AA0D911C		scheduleId:integer	
ClearPrints	c	HUD	0xCC33FA791322B9D9			
ClearRaceGalleryBlips	c	HUD	0x2708FC083123F9FF			
ClearRagdollBlockingFlags	c	PED	0xD86D101FCFD00A4B		ped:Ped,flags:integer	
ClearRelationshipBetweenGroups	c	PED	0x5E29243FB56FC6D4		relationship:integer,group1:Hash,group2:Hash	
ClearReminderMessage	c	HUD	0xB57D8DD645CFA2CF			
ClearReplayStats	c	MISC	0x1B1AB132A16FDA55			
ClearRestartCustomPosition	c	MISC	0xA2716D40842EAF79			
ClearRoomForEntity	c	INTERIOR	0xB365FC0C4E27FFA7		entity:Entity	
ClearRoomForGameViewport	c	INTERIOR	0x23B59D8912F94246			
ClearSequenceTask	c	TASK	0x3841422E9C488D8C	integer	taskSequenceId?:integer	
ClearSmallPrints	c	HUD	0x2CEA2839313C09AC			
ClearTacticalAnalysisPoints	c	MISC	0xB3CD58CCA6CDA852			
ClearThisPrint	c	HUD	0xCF708001E1E536DD		p0:string	
ClearTimecycleModifier	c	GRAPHICS	0x0F07E7745A236711			
ClearTvChannelPlaylist	c	GRAPHICS	0xBEB3D46BB7F043C0		tvChannel:integer	
ClearVehicleCustomPrimaryColour	c	VEHICLE	0x55E1D2758F34E437		vehicle:Vehicle	
ClearVehicleCustomSecondaryColour	c	VEHICLE	0x5FFBDEEC3E8E2009		vehicle:Vehicle	
ClearVehicleGeneratorAreaOfInterest	c	VEHICLE	0x0A436B8643716D14			
ClearVehiclePhoneExplosiveDevice	c	VEHICLE	0xAA3F739ABDDCF21F			
ClearVehicleRouteHistory	c	VEHICLE	0x6D6AF961B72728AE		vehicle:Vehicle	
ClearVehicleTasks	c	TASK	0xDBBC7A2432524127		vehicle:Vehicle	
ClearVehicleXenonLightsCustomColor	c	CFX	0x2867ED8C		vehicle:Vehicle	
ClearWeatherTypeNowPersistNetwork	c	MISC	0x0CF97F497FE7D048		transitionTimeInMs:integer	
ClearWeatherTypePersist	c	MISC	0xCCC39339BEF76CF5			
ClonePed	c	PED	0xEF29A16337FACADB	Ped	ped:Ped,isNetwork:boolean,bScriptHostPed:boolean,copyHeadBlendFlag:boolean	
ClonePedEx	c	PED	0x668FD40BCBA5DE48	Ped	ped:Ped,heading:number,isNetwork:boolean,bScriptHostPed:boolean,p4:any	
ClonePedToTarget	c	PED	0xE952D6431689AD9A		ped:Ped,targetPed:Ped	
ClonePedToTargetEx	c	PED	0x148B08C2D2ACB884		ped:Ped,targetPed:Ped,p2:any	
ClonePed_2	c	PED	0x668FD40BCBA5DE48	Ped	ped:Ped,heading:number,isNetwork:boolean,bScriptHostPed:boolean,p4:any	ClonePedEx
CloneTimecycleModifier	c	CFX	0x54D636B3	integer	sourceModifierName:string,clonedModifierName:string	
CloseBombBayDoors	c	VEHICLE	0x3556041742A0DC74		vehicle:Vehicle	
CloseMultiplayerChat	c	HUD	0x1AC8F4AD40E22127			
ClosePatrolRoute	c	TASK	0xB043ECA801B8CBC1			
CloseSequenceTask	c	TASK	0x39E72BC99E6360CB		taskSequenceId:integer	
CloseSocialClubMenu	c	HUD	0xD2B32BE3FC1626C6			
CloudCheckAvailability	c	NETWORK	0x4F18196C8D38768D			
CloudDeleteMemberFile	c	NETWORK	0xC64DED7EF0D2FE37	integer	p0:string	
CloudDidRequestSucceed	c	NETWORK	0x3A3D5568AF297CD5	boolean	handle:integer	
CloudGetAvailabilityCheckResult	c	NETWORK	0x0B0CC10720653F3B	boolean		
CloudHasRequestCompleted	c	NETWORK	0x4C61B39930D045DA	boolean	handle:integer	
CloudIsCheckingAvailability	c	NETWORK	0xC7ABAC5DE675EE3B	boolean		
CommitRuntimeTexture	c	CFX	0x19D81F4E		tex:integer	
CompareStrings	c	MISC	0x1E34710ECD4AB0EB	integer	str1:string,str2:string,matchCase:boolean,maxLength:integer	
ControlLandingGear	c	VEHICLE	0xCFC8BE9A5E1FE575		vehicle:Vehicle,state:integer	
ControlMountedWeapon	c	TASK	0xDCFE42068FE0135A	boolean	ped:Ped	
ConvertPosixTime	c	NETWORK	0xAC97AF97FA68E5D5	integer	posixTime:integer,timeStructure?:integer	
CopyMemory	c	MISC	0x213AEB2B90CBA7AC	integer	src:any,size:integer	
CopyVehicleDamages	c	VEHICLE	0xE44A982368A4AF23		sourceVehicle:Vehicle,targetVehicle:Vehicle	
Cos	c	SYSTEM	0xD0FFB162F40A139C	number	value:number	
CreateAirDefenceAngledArea	c	WEAPON	0x9DA58CDBF6BDBC08	integer	srcCoord1X:number,srcCoord1Y:number,srcCoord1Z:number,srcCoord2X:number,srcCoord2Y:number,srcCoord2Z:number,fWidth:number,weaponPositionX:number,weaponPositionY:number,weaponPositionZ:number,weaponHash:Hash	
CreateAirDefenceSphere	c	WEAPON	0x91EF34584710BE99	integer	x:number,y:number,z:number,radius:number,weaponPositionX:number,weaponPositionY:number,weaponPositionZ:number,weaponHash:Hash	
CreateAirDefenseArea	c	WEAPON	0x9DA58CDBF6BDBC08	integer	srcCoord1X:number,srcCoord1Y:number,srcCoord1Z:number,srcCoord2X:number,srcCoord2Y:number,srcCoord2Z:number,fWidth:number,weaponPositionX:number,weaponPositionY:number,weaponPositionZ:number,weaponHash:Hash	CreateAirDefenceAngledArea
CreateAirDefenseSphere	c	WEAPON	0x91EF34584710BE99	integer	x:number,y:number,z:number,radius:number,weaponPositionX:number,weaponPositionY:number,weaponPositionZ:number,weaponHash:Hash	CreateAirDefenceSphere
CreateAmbientPickup	c	OBJECT	0x673966A0C0FD7171	Pickup	pickupHash:Hash,posX:number,posY:number,posZ:number,flags:integer,value:integer,modelHash:Hash,returnHandle:boolean,p8:boolean	
CreateAudioSubmix	c	CFX	0x658D2BC8	integer	name:string	
CreateCam	c	CAM	0xC3981DCE61D9E13F	Cam	camName:string,active:boolean	
CreateCamWithParams	c	CAM	0xB51194800B257161	Cam	camName:string,posX:number,posY:number,posZ:number,rotX:number,rotY:number,rotZ:number,fov:number,active:boolean,rotationOrder:integer	
CreateCamera	c	CAM	0x5E3CF89C6BCCA67D	Cam	camHash:Hash,active:boolean	
CreateCameraWithParams	c	CAM	0x6ABFA3E16460F22D	Cam	camHash:Hash,posX:number,posY:number,posZ:number,rotX:number,rotY:number,rotZ:number,fov:number,active:boolean,rotationOrder:integer	
CreateCheckpoint	c	GRAPHICS	0x0134F0835AB6BFCB	integer	type:integer,posX1:number,posY1:number,posZ1:number,posX2:number,posY2:number,posZ2:number,diameter:number,red:integer,green:integer,blue:integer,alpha:integer,reserved:integer	
CreateCinematicShot	c	CAM	0x741B0129D4560F31		p0:any,p1:integer,p2:any,entity:Entity	
CreateColshapeCircle	b	CFX	0xB9C5AC6D	integer	x:number,y:number,radius:number	
CreateColshapeCuboid	b	CFX	0x79AE8777	integer	x:number,y:number,z:number,width:number,depth:number,height:number	
CreateColshapeCylinder	b	CFX	0x59AD59AC	integer	x:number,y:number,z:number,radius:number,height:number	
CreateColshapePolygon	b	CFX	0x1B055F04	integer	minZ:number,maxZ:number,points:table	
CreateColshapeRectangle	b	CFX	0x58C3F669	integer	x:number,y:number,z:number,width:number,depth:number,heading:number	
CreateColshapeSphere	b	CFX	0xB6710ACB	integer	x:number,y:number,z:number,radius:number	
CreateDryVolume	c	CFX	0xEB1C6DD	integer	xMin:number,yMin:number,zMin:number,xMax:number,yMax:number,zMax:number	
CreateDui	c	CFX	0x23EAF899	integer	url:string,width:integer,height:integer	
CreateFakeMpGamerTag	c	HUD	0xBFEFE3321A3F5015	integer	ped:Ped,username:string,crewIsPrivate:boolean,crewIsRockstar:boolean,crewName:string,crewRank:integer	
CreateForcedObject	c	ENTITY	0x150E808B375A385A		x:number,y:number,z:number,p3:any,modelHash:Hash,p5:boolean	
CreateGroup	c	PED	0x90370EBE0FEE1A3D	integer	unused:integer	
CreateIncident	c	MISC	0x3F892CAF67444AE7	boolean,integer	dispatchService:integer,x:number,y:number,z:number,numUnits:integer,radius:number,outIncidentID?:integer	
CreateIncidentWithEntity	c	MISC	0x05983472F0494E60	boolean,integer	dispatchService:integer,ped:Ped,numUnits:integer,radius:number,outIncidentID?:integer	
CreateItemset	c	ITEMSET	0x35AD299F50D91B24	Vehicle	distri:boolean	
CreateLightningThunder	c	MISC	0xF6062E089251C898			ForceLightningFlash
CreateMissionTrain	c	VEHICLE	0x63C6CCA8E68AE8C8	Vehicle	variation:integer,x:number,y:number,z:number,direction:boolean	
CreateMobilePhone	c	MOBILE	0xA4E8E696C532FBC7		phoneType:integer	
CreateModelHide	c	ENTITY	0x8A97BCA30A0CE478		x:number,y:number,z:number,radius:number,model:Hash,surviveMapReload:boolean	
CreateModelHideExcludingScriptObjects	c	ENTITY	0x3A52AE588830BF7F		x:number,y:number,z:number,radius:number,model:Hash,surviveMapReload:boolean	
CreateModelSwap	c	ENTITY	0x92C47782FDA8B2A3		x:number,y:number,z:number,radius:number,originalModel:Hash,newModel:Hash,bSurviveMapReload:boolean	
CreateMoneyPickups	c	OBJECT	0x0589B5E791CE9B2B		x:number,y:number,z:number,value:integer,amount:integer,model:Hash	
CreateMpGamerTag	c	HUD	0xBFEFE3321A3F5015	integer	ped:Ped,username:string,crewIsPrivate:boolean,crewIsRockstar:boolean,crewName:string,crewRank:integer	CreateFakeMpGamerTag
CreateMpGamerTagColor	c	HUD	0x6DD05E9D83EFA4C9		player:Player,username:string,crewIsPrivate:boolean,crewIsRockstar:boolean,crewName:string,crewRank:integer,crewR:integer,crewG:integer,crewB:integer	CreateMpGamerTagWithCrewColor
CreateMpGamerTagForNetPlayer	c	HUD	0x6DD05E9D83EFA4C9		player:Player,username:string,crewIsPrivate:boolean,crewIsRockstar:boolean,crewName:string,crewRank:integer,crewR:integer,crewG:integer,crewB:integer	CreateMpGamerTagWithCrewColor
CreateMpGamerTagWithCrewColor	c	HUD	0x6DD05E9D83EFA4C9		player:Player,username:string,crewIsPrivate:boolean,crewIsRockstar:boolean,crewName:string,crewRank:integer,crewR:integer,crewG:integer,crewB:integer	
CreateNewScriptedConversation	c	AUDIO	0xD2C91A0B572AAE56			
CreateNmMessage	c	PED	0x418EF2A1BCE56685		startImmediately:boolean,messageId:integer	
CreateNonNetworkedAmbientPickup	c	OBJECT	0x9C93764223E29C50	any	pickupHash:any,posX:number,posY:number,posZ:number,flags:integer,value:integer,modelHash:any,p7:boolean,p8:boolean	
CreateNonNetworkedPortablePickup	c	OBJECT	0x125494B98A21AAF7	Object	pickupHash:Hash,x:number,y:number,z:number,placeOnGround:boolean,modelHash:Hash	
CreateObject	b	OBJECT	0x509D5878EB39E842	Object	modelHash:Hash,x:number,y:number,z:number,isNetwork:boolean,netMissionEntity:boolean,doorFlag:boolean		0x2F7AA05C	Entity	modelHash:Hash,x:number,y:number,z:number,isNetwork:boolean,netMissionEntity:boolean,doorFlag:boolean
CreateObjectNoOffset	b	OBJECT	0x9A294B2138ABB884	Object	modelHash:Hash,x:number,y:number,z:number,isNetwork:boolean,netMissionEntity:boolean,doorFlag:boolean		0x58040420	Entity	modelHash:Hash,x:number,y:number,z:number,isNetwork:boolean,netMissionEntity:boolean,doorFlag:boolean
CreateParachuteBagObject	c	PED	0x8C4F3BF23B6237DB	Object	ped:Ped,p1:boolean,p2:boolean	
CreateParachuteObject	c	PED	0x8C4F3BF23B6237DB	Object	ped:Ped,p1:boolean,p2:boolean	CreateParachuteBagObject
CreatePatrolRoute	c	TASK	0xAF8A443CCC8018DC			
CreatePed	b	PED	0xD49F9B0955C367DE	Ped	pedType:integer,modelHash:Hash,x:number,y:number,z:number,heading:number,isNetwork:boolean,bScriptHostPed:boolean		0x389EF71	Entity	pedType:integer,modelHash:Hash,x:number,y:number,z:number,heading:number,isNetwork:boolean,bScriptHostPed:boolean
CreatePedInsideVehicle	b	PED	0x7DD959874C1FD534	Ped	vehicle:Vehicle,pedType:integer,modelHash:Hash,seat:integer,isNetwork:boolean,bScriptHostPed:boolean		0x3000F092	Entity	vehicle:Vehicle,pedType:integer,modelHash:Hash,seat:integer,isNetwork:boolean,bScriptHostPed:boolean
CreatePickUpRopeForCargobob	c	VEHICLE	0x7BEB0C7A235F6F3B		cargobob:Vehicle,state:integer	
CreatePickup	c	OBJECT	0xFBA08C503DD5FA58	Pickup	pickupHash:Hash,posX:number,posY:number,posZ:number,p4:integer,value:integer,p6:boolean,modelHash:Hash	
CreatePickupRotate	c	OBJECT	0x891804727E0A98B7	Pickup	pickupHash:Hash,posX:number,posY:number,posZ:number,rotX:number,rotY:number,rotZ:number,flag:integer,amount:integer,p9:any,p10:boolean,modelHash:Hash	
CreatePortablePickup	c	OBJECT	0x2EAF1FDB2FB55698	Object	pickupHash:Hash,x:number,y:number,z:number,placeOnGround:boolean,modelHash:Hash	
CreatePortablePickup_2	c	OBJECT	0x125494B98A21AAF7	Object	pickupHash:Hash,x:number,y:number,z:number,placeOnGround:boolean,modelHash:Hash	CreateNonNetworkedPortablePickup
CreateRandomPed	c	PED	0xB4AC7D0CF06BFE8F	Ped	posX:number,posY:number,posZ:number	
CreateRandomPedAsDriver	c	PED	0x9B62392B474F44A0	Ped	vehicle:Vehicle,returnHandle:boolean	
CreateRuntimeTexture	c	CFX	0xFEC3766D	integer	txd:integer,txn:string,width:integer,height:integer	
CreateRuntimeTextureFromDuiHandle	c	CFX	0xB135472B	integer	txd:integer,txn:string,duiHandle:string	
CreateRuntimeTextureFromImage	c	CFX	0x786D8BC3	integer	txd:integer,txn:string,fileName:string	
CreateRuntimeTxd	c	CFX	0x1F3AC778	integer	name:string	
CreateScriptVehicleGenerator	c	VEHICLE	0x9DEF883114668116	integer	x:number,y:number,z:number,heading:number,p4:number,p5:number,modelHash:Hash,p7:integer,p8:integer,p9:integer,p10:integer,p11:boolean,p12:boolean,p13:boolean,p14:boolean,p15:boolean,p16:integer	
CreateSynchronizedScene	c	PED	0x8C18E0F9080ADD73	integer	x:number,y:number,z:number,roll:number,pitch:number,yaw:number,p6:integer	
CreateSynchronizedScene_2	c	PED	0x62EC273D00187DCA	integer	x:number,y:number,z:number,radius:number,object:Hash	
CreateTimecycleModifier	c	CFX	0x70FA2AFA	integer	modifierName:string	
CreateTrackedPoint	c	GRAPHICS	0xE2C9439ED45DEA60	integer		
CreateVehicle	b	VEHICLE	0xAF35D0D2583051B0	Vehicle	modelHash:Hash,x:number,y:number,z:number,heading:number,isNetwork:boolean,netMissionEntity:boolean		0xDD75460A	Entity	modelHash:Hash,x:number,y:number,z:number,heading:number,isNetwork:boolean,netMissionEntity:boolean
CreateVehicleServerSetter	s	CFX	0x6AE51D4B	Vehicle	modelHash:Hash,type:string,x:number,y:number,z:number,heading:number	
CreateWeaponObject	c	WEAPON	0x9541D3CF0D398F36	Object	weaponHash:Hash,ammoCount:integer,x:number,y:number,z:number,bCreateDefaultComponents:boolean,scale:number,customModelHash:integer	
CustomMenuCoordinates	c	CAM	0x487A82C650EB7799		p0:number	
DataarrayAddBool	c	DATAFILE	0xF8B0F5A43E928C76	integer	value:boolean	
DataarrayAddDict	c	DATAFILE	0x6889498B3E19C797	any,integer	arrayData?:integer	
DataarrayAddFloat	c	DATAFILE	0x57A995FD75D37F56	integer	value:number	
DataarrayAddInt	c	DATAFILE	0xCABDB751D86FE93B	integer	value:integer	
DataarrayAddString	c	DATAFILE	0x2F0661C155AEEEAA	integer	value:string	
DataarrayAddVector	c	DATAFILE	0x407F8D034F70F0C2	integer	valueX:number,valueY:number,valueZ:number	
DataarrayGetBool	c	DATAFILE	0x50C1B2874E50C114	boolean,integer	arrayIndex:integer	
DataarrayGetCount	c	DATAFILE	0x065DB281590CEA2D	integer,integer	arrayData?:integer	
DataarrayGetDict	c	DATAFILE	0x8B5FADCC4E3A145F	any,integer	arrayIndex:integer	
DataarrayGetFloat	c	DATAFILE	0xC0C527B525D7CFB5	number,integer	arrayIndex:integer	
DataarrayGetInt	c	DATAFILE	0x3E5AE19425CD74BE	integer,integer	arrayIndex:integer	
DataarrayGetString	c	DATAFILE	0xD3F2FFEB8D836F52	string,integer	arrayIndex:integer	
DataarrayGetType	c	DATAFILE	0x3A0014ADB172A3C5	integer,integer	arrayIndex:integer	
DataarrayGetVector	c	DATAFILE	0x8D2064E5B64A628A	vector3,integer	arrayIndex:integer	
DatadictCreateArray	c	DATAFILE	0x5B11728527CA6E5F	any,integer	key:string	
DatadictCreateDict	c	DATAFILE	0xA358F56F10732EE1	any,integer	key:string	
DatadictGetArray	c	DATAFILE	0x7A983AA9DA2659ED	any,integer	key:string	
DatadictGetBool	c	DATAFILE	0x1186940ED72FFEEC	boolean,integer	key:string	
DatadictGetDict	c	DATAFILE	0xB6B9DDC412FCEEE2	any,integer	key:string	
DatadictGetFloat	c	DATAFILE	0x06610343E73B9727	number,integer	key:string	
DatadictGetInt	c	DATAFILE	0x78F06F6B1FB5A80C	integer,integer	key:string	
DatadictGetString	c	DATAFILE	0x3D2FD9E763B24472	string,integer	key:string	
DatadictGetType	c	DATAFILE	0x031C55ED33227371	integer,integer	key:string	
DatadictGetVector	c	DATAFILE	0x46CD3CB66E0825CC	vector3,integer	key:string	
DatadictSetBool	c	DATAFILE	0x35124302A556A325	integer	key:string,value:boolean	
DatadictSetFloat	c	DATAFILE	0xC27E1CC2D795105E	integer	key:string,value:number	
DatadictSetInt	c	DATAFILE	0xE7E035450A7948D5	integer	key:string,value:integer	
DatadictSetString	c	DATAFILE	0x8FF3847DADD8E30C	integer	key:string,value:string	
DatadictSetVector	c	DATAFILE	0x4CD49B76338C7DEE	integer	key:string,valueX:number,valueY:number,valueZ:number	
DatafileClearWatchList	c	DATAFILE	0x6CC86E78358D5119			
DatafileCreate	c	DATAFILE	0xD27058A1CA2B13EE			
DatafileDelete	c	DATAFILE	0x9AB9C1CFC8862DFB			
DatafileDeleteRequestedFile	c	DATAFILE	0x8F5EA1C01D65A100	boolean	p0:any	
DatafileFlushMissionHeader	c	DATAFILE	0xC55854C7D7274882			
DatafileGetFileDict	c	DATAFILE	0x906B778CA1DC72B6	string		
DatafileHasLoadedFileData	c	DATAFILE	0x15FF52B809DB2353	boolean	p0:any	
DatafileHasValidFileData	c	DATAFILE	0xF8CC1EBE0B62E29F	boolean	p0:any	
DatafileIsSavePending	c	DATAFILE	0xBEDB96A7584AA8CF	boolean		
DatafileIsValidRequestId	c	DATAFILE	0xFCCAE5B92A830878	boolean	index:integer	
DatafileLoadOfflineUgc	c	DATAFILE	0xC5238C011AF405E4	boolean	filename:string	
DatafileSelectActiveFile	c	DATAFILE	0x22DA66936E0FFF37	boolean	p0:any	
DatafileSelectCreatorStats	c	DATAFILE	0x01095C95CD46B624	boolean	p0:integer	
DatafileSelectUgcData	c	DATAFILE	0xA69AC4ADE82B57A4	boolean	p0:integer	
DatafileSelectUgcPlayerData	c	DATAFILE	0x52818819057F2B40	boolean	p0:integer	
DatafileSelectUgcStats	c	DATAFILE	0x9CB0BFA7A9342C3D	boolean	p0:integer,p1:boolean	
DatafileStartSaveToCloud	c	DATAFILE	0x83BCCE3224735F05	boolean	filename:string	
DatafileStoreMissionHeader	c	DATAFILE	0x2ED61456317B8178			
DatafileUpdateSaveToCloud	c	DATAFILE	0x4DFDD9EB705F8140	boolean,boolean	p0?:boolean	
DatafileWatchRequestId	c	DATAFILE	0xAD6875BBC0FC899C		id:integer	
DeactivateAudioSlowmoMode	c	AUDIO	0xDDC635D5B3262C56		mode:string	
DeactivateInteriorEntitySet	c	INTERIOR	0x420BD37289EEE162		interior:integer,entitySetName:string	
DecorExistOn	c	DECORATOR	0x05661B80A8C9165F	boolean	entity:Entity,propertyName:string	
DecorGetBool	c	DECORATOR	0xDACE671663F2F5DB	boolean	entity:Entity,propertyName:string	
DecorGetFloat	c	DECORATOR	0x6524A2F114706F43	number	entity:Entity,propertyName:string	
DecorGetInt	c	DECORATOR	0xA06C969B02A97298	integer	entity:Entity,propertyName:string	
DecorIsRegisteredAsType	c	DECORATOR	0x4F14F9F870D6FBC8	boolean	propertyName:string,type:integer	
DecorRegister	c	DECORATOR	0x9FD90732F56403CE		propertyName:string,type:integer	
DecorRegisterLock	c	DECORATOR	0xA9D14EEA259F9248			
DecorRemove	c	DECORATOR	0x00EE9F297C738720	boolean	entity:Entity,propertyName:string	
DecorSetBool	c	DECORATOR	0x6B1E8E2ED1335B71	boolean	entity:Entity,propertyName:string,value:boolean	
DecorSetFloat	c	DECORATOR	0x211AB1DD8D0F363A	boolean	entity:Entity,propertyName:string,value:number	
DecorSetInt	c	DECORATOR	0x0CE3AA5E1CA19E10	boolean	entity:Entity,propertyName:string,value:integer	
DecorSetTime	c	DECORATOR	0x95AED7B8E39ECAA4	boolean	entity:Entity,propertyName:string,timestamp:integer	
DeleteAllTrains	c	VEHICLE	0x736A718577F39C7D			
DeleteCheckpoint	c	GRAPHICS	0xF5ED37F54CD4D52E		checkpoint:integer	
DeleteChildRope	c	PHYSICS	0xAA5D6B1888E4DB20		ropeId:integer	
DeleteColshape	b	CFX	0x16B9F12B		colShapeId:integer	
DeleteEntity	b	ENTITY	0xAE3CBE5BF394C9C9	Entity	entity:Entity		0xFAA3D236		entity:Entity
DeleteFunctionReference	b	CFX	0x1E86F206		referenceIdentity:string	
DeleteIncident	c	MISC	0x556C1AA270D5A207		incidentId:integer	
DeleteMissionTrain	c	VEHICLE	0x5B76B14AE875C795	Vehicle	train:Vehicle	
DeleteObject	c	OBJECT	0x539E0AE3E6634B9F	Object	object:Object	
DeletePatrolRoute	c	TASK	0x7767DD9D65E91319		patrolRoute:string	
DeletePed	c	PED	0x9614299DCB53E54B	Ped	ped:Ped	
DeleteResourceKvp	b	CFX	0x7389B5DF		key:string	
DeleteResourceKvpNoSync	b	CFX	0x4152C90		key:string	
DeleteRope	c	PHYSICS	0x52B4829281364649	integer	ropeId:integer	
DeleteScriptVehicleGenerator	c	VEHICLE	0x22102C9ABFCF125D		vehicleGenerator:integer	
DeleteStuntJump	c	MISC	0xDC518000E39DAE1F		p0:integer	
DeleteTrain	s	CFX	0x523BA3DA		entity:Entity	
DeleteVehicle	c	VEHICLE	0xEA386986E786A54F	Vehicle	vehicle:Vehicle	
DeleteWaypoint	c	HUD	0xD8E694757BCEA8E9			DeleteWaypointsFromThisPlayer
DeleteWaypointsFromThisPlayer	c	HUD	0xD8E694757BCEA8E9			
DepositVc	c	MONEY	0xE260E0BB9CD995AC	boolean	amount:integer	
DestroyAllCams	c	CAM	0x8E5FB15663F79120		bScriptHostCam:boolean	
DestroyCam	c	CAM	0x865908C81A2C22E9		cam:Cam,bScriptHostCam:boolean	
DestroyDui	c	CFX	0xA085CB10		duiObject:integer	
DestroyItemset	c	ITEMSET	0xDE18220B1C183EDA		p0:any	
DestroyMobilePhone	c	MOBILE	0x3BC861DF703E5097			
DestroyPlayerInPauseMenu	c	STREAMING	0x5B74EA8CFD5E3E7E	boolean		IsSwitchSkippingDescent
DestroyTrackedPoint	c	GRAPHICS	0xB25DC90BAD56CA42		point:integer	
DetachCam	c	CAM	0xA2FABBE87F4BAD82		cam:Cam	
DetachContainerFromHandlerFrame	c	VEHICLE	0x7C0043FDFF6436BC		vehicle:Vehicle	
DetachEntity	c	ENTITY	0x961AC54BF0613F5D		entity:Entity,dynamic:boolean,collision:boolean	
DetachEntityFromCargobob	c	VEHICLE	0xAF03011701811146	any	vehicle:Vehicle,entity:Entity	
DetachPortablePickupFromPed	c	OBJECT	0xCF463D1E9A0AECB1		pickupObject:Object	
DetachRopeFromEntity	c	PHYSICS	0xBCF3026912A8647D		ropeId:integer,entity:Entity	
DetachSynchronizedScene	c	PED	0x6D38F1F04CBB37EA		sceneID:integer	
DetachVehicleFromAnyCargobob	c	VEHICLE	0xADF7BE450512C12F	boolean	vehicle:Vehicle	
DetachVehicleFromAnyTowTruck	c	VEHICLE	0xD0E9CE05A1E68CD8	boolean	vehicle:Vehicle	
DetachVehicleFromCargobob	c	VEHICLE	0x0E21D3DF1051399D		cargobob:Vehicle,vehicle:Vehicle	
DetachVehicleFromTowTruck	c	VEHICLE	0xC2DB6B6708350ED8		towTruck:Vehicle,vehicle:Vehicle	
DetachVehicleFromTrailer	c	VEHICLE	0x90532EDF0D2BDD86		vehicle:Vehicle	
DetachVehicleWindscreen	c	VEHICLE	0x6D645D59FB5F5AD3		vehicle:Vehicle	PopOutVehicleWindscreen
DetonateVehiclePhoneExplosiveDevice	c	VEHICLE	0xEF49CF0270307CBE			
DisableAimCamThisUpdate	c	CAM	0x1A31FE0049E542F6			
DisableAllControlActions	c	PAD	0x5F4B6931816E599B		padIndex:integer	
DisableAutomaticRespawn	c	MISC	0x2C2B3493FBF51C71		toggle:boolean	PauseDeathArrestRestart
DisableBlipNameForVar	c	HUD	0x5C90988E7C8E1AF4	Blip		GetNewSelectedMissionCreatorBlip
DisableCamCollisionForEntity	c	CAM	0x2AED6301F67007D5		entity:Entity	
DisableCamCollisionForObject	c	CAM	0x49482F9FCD825AAA		entity:Entity	
DisableCinematicBonnetCameraThisUpdate	c	CAM	0xADFF1B2A555F5FBA			
DisableControlAction	c	PAD	0xFE99B66D079CF6BC		padIndex:integer,control:integer,disable:boolean	
DisableEditorRuntime	c	CFX	0xB1622B17			
DisableFirstPersonCamThisFrame	c	CAM	0xDE2EF5DA284CC8DF			DisableOnFootFirstPersonViewThisUpdate
DisableFrontendThisFrame	c	HUD	0x6D3465A73092F0E6			
DisableHeadBlendPaletteColor	c	PED	0xA21C118553BBDF02		ped:Ped	
DisableHospitalRestart	c	MISC	0xC8535819C450EBA8		hospitalIndex:integer,toggle:boolean	
DisableIdleCamera	c	CFX	0x3D5AB7F0		state:boolean	
DisableIndividualPlanePropeller	c	VEHICLE	0x500873A45724C863		vehicle:Vehicle,propeller:integer	
DisableInputGroup	c	PAD	0x7F4724035FDCA1DD		padIndex:integer	
DisableInterior	c	INTERIOR	0x6170941419D7D8EC		interiorID:integer,toggle:boolean	
DisableInteriorProp	c	INTERIOR	0x420BD37289EEE162		interior:integer,entitySetName:string	DeactivateInteriorEntitySet
DisableMoonCycleOverride	c	GRAPHICS	0x2BF72AD5B41AA739			
DisableMultiplayerChat	c	HUD	0x1DB21A44B09E8BA3		disable:boolean	
DisableNavmeshInArea	c	PATHFIND	0x4C8872D8CDBE1B8B		posMinX:number,posMinY:number,posMinZ:number,posMaxX:number,posMaxY:number,posMaxZ:number,bDisable:boolean	
DisableOcclusionThisFrame	c	GRAPHICS	0x3669F1B198DCAA4F			
DisableOnFootFirstPersonViewThisUpdate	c	CAM	0xDE2EF5DA284CC8DF			
DisablePedHeatscaleOverride	c	PED	0x600048C60D5C2C51		ped:Ped	
DisablePedPainAudio	c	AUDIO	0xA9A41C1E940FB0E8		ped:Ped,shouldDisable:boolean	
DisablePhoneThisFrame	c	MOBILE	0x015C49A93E3E086E		toggle:boolean	CellCamActivateSelfieMode
DisablePlaneAileron	c	VEHICLE	0x23428FC53C60919C		vehicle:Vehicle,p1:boolean,p2:boolean	
DisablePlanePropeller	c	VEHICLE	0x500873A45724C863		vehicle:Vehicle,propeller:integer	DisableIndividualPlanePropeller
DisablePlayerFiring	c	PLAYER	0x5E6CC07646BBEAB8		player:Player,toggle:boolean	
DisablePlayerVehicleRewards	c	PLAYER	0xC142BE3BB9CE125F		player:Player	
DisablePoliceReports	c	AUDIO	0xB4F90FAF7670B16F			CancelAllPoliceReports
DisablePoliceRestart	c	MISC	0x23285DED6EBD7EA3		policeIndex:integer,toggle:boolean	
DisableRadarThisFrame	c	HUD	0x5FBAE526203990C9			HideMinimapExteriorMapThisFrame
DisableRawKeyThisFrame	c	CFX	0x8BCF0014	boolean	rawKeyIndex:integer	
DisableRockstarEditorCameraChanges	c	RECORDING	0xAF66DCEE6609B148			
DisableScreenblurFade	c	GRAPHICS	0xDE81239437E8C5A8			
DisableScriptAmbientEffects	c	GRAPHICS	0xEFD97FF47B745B8D		p0:any	
DisableScriptBrainSet	c	BRAIN	0x14D8518E9760F08F		brainSet:integer	
DisableStuntJumpSet	c	MISC	0xA5272EBEDD4747F6		p0:integer	
DisableSwitchOutroFx	c	STREAMING	0xBD605B8E0E18B3BB			
DisableVehicleDistantlights	c	GRAPHICS	0xC9F98AC1884E73A2		toggle:boolean	
DisableVehicleFirstPersonCamThisFrame	c	CAM	0xADFF1B2A555F5FBA			DisableCinematicBonnetCameraThisUpdate
DisableVehicleImpactExplosionActivation	c	VEHICLE	0xD8050E0EB60CF274		vehicle:Vehicle,toggle:boolean	SetVehicleHasMutedSirens
DisableVehicleNeonLights	c	VEHICLE	0x83F813570FF519DE		vehicle:Vehicle,toggle:boolean	
DisableVehiclePassengerIdleCamera	c	CFX	0x5C140555		state:boolean	
DisableVehicleTurretMovementThisFrame	c	VEHICLE	0x32CAEDF24A583345		vehicle:Vehicle	
DisableVehicleWeapon	c	VEHICLE	0xF4FC6A6F67D8D856		disabled:boolean,weaponHash:Hash,vehicle:Vehicle,owner:Ped	
DisableVehicleWorldCollision	c	VEHICLE	0x75627043C6AA90AD		vehicle:Vehicle	
DisableWorldhorizonRendering	c	CFX	0xA9C92CDC		state:boolean	
DisplayAmmoThisFrame	c	HUD	0xA5E78BA2B1331C55		display:boolean	
DisplayAreaName	c	HUD	0x276B6CE369C33678		toggle:boolean	
DisplayCash	c	HUD	0x96DEC8D5430208B7		display:boolean	
DisplayDistantVehicles	c	VEHICLE	0xF796359A959DF65D		toggle:boolean	SetDistantCarsEnabled
DisplayHelpTextFromStringLabel	c	HUD	0x238FFE5C7B0498A6		shape:integer,loop:boolean,beep:boolean,duration:integer	EndTextCommandDisplayHelp
DisplayHelpTextThisFrame	c	HUD	0x960C9FF8F616E41C		pTextLabel:string,bCurvedWindow:boolean	
DisplayHud	c	HUD	0xA6294919E56FF02A		toggle:boolean	
DisplayHudWhenDeadThisFrame	c	HUD	0x7669F9E39DC17063			
DisplayHudWhenPausedThisFrame	c	HUD	0x402F9ED62087E898			
DisplayJobReport	c	HUD	0x523A590C1A3CC0D3			OpenReportugcMenu
DisplayOnscreenKeyboard	c	MISC	0x00DC833F2568DBF6		keyboardType:integer,windowTitle:string,description:string,defaultText:string,defaultConcat1:string,defaultConcat2:string,defaultConcat3:string,maxInputLength:integer	
DisplayOnscreenKeyboardWithLongerInitialString	c	MISC	0xCA78CFA0366592FE		keyboardType:integer,windowTitle:string,description:string,defaultText:string,defaultConcat1:string,defaultConcat2:string,defaultConcat3:string,defaultConcat4:string,defaultConcat5:string,defaultConcat6:string,defaultConcat7:string,maxInputLength:integer	
DisplayOnscreenKeyboard_2	c	MISC	0xCA78CFA0366592FE		keyboardType:integer,windowTitle:string,description:string,defaultText:string,defaultConcat1:string,defaultConcat2:string,defaultConcat3:string,defaultConcat4:string,defaultConcat5:string,defaultConcat6:string,defaultConcat7:string,maxInputLength:integer	DisplayOnscreenKeyboardWithLongerInitialString
DisplayPlayerNameTagsOnBlips	c	HUD	0x82CEDC33687E1F50		toggle:boolean	
DisplayRadar	c	HUD	0xA0EBB943C300E693		toggle:boolean	
DisplaySniperScopeThisFrame	c	HUD	0x73115226F4814E62			
DisplaySystemSigninUi	c	PLAYER	0x94DD7888C10A979E		unk:boolean	
DisposeSynchronizedScene	c	PED	0xCD9CC7E200A52A6F		scene:integer	TakeOwnershipOfSynchronizedScene
DistantCopCarSirens	c	AUDIO	0x552369F549563AD5		shouldPlay:boolean	
DoAutoSave	c	MISC	0x50EEAAD86232EE55			
DoScreenFadeIn	c	CAM	0xD4E8E24955024033		duration:integer	
DoScreenFadeOut	c	CAM	0x891B5B39AC6302AF		duration:integer	
DoesAirDefenseZoneExist	c	WEAPON	0xCD79A550999D7D4F	boolean	zoneId:integer	
DoesAnimDictExist	c	STREAMING	0x2DA49C3B79856961	boolean	animDict:string	
DoesBlipExist	c	HUD	0xA6DB27D19ECBB7DA	boolean	blip:Blip	
DoesBlipHaveGpsRoute	c	HUD	0xDD2238F57B977751	boolean	blip:Blip	
DoesBoatSinkWhenWrecked	s	CFX	0x43F15989	boolean	vehicle:Vehicle	
DoesCamExist	c	CAM	0xA7A932170592B50E	boolean	cam:Cam	
DoesCargobobHavePickUpRope	c	VEHICLE	0x1821D91AD4B56108	boolean	cargobob:Vehicle	
DoesCargobobHavePickupMagnet	c	VEHICLE	0x6E08BF5B3722BAC9	boolean	cargobob:Vehicle	
DoesColshapeExist	b	CFX	0x9A2EC46D	boolean	colShapeId:integer	
DoesContextExistForThisPed	c	AUDIO	0x49B99BF3FDA89A7A	boolean	ped:Ped,speechName:string,allowBackupPVGs:boolean	
DoesCutsceneEntityExist	c	CUTSCENE	0x499EF20C5DB25C59	boolean	cutsceneEntName:string,modelHash:Hash	
DoesDesObjectExist	c	OBJECT	0x52AF537A0C5B8AAD	boolean	object:Object	DoesRayfireMapObjectExist
DoesDoorExist	c	OBJECT	0xC153C43EA202C8C1	boolean	doorHash:Hash	IsDoorRegisteredWithSystem
DoesEntityBelongToThisScript	c	ENTITY	0xDDE6DF5AE89981D2	boolean	entity:Entity,p2:boolean	
DoesEntityExist	b	ENTITY	0x7239B21A38F536BA	boolean	entity:Entity		0x3AC90869	boolean	entity:Object
DoesEntityHaveAnimDirector	c	ENTITY	0x2158E81A6AF65EA9	boolean	entity:Entity	
DoesEntityHaveDrawable	c	ENTITY	0x060D6E96F8B8E48D	boolean	entity:Entity	
DoesEntityHaveFragInst	c	PHYSICS	0x0C112765300C7E1E	boolean	object:Object	GetHasObjectFragInst
DoesEntityHavePhysics	c	ENTITY	0xDA95EA3317CC5064	boolean	entity:Entity	
DoesEntityHaveSkeletonData	c	ENTITY	0x764EB96874EFFDC1	boolean	entity:Entity	
DoesExtraExist	c	VEHICLE	0x1262D55792428154	boolean	vehicle:Vehicle,extraId:integer	
DoesGroupExist	c	PED	0x7C6B0C22F9F40BBE	boolean	groupId:integer	
DoesLatestBriefStringExist	c	GRAPHICS	0x5E657EF1099EDD65	boolean	briefValue:integer	
DoesNavmeshBlockingObjectExist	c	PATHFIND	0x0EAEB0DB4B132399	boolean	p0:any	
DoesObjectOfTypeExistAtCoords	c	OBJECT	0xBFA48E2FF417213F	boolean	x:number,y:number,z:number,radius:number,hash:Hash,p5:boolean	
DoesParticleFxLoopedExist	c	GRAPHICS	0x74AFEF0D2E1E409B	boolean	ptfxHandle:integer	
DoesPedHaveAiBlip	c	HUD	0x15B8ECF844EE67ED	boolean	ped:Ped	
DoesPickupExist	c	OBJECT	0xAFC1CA75AD4074D1	boolean	pickup:Pickup	
DoesPickupObjectExist	c	OBJECT	0xD9EFB6DBF7DAAEA3	boolean	pickupObject:Object	
DoesPickupOfTypeExistInArea	c	OBJECT	0xF9C36251F6E48E33	boolean	pickupHash:Hash,x:number,y:number,z:number,radius:number	
DoesPlayerExist	s	CFX	0x12038599	boolean	playerSrc:string	
DoesPlayerOwnSku	s	CFX	0x167ABA27	boolean	playerSrc:string,skuId:integer	
DoesPlayerOwnSkuExt	s	CFX	0xDEF0480B	boolean	playerSrc:string,skuId:integer	
DoesPlayerVehHaveRadio	c	AUDIO	0x109697E2FFBAC8A1	boolean		
DoesPopMultiplierAreaExist	c	MISC	0x1327E2FE9746BAEE	boolean	id:integer	
DoesPopMultiplierSphereExist	c	MISC	0x171BAFB3C60389F4	boolean	id:integer	
DoesRayfireMapObjectExist	c	OBJECT	0x52AF537A0C5B8AAD	boolean	object:Object	
DoesRelationshipGroupExist	c	PED	0xCC6E3B6BB69501F1	boolean	groupHash:Hash	
DoesRopeBelongToThisScript	c	PHYSICS	0x271C9D3ACA5D6409	boolean	ropeId:integer	
DoesRopeExist	c	PHYSICS	0xFD5448BE3111ED96	boolean,integer	ropeId?:integer	
DoesScenarioBlockingAreaExist	c	PED	0x8A24B067D175A7BD	boolean	x1:number,y1:number,z1:number,x2:number,y2:number,z2:number	
DoesScenarioExistInArea	c	TASK	0x5A59271FFADD33C1	boolean	x:number,y:number,z:number,radius:number,b:boolean	
DoesScenarioGroupExist	c	TASK	0xF9034C136C9E00D3	boolean	scenarioGroup:string	
DoesScenarioOfTypeExistInArea	c	TASK	0x0A9D0C2A3BBC86C1	boolean	p0:number,p1:number,p2:number,p3:string,p4:number,p5:boolean	
DoesScriptExist	c	SCRIPT	0xFC04745FBE67C19A	boolean	scriptName:string	
DoesScriptVehicleGeneratorExist	c	VEHICLE	0xF6086BC836400876	boolean	vehicleGenerator:integer	
DoesScriptWithNameHashExist	c	SCRIPT	0xF86AA3C56BA31381	boolean	scriptHash:Hash	
DoesScriptedCoverPointExistAtCoords	c	TASK	0xA98B8E3C088E5A31	boolean	x:number,y:number,z:number	
DoesShopPedApparelHaveRestrictionTag	c	FILES	0x341DE7ED1D2A1BFD	boolean	componentHash:Hash,restrictionTagHash:Hash,componentId:integer	
DoesTextBlockExist	c	HUD	0x1C7302E725259789	boolean	gxt:string	
DoesTextLabelExist	c	HUD	0xAC09CA973C564252	boolean	gxt:string	
DoesTimecycleModifierHasVar	c	CFX	0xC53BB6D3	boolean	modifierName:string,varName:string	
DoesTrainStopAtStations	b	CFX	0x77CC80DC	boolean	train:Vehicle	
DoesVehicleAllowRappel	c	VEHICLE	0x4E417C547182C84D	boolean	vehicle:Vehicle	
DoesVehicleExistWithDecorator	c	VEHICLE	0x956B409B984D9BF7	boolean	decorator:string	
DoesVehicleHaveCrewEmblem	c	GRAPHICS	0x060D935D3981A275	boolean	vehicle:Vehicle,p1:integer	
DoesVehicleHaveDecal	c	GRAPHICS	0x060D935D3981A275	boolean	vehicle:Vehicle,p1:integer	DoesVehicleHaveCrewEmblem
DoesVehicleHaveDoor	c	VEHICLE	0x645F4B6E8499F632	boolean	vehicle:Vehicle,doorIndex:integer	GetIsDoorValid
DoesVehicleHaveJumpingAbility	c	VEHICLE	0x9078C0C5EF8C19E9	boolean	vehicle:Vehicle	GetCanVehicleJump
DoesVehicleHaveLandingGear	c	VEHICLE	0xE43701C36CAFF1A4	boolean	vehicle:Vehicle	
DoesVehicleHaveParachute	c	VEHICLE	0xBC9CFF381338CB4F	boolean	vehicle:Vehicle	GetVehicleHasParachute
DoesVehicleHaveRetractableWheels	c	VEHICLE	0xDCA174A42133F08C	boolean	vehicle:Vehicle	GetHasRetractableWheels
DoesVehicleHaveRocketBoost	c	VEHICLE	0x36D782F68B309BDA	boolean	vehicle:Vehicle	GetHasRocketBoost
DoesVehicleHaveRoof	c	VEHICLE	0x8AC862B0B32C5B80	boolean	vehicle:Vehicle	
DoesVehicleHaveSearchlight	c	VEHICLE	0x99015ED7DBEA5113	boolean	vehicle:Vehicle	
DoesVehicleHaveStuckVehicleCheck	c	VEHICLE	0x57E4C39DE5EE8470	boolean	vehicle:Vehicle	
DoesVehicleHaveWeapons	c	VEHICLE	0x25ECB9F8017D98E0	boolean	vehicle:Vehicle	
DoesVehicleTyreExist	c	VEHICLE	0x534E36D4DB9ECC5D	boolean	vehicle:Vehicle,tyreIndex:integer	
DoesVehicleUseFuel	c	CFX	0xEF30A696	boolean	vehicle:Vehicle	
DoesWeaponTakeWeaponComponent	c	WEAPON	0x5CEE3DF569CECAB0	boolean	weaponHash:Hash,componentHash:Hash	
DontRenderInGameUi	c	GRAPHICS	0x22A249A53034450A		p0:boolean	
DontTiltMinimapThisFrame	c	HUD	0x6D14BFDC33B34F55			
DoorControl	c	OBJECT	0x9B12F9A24FABEDB0		modelHash:Hash,x:number,y:number,z:number,locked:boolean,xRotMult:number,yRotMult:number,zRotMult:number	
DoorSystemFindExistingDoor	c	OBJECT	0x589F80B325CC82C5	boolean,Hash	x:number,y:number,z:number,modelHash:Hash,doorOutPointer?:Hash	
DoorSystemGetActive	c	CFX	0xF65BBA4B	table		
DoorSystemGetAutomaticDistance	c	OBJECT	0xE851471AEFC3374F	number	doorHash:Hash	
DoorSystemGetDoorPendingState	c	OBJECT	0x4BC2854478F3A749	integer	doorHash:Hash	
DoorSystemGetDoorState	c	OBJECT	0x160AA1B32F6139B8	integer	doorHash:Hash	
DoorSystemGetIsPhysicsLoaded	c	OBJECT	0xDF97CDD4FC08FD34	boolean	doorHash:Hash	
DoorSystemGetOpenRatio	c	OBJECT	0x65499865FCA6E5EC	number	doorHash:Hash	
DoorSystemGetSize	c	CFX	0x237613B3	integer		
DoorSystemSetAutomaticDistance	c	OBJECT	0x9BA001CB45CBF627		doorHash:Hash,distance:number,requestDoor:boolean,forceUpdate:boolean	
DoorSystemSetAutomaticRate	c	OBJECT	0x03C27E13B42A0E82		doorHash:Hash,rate:number,requestDoor:boolean,forceUpdate:boolean	
DoorSystemSetDoorState	c	OBJECT	0x6BAB9442830C7F53		doorHash:Hash,state:integer,requestDoor:boolean,forceUpdate:boolean	
DoorSystemSetHoldOpen	c	OBJECT	0xD9B71952F78A2640		doorHash:Hash,toggle:boolean	
DoorSystemSetOpenRatio	c	OBJECT	0xB6E6FBA95C7324AC		doorHash:Hash,ajar:number,requestDoor:boolean,forceUpdate:boolean	
DoorSystemSetSpringRemoved	c	OBJECT	0xC485E07E4F0B7958		doorHash:Hash,removed:boolean,requestDoor:boolean,forceUpdate:boolean	
DownloadCheck	c	NETWORK	0x4F18196C8D38768D			CloudCheckAvailability
DrawBinkMovie	c	GRAPHICS	0x7118E83EEB9F7238		binkMovie:integer,posX:number,posY:number,scaleX:number,scaleY:number,rotation:number,r:integer,g:integer,b:integer,a:integer	
DrawBox	c	GRAPHICS	0xD3A9971CADAC7252		x1:number,y1:number,z1:number,x2:number,y2:number,z2:number,red:integer,green:integer,blue:integer,alpha:integer	
DrawCorona	c	CFX	0xFF44780E		posX:number,posY:number,posZ:number,size:number,alpha:integer,red:integer,green:integer,blue:integer,intensity:number,zBias:number,dirX:number,dirY:number,dirZ:number,viewThreshold:number,innerAngle:number,outerAngle:number,flags:integer	
DrawDebugBox	c	GRAPHICS	0x083A2CA4F2E573BD		x1:number,y1:number,z1:number,x2:number,y2:number,z2:number,r:integer,g:integer,b:integer,a:integer	
DrawDebugCross	c	GRAPHICS	0x73B1189623049839		x:number,y:number,z:number,size:number,red:integer,green:integer,blue:integer,alpha:integer	
DrawDebugLine	c	GRAPHICS	0x7FDFADE676AA3CB0		x1:number,y1:number,z1:number,x2:number,y2:number,z2:number,r:integer,g:integer,b:integer,a:integer	
DrawDebugLineWithTwoColours	c	GRAPHICS	0xD8B9A8AC5608FF94		x1:number,y1:number,z1:number,x2:number,y2:number,z2:number,r1:integer,g1:integer,b1:integer,r2:integer,g2:integer,b2:integer,alpha1:integer,alpha2:integer	
DrawDebugSphere	c	GRAPHICS	0xAAD68E1AB39DA632		x:number,y:number,z:number,radius:number,red:integer,green:integer,blue:integer,alpha:integer	
DrawDebugText	c	GRAPHICS	0x3903E216620488E8		text:string,x:number,y:number,z:number,red:integer,green:integer,blue:integer,alpha:integer	
DrawDebugText_2d	c	GRAPHICS	0xA3BB2E9555C05A8F		text:string,x:number,y:number,z:number,red:integer,green:integer,blue:integer,alpha:integer	
DrawFrontendAlert	c	HUD	0x15803FEC3B9A872B		labelTitle:string,labelMsg:string,p2:integer,p3:integer,labelMsg2:string,p5:boolean,p6:integer,p7:integer,p8:string,p9:string,background:boolean,errorCode:integer	SetWarningMessageWithAlert
DrawGizmo	c	CFX	0xEB2EDCA2	boolean	matrixPtr:integer,id:string	
DrawGlowSphere	c	CFX	0xBD25EC89		posX:number,posY:number,posZ:number,radius:number,colorR:integer,colorG:integer,colorB:integer,intensity:number,invert:boolean,marker:boolean	
DrawHudOverFadeThisFrame	c	HUD	0xBF4F34A85CA2970C			
DrawInteractiveSprite	c	GRAPHICS	0x2BC54A8188768488		textureDict:string,textureName:string,screenX:number,screenY:number,width:number,height:number,heading:number,red:integer,green:integer,blue:integer,alpha:integer	
DrawLight	c	CFX	0x374E5298			
DrawLightWithRange	c	GRAPHICS	0xF2A1B2771A01DBD4		posX:number,posY:number,posZ:number,colorR:integer,colorG:integer,colorB:integer,range:number,intensity:number	
DrawLightWithRangeAndShadow	c	GRAPHICS	0xF49E9A9716A04595		x:number,y:number,z:number,r:integer,g:integer,b:integer,range:number,intensity:number,shadow:number	
DrawLightWithRangeWithShadow	c	GRAPHICS	0xF49E9A9716A04595		x:number,y:number,z:number,r:integer,g:integer,b:integer,range:number,intensity:number,shadow:number	DrawLightWithRangeAndShadow
DrawLine	c	GRAPHICS	0x6B7256074AE34680		x1:number,y1:number,z1:number,x2:number,y2:number,z2:number,red:integer,green:integer,blue:integer,alpha:integer	
DrawLine_2d	c	CFX	0xB856A90		x1:number,y1:number,x2:number,y2:number,width:number,r:integer,g:integer,b:integer,a:integer	
DrawLowQualityPhotoToPhone	c	GRAPHICS	0x1072F115DAB0717E		p0:boolean,p1:boolean	
DrawMarker	c	GRAPHICS	0x28477EC23D892089		type:integer,posX:number,posY:number,posZ:number,dirX:number,dirY:number,dirZ:number,rotX:number,rotY:number,rotZ:number,scaleX:number,scaleY:number,scaleZ:number,red:integer,green:integer,blue:integer,alpha:integer,bobUpAndDown:boolean,faceCamera:boolean,rotationOrder:integer,rotate:boolean,textureDict:string,textureName:string,drawOnEnts:boolean	
DrawMarker_2	c	GRAPHICS	0xE82728F0DE75D13A		type:integer,posX:number,posY:number,posZ:number,dirX:number,dirY:number,dirZ:number,rotX:number,rotY:number,rotZ:number,scaleX:number,scaleY:number,scaleZ:number,red:integer,green:integer,blue:integer,alpha:integer,bobUpAndDown:boolean,faceCamera:boolean,rotationOrder:integer,rotate:boolean,textureDict:string,textureName:string,drawOnEnts:boolean,p24:boolean	
DrawNotification	c	HUD	0x2ED7843F8F801023	integer	isImportant:boolean,showInBrief:boolean	EndTextCommandThefeedPostTicker
DrawNotificationApartmentInvite	c	HUD	0x97C9E4E7024A8F2C	integer,integer	crewTypeIsPrivate:boolean,crewTagContainsRockstar:boolean,rank:integer,hasFounderStatus:boolean,isImportant:boolean,clanHandle:integer,r:integer,g:integer,b:integer	EndTextCommandThefeedPostCrewtag
DrawNotificationAward	c	HUD	0xAA295B6F28BD587D	integer	textureDict:string,textureName:string,rpBonus:integer,colorOverlay:integer,titleLabel:string	EndTextCommandThefeedPostAward
DrawNotificationClanInvite	c	HUD	0x137BC35589E34E1E	integer,integer	crewTypeIsPrivate:boolean,crewTagContainsRockstar:boolean,rank:integer,isLeader:boolean,isImportant:boolean,clanHandle:integer,gamerStr:string,r:integer,g:integer,b:integer	EndTextCommandThefeedPostCrewtagWithGameName
DrawNotificationIcon	c	HUD	0xAA295B6F28BD587D	integer	textureDict:string,textureName:string,rpBonus:integer,colorOverlay:integer,titleLabel:string	EndTextCommandThefeedPostAward
DrawNotificationWithButton	c	HUD	0xDD6CB2CCE7C2735C	integer	type:integer,button:string,text:string	EndTextCommandThefeedPostReplayInput
DrawNotificationWithIcon	c	HUD	0xD202B92CBF1D816F	integer	eType:integer,iIcon:integer,sTitle:string	EndTextCommandThefeedPostReplayIcon
DrawNotification_2	c	HUD	0x44FA03975424A0EE	integer	isImportant:boolean,showInBrief:boolean	EndTextCommandThefeedPostTickerForced
DrawNotification_3	c	HUD	0x378E809BF61EC840	integer	isImportant:boolean,showInBrief:boolean	EndTextCommandThefeedPostTickerWithTokens
DrawNotification_4	c	HUD	0xF020C96915705B3A	integer	isImportant:boolean,showInBrief:boolean	EndTextCommandThefeedPostMpticker
DrawPoly	c	GRAPHICS	0xAC26716048436851		x1:number,y1:number,z1:number,x2:number,y2:number,z2:number,x3:number,y3:number,z3:number,red:integer,green:integer,blue:integer,alpha:integer	
DrawRect	c	GRAPHICS	0x3A618A217E5154F0		x:number,y:number,width:number,height:number,r:integer,g:integer,b:integer,a:integer	
DrawRectRotated	c	CFX	0xEC37C168		x:number,y:number,width:number,height:number,rotation:number,r:integer,g:integer,b:integer,a:integer	
DrawScaleformMovie	c	GRAPHICS	0x54972ADAF0294A93		scaleformHandle:integer,x:number,y:number,width:number,height:number,red:integer,green:integer,blue:integer,alpha:integer,unk:integer	
DrawScaleformMovieFullscreen	c	GRAPHICS	0x0DF606929C105BE1		scaleform:integer,red:integer,green:integer,blue:integer,alpha:integer,unk:integer	
DrawScaleformMovieFullscreenMasked	c	GRAPHICS	0xCF537FDE4FBD4CE5		scaleform1:integer,scaleform2:integer,red:integer,green:integer,blue:integer,alpha:integer	
DrawScaleformMovie_3d	c	GRAPHICS	0x87D51D72255D4E78		scaleform:integer,posX:number,posY:number,posZ:number,rotX:number,rotY:number,rotZ:number,p7:number,sharpness:number,p9:number,scaleX:number,scaleY:number,scaleZ:number,p13:any	
DrawScaleformMovie_3dNonAdditive	c	GRAPHICS	0x1CE592FDC749D6F5		scaleform:integer,posX:number,posY:number,posZ:number,rotX:number,rotY:number,rotZ:number,p7:number,p8:number,p9:number,scaleX:number,scaleY:number,scaleZ:number,p13:any	DrawScaleformMovie_3dSolid
DrawScaleformMovie_3dSolid	c	GRAPHICS	0x1CE592FDC749D6F5		scaleform:integer,posX:number,posY:number,posZ:number,rotX:number,rotY:number,rotZ:number,p7:number,p8:number,p9:number,scaleX:number,scaleY:number,scaleZ:number,p13:any	
DrawShowroom	c	GRAPHICS	0x98C4FE6EC34154CA	boolean	p0:string,ped:Ped,p2:integer,posX:number,posY:number,posZ:number	
DrawSphere	c	GRAPHICS	0x799017F9E3B10112		x:number,y:number,z:number,radius:number,r:integer,g:integer,b:integer,opacity:number	
DrawSpotLight	c	GRAPHICS	0xD0F64B265C8C8B33		posX:number,posY:number,posZ:number,dirX:number,dirY:number,dirZ:number,colorR:integer,colorG:integer,colorB:integer,distance:number,brightness:number,hardness:number,radius:number,falloff:number	
DrawSpotLightWithShadow	c	GRAPHICS	0x5BCA583A583194DB		posX:number,posY:number,posZ:number,dirX:number,dirY:number,dirZ:number,colorR:integer,colorG:integer,colorB:integer,distance:number,brightness:number,roundness:number,radius:number,falloff:number,shadowId:integer	
DrawSprite	c	GRAPHICS	0xE7FFAE5EBF23D890		textureDict:string,textureName:string,screenX:number,screenY:number,width:number,height:number,heading:number,red:integer,green:integer,blue:integer,alpha:integer	
DrawSpritePoly	c	GRAPHICS	0x29280002282F1928		x1:number,y1:number,z1:number,x2:number,y2:number,z2:number,x3:number,y3:number,z3:number,red:integer,green:integer,blue:integer,alpha:integer,textureDict:string,textureName:string,u1:number,v1:number,w1:number,u2:number,v2:number,w2:number,u3:number,v3:number,w3:number	DrawTexturedPoly
DrawSpritePoly_2	c	GRAPHICS	0x736D7AA1B750856B		x1:number,y1:number,z1:number,x2:number,y2:number,z2:number,x3:number,y3:number,z3:number,red1:number,green1:number,blue1:number,alpha1:integer,red2:number,green2:number,blue2:number,alpha2:integer,red3:number,green3:number,blue3:number,alpha3:integer,textureDict:string,textureName:string,u1:number,v1:number,w1:number,u2:number,v2:number,w2:number,u3:number,v3:number,w3:number	
DrawSpriteUv	c	GRAPHICS	0x95812F9B26074726		textureDict:string,textureName:string,x:number,y:number,width:number,height:number,u1:number,v1:number,u2:number,v2:number,heading:number,red:integer,green:integer,blue:integer,alpha:integer	
DrawSubtitleTimed	c	HUD	0x9D77056A530643F6		duration:integer,drawImmediately:boolean	EndTextCommandPrint
DrawText	c	HUD	0xCD015E5BB0D96A57		x:number,y:number	EndTextCommandDisplayText
DrawTexturedPoly	c	GRAPHICS	0x29280002282F1928		x1:number,y1:number,z1:number,x2:number,y2:number,z2:number,x3:number,y3:number,z3:number,red:integer,green:integer,blue:integer,alpha:integer,textureDict:string,textureName:string,u1:number,v1:number,w1:number,u2:number,v2:number,w2:number,u3:number,v3:number,w3:number	
DrawTvChannel	c	GRAPHICS	0xFDDC2B4ED3C69DF0		xPos:number,yPos:number,xScale:number,yScale:number,rotation:number,red:integer,green:integer,blue:integer,alpha:integer	
DropAmbientProp	c	PED	0xAFF4710E2A0A6C12		ped:Ped	
DropPlayer	s	CFX	0xBA0613E1		playerSrc:string,reason:string	
DuplicateFunctionReference	b	CFX	0xF4E2079D	string	referenceIdentity:string	
DynamicMixerRelatedFn	c	AUDIO	0x153973AB99FE8980		entity:Entity,groupName:string,fadeIn:number	AddEntityToAudioMixGroup
EjectJb700Roof	c	VEHICLE	0xE38CB9D7D39FDBCC		vehicle:Vehicle,x:number,y:number,z:number	
EnableAircraftObstacleAvoidance	c	VEHICLE	0x8AA9180DE2FEDD45		vehicle:Vehicle,avoidObstacles:boolean	
EnableAlienBloodVfx	c	GRAPHICS	0x9DCE1F0F78260875		toggle:boolean	
EnableAllControlActions	c	PAD	0xA5FFE9B05F199DE7		padIndex:integer	
EnableCargobobHook	c	VEHICLE	0x7BEB0C7A235F6F3B		cargobob:Vehicle,state:integer	CreatePickUpRopeForCargobob
EnableClownBloodVfx	c	GRAPHICS	0xD821490579791273		toggle:boolean	
EnableControlAction	c	PAD	0x351220255D64C155		padIndex:integer,control:integer,enable:boolean	
EnableCrosshairThisFrame	c	CAM	0xEA7F0AD7E9BA676F			
EnableDeathbloodSeethrough	c	HUD	0x4895BDEA16E7C080		p0:integer	PauseMenuRedrawInstructionalButtons
EnableDispatchService	c	MISC	0xDC0F817884CDD856		dispatchService:integer,toggle:boolean	
EnableEditorRuntime	c	CFX	0xC383871D			
EnableEnhancedHostSupport	s	CFX	0xF97B1C93		enabled:boolean	
EnableEntityUnk	c	ENTITY	0x6CE177D014502E8A		entity:Entity	
EnableExteriorCullModelThisFrame	c	INTERIOR	0xA97F257D0151A6AB		mapObjectHash:Hash	
EnableGameplayCam	c	GRAPHICS	0xDFC252D8A3E15AB7		toggle:boolean	TogglePausedRenderphases
EnableIndividualPlanePropeller	c	VEHICLE	0xDC05D2777F855F44		plane:Vehicle,propeller:integer	
EnableInteriorProp	c	INTERIOR	0x55E86AF2712B36A1		interior:integer,entitySetName:string	ActivateInteriorEntitySet
EnableLaserSightRendering	c	WEAPON	0xC8B46D7727D864AA		toggle:boolean	
EnableMoonCycleOverride	c	GRAPHICS	0x2C328AF17210F009		phase:number	
EnableMovieKeyframeWait	c	GRAPHICS	0x74C180030FDE4B69		toggle:boolean	
EnableMovieSubtitles	c	GRAPHICS	0x873FA65C778AD970		toggle:boolean	
EnableMpDlcMaps	c	MISC	0x9BAE5AD2508DF078		toggle:integer	SetInstancePriorityMode
EnableSavingInGarage	c	OBJECT	0xF2E1A7133DD356A6		garageHash:Hash,toggle:boolean	
EnableScriptBrainSet	c	BRAIN	0x67AA4D73F0CFA86B		brainSet:integer	
EnableScriptCullModelThisFrame	c	INTERIOR	0x50C375537449F369		mapObjectHash:Hash	
EnableSpecialAbility	c	PLAYER	0x181EC197DAEFE121		player:Player,toggle:boolean	
EnableStallWarningSounds	c	AUDIO	0xC15907D667F7CFB2		vehicle:Vehicle,enable:boolean	
EnableStuntJumpAudio	c	AUDIO	0xB81CF134AEB56FFB			
EnableStuntJumpSet	c	MISC	0xE369A5783B866016		p0:integer	
EnableSwitchPauseBeforeDescent	c	STREAMING	0xD4793DFF3AF2ABCD			
EnableTennisMode	c	MISC	0x28A04B411933F8A6		ped:Ped,toggle:boolean,p2:boolean	
EnableVehicleExhaustPops	c	AUDIO	0x2BE4BC731D039D5A		vehicle:Vehicle,toggle:boolean	
EnableVehicleFanbeltDamage	c	AUDIO	0x1C073274E065C6D2		vehicle:Vehicle,enableFanbeltDamage:boolean	
EndFindKvp	b	CFX	0xB3210203		handle:integer	
EndFindObject	c	CFX	0xDEDA4E50		findHandle:integer	
EndFindPed	c	CFX	0x9615C2AD		findHandle:integer	
EndFindPickup	c	CFX	0x3C407D53		findHandle:integer	
EndFindVehicle	c	CFX	0x9227415A		findHandle:integer	
EndPetrolTrailDecals	c	GRAPHICS	0x0A123435A26C36CD			
EndReplayStats	c	MISC	0xA23E821FBDF8A5F2			
EndScaleformMovieMethod	c	GRAPHICS	0xC6796A8FFA375E53			
EndScaleformMovieMethodReturn	c	GRAPHICS	0xC50AA39A577AF886	integer		EndScaleformMovieMethodReturnValue
EndScaleformMovieMethodReturnValue	c	GRAPHICS	0xC50AA39A577AF886	integer		
EndSrl	c	STREAMING	0x0A41540E63C9EE17			
EndTextCommandBusyString	c	HUD	0xBD12F8228410D9B4		busySpinnerType:integer	EndTextCommandBusyspinnerOn
EndTextCommandBusyspinnerOn	c	HUD	0xBD12F8228410D9B4		busySpinnerType:integer	
EndTextCommandClearPrint	c	HUD	0xFCC75460ABA29378			
EndTextCommandDisplayHelp	c	HUD	0x238FFE5C7B0498A6		shape:integer,loop:boolean,beep:boolean,duration:integer	
EndTextCommandDisplayText	c	HUD	0xCD015E5BB0D96A57		x:number,y:number	
EndTextCommandGetLineCount	c	HUD	0x9040DFB09BE75706	integer	x:number,y:number	EndTextCommandLineCount
EndTextCommandGetWidth	c	HUD	0x85F061DA64ED2F67	number	p0:boolean	
EndTextCommandIsMessageDisplayed	c	HUD	0x8A9BA1AB3E237613	boolean		
EndTextCommandIsThisHelpMessageBeingDisplayed	c	HUD	0x10BDDBFC529428DD	boolean	hudIndex:integer	
EndTextCommandLineCount	c	HUD	0x9040DFB09BE75706	integer	x:number,y:number	
EndTextCommandObjective	c	HUD	0xCFDBDF5AE59BA0F4		p0:boolean	
EndTextCommandOverrideButtonText	c	HUD	0xA86911979638106F		buttonIndex:integer	
EndTextCommandPrint	c	HUD	0x9D77056A530643F6		duration:integer,drawImmediately:boolean	
EndTextCommandScaleformString	c	GRAPHICS	0x362E2D3FE93A9959			
EndTextCommandScaleformString_2	c	GRAPHICS	0xAE4E8157D9ECF087			EndTextCommandUnparsedScaleformString
EndTextCommandSetBlipName	c	HUD	0xBC38B49BCB83BC9B		blip:Blip	
EndTextCommandThefeedPostAward	c	HUD	0xAA295B6F28BD587D	integer	textureDict:string,textureName:string,rpBonus:integer,colorOverlay:integer,titleLabel:string	
EndTextCommandThefeedPostCrewRankup	c	HUD	0x8EFCCF6EC66D85E4	integer	chTitle:string,clanTxd:string,clanTxn:string,isImportant:boolean,showSubtitle:boolean	
EndTextCommandThefeedPostCrewtag	c	HUD	0x97C9E4E7024A8F2C	integer,integer	crewTypeIsPrivate:boolean,crewTagContainsRockstar:boolean,rank:integer,hasFounderStatus:boolean,isImportant:boolean,clanHandle:integer,r:integer,g:integer,b:integer	
EndTextCommandThefeedPostCrewtagWithGameName	c	HUD	0x137BC35589E34E1E	integer,integer	crewTypeIsPrivate:boolean,crewTagContainsRockstar:boolean,rank:integer,isLeader:boolean,isImportant:boolean,clanHandle:integer,gamerStr:string,r:integer,g:integer,b:integer	
EndTextCommandThefeedPostMessagetext	c	HUD	0x1CCD9A37359072CF	integer	textureDict:string,textureName:string,flash:boolean,iconType:integer,sender:string,subject:string	
EndTextCommandThefeedPostMessagetextEntry	c	HUD	0xC6F580E4C94926AC	integer	txdName:string,textureName:string,flash:boolean,iconType:integer,sender:string,subject:string	EndTextCommandThefeedPostMessagetextGxtEntry
EndTextCommandThefeedPostMessagetextGxtEntry	c	HUD	0xC6F580E4C94926AC	integer	txdName:string,textureName:string,flash:boolean,iconType:integer,sender:string,subject:string	
EndTextCommandThefeedPostMessagetextTu	c	HUD	0x1E6611149DB3DB6B	integer	picTxd:string,picTxn:string,flash:boolean,iconType:integer,nameStr:string,subtitleStr:string,durationMultiplier:number	
EndTextCommandThefeedPostMessagetextWithCrewTag	c	HUD	0x5CBF7BADE20DB93E	integer	picTxd:string,picTxn:string,flash:boolean,iconType:integer,nameStr:string,subtitleStr:string,duration:number,crewPackedStr:string	
EndTextCommandThefeedPostMessagetextWithCrewTagAndAdditionalIcon	c	HUD	0x531B84E7DA981FB6	integer	picTxd:string,picTxn:string,flash:boolean,iconType1:integer,nameStr:string,subtitleStr:string,duration:number,crewPackedStr:string,iconType2:integer,textColor:integer	
EndTextCommandThefeedPostMpticker	c	HUD	0xF020C96915705B3A	integer	isImportant:boolean,showInBrief:boolean	
EndTextCommandThefeedPostReplayIcon	c	HUD	0xD202B92CBF1D816F	integer	eType:integer,iIcon:integer,sTitle:string	
EndTextCommandThefeedPostReplayInput	c	HUD	0xDD6CB2CCE7C2735C	integer	type:integer,button:string,text:string	
EndTextCommandThefeedPostStats	c	HUD	0x2B7E9A4EAAA93C89	integer	statTitle:string,iconEnum:integer,stepVal:boolean,barValue:integer,isImportant:boolean,picTxd:string,picTxn:string	
EndTextCommandThefeedPostTicker	c	HUD	0x2ED7843F8F801023	integer	isImportant:boolean,showInBrief:boolean	
EndTextCommandThefeedPostTickerForced	c	HUD	0x44FA03975424A0EE	integer	isImportant:boolean,showInBrief:boolean	
EndTextCommandThefeedPostTickerWithTokens	c	HUD	0x378E809BF61EC840	integer	isImportant:boolean,showInBrief:boolean	
EndTextCommandThefeedPostUnlock	c	HUD	0x33EE12743CCD6343	any	chTitle:string,iconType:integer,chSubtitle:string	
EndTextCommandThefeedPostUnlockTu	c	HUD	0xC8F3AAF93D0600BF	any	chTitle:string,iconType:integer,chSubtitle:string,isImportant:boolean	
EndTextCommandThefeedPostUnlockTuWithColor	c	HUD	0x7AE0589093A2E088	any	chTitle:string,iconType:integer,chSubtitle:string,isImportant:boolean,titleColor:integer,p5:boolean	
EndTextCommandThefeedPostVersusTu	c	HUD	0xB6871B0555B02996	integer	ch1TXD:string,ch1TXN:string,val1:integer,ch2TXD:string,ch2TXN:string,val2:integer	
EndTextCommandTimer	c	HUD	0xA86911979638106F		buttonIndex:integer	EndTextCommandOverrideButtonText
EndTextCommandUnparsedScaleformString	c	GRAPHICS	0xAE4E8157D9ECF087			
EndTextComponent	c	GRAPHICS	0x362E2D3FE93A9959			EndTextCommandScaleformString
EnsureEntityStateBag	b	CFX	0x3BB78F05		entity:Entity	
EnterCursorMode	c	CFX	0x780DA86			
EntityDescriptionText	c	GRAPHICS	0xDEADC0DEDEADC0DE		entity:Entity	UpdateLightsOnEntity
ExecuteCommand	b	CFX	0x561C060B		commandString:string	
ExpandWorldLimits	c	PLAYER	0x5006D96C995A5827		x:number,y:number,z:number	ExtendWorldBoundaryForPlayer
ExperimentalLoadCloneCreate	c	CFX	0xD2CB95A3	Entity	data:string,objectId:integer,tree:string	
ExperimentalLoadCloneSync	c	CFX	0x6BC189AC		entity:Entity,data:string	
ExperimentalSaveCloneCreate	c	CFX	0x9D65CAD2	string	entity:Entity	
ExperimentalSaveCloneSync	c	CFX	0x38D19210	string	entity:Entity	
ExplodePedHead	c	PED	0x2D05CED3A38D0F3A		ped:Ped,weaponHash:Hash	
ExplodeProjectiles	c	WEAPON	0xFC4BD125DE7611E4		ped:Ped,weaponHash:Hash,p2:boolean	
ExplodeVehicle	c	VEHICLE	0xBA71116ADF5B514C		vehicle:Vehicle,isAudible:boolean,isInvisible:boolean	
ExplodeVehicleInCutscene	c	VEHICLE	0x786A4EB67B01BF0B		vehicle:Vehicle,p1:boolean	
ExtendWorldBoundaryForPlayer	c	PLAYER	0x5006D96C995A5827		x:number,y:number,z:number	
FacebookDoUnkCheck	c	NETWORK	0xA75E2B6733DA5142	boolean		
FacebookIsAvailable	c	NETWORK	0x43865688AE10F0D7	boolean		
FacebookIsSendingData	c	NETWORK	0x62B9FEC9A11F10EF	boolean		
FacebookSetCreateCharacterComplete	c	NETWORK	0xDC48473142545431	boolean		
FacebookSetHeistComplete	c	NETWORK	0x098AB65B9ED9A9EC	boolean	heistName:string,cashEarned:integer,xpEarned:integer	
FacebookSetMilestoneComplete	c	NETWORK	0x0AE1F1653B554AB9	boolean	milestoneId:integer	
FadeDecalsInRange	c	GRAPHICS	0xD77EDADB0420E6E0		x:number,y:number,z:number,radius:number,duration:number	
FadeOutLocalPlayer	c	NETWORK	0x416DBD4CD6ED8DD2		p0:boolean	
FadeUpPedLight	c	GRAPHICS	0xC9B18B4619F48F7B		p0:number	
FilloutPmPlayerList	c	NETWORK	0xCBBD7C4991B64809	boolean,integer	p1:any,p2:any	
FilloutPmPlayerListWithNames	c	NETWORK	0x716B6DB9D1886106	boolean,integer,integer	p2:any,p3:any	
FinalizeHeadBlend	c	PED	0x4668D80430D6C299		ped:Ped	
FindAnimEventPhase	c	ENTITY	0x07F1BE2BCCAA27A7	boolean,integer,integer	animDictionary:string,animName:string,p2:string	
FindFirstObject	c	CFX	0xFAA6CB5D	integer,Entity	outEntity?:Entity	
FindFirstPed	c	CFX	0xFB012961	integer,Entity	outEntity?:Entity	
FindFirstPickup	c	CFX	0x3FF9D340	integer,Entity	outEntity?:Entity	
FindFirstVehicle	c	CFX	0x15E55694	integer,Entity	outEntity?:Entity	
FindKvp	b	CFX	0xBD7BEBC5	string	handle:integer	
FindNextObject	c	CFX	0x4E129DBF	boolean,Entity	findHandle:integer,outEntity?:Entity	
FindNextPed	c	CFX	0xAB09B548	boolean,Entity	findHandle:integer,outEntity?:Entity	
FindNextPickup	c	CFX	0x4107EF0F	boolean,Entity	findHandle:integer,outEntity?:Entity	
FindNextVehicle	c	CFX	0x8839120D	boolean,Entity	findHandle:integer,outEntity?:Entity	
FindRadioStationIndex	c	AUDIO	0x8D67489793FF428B	integer	stationNameHash:integer	
FindRandomPointInSpace	c	VEHICLE	0x8DC9675797123522	vector3	ped:Ped	
FindSpawnPointInDirection	c	MISC	0x6874E2190B0C1972	boolean,vector3	posX:number,posY:number,posZ:number,dirX:number,dirY:number,dirZ:number,distance:number,spawnPoint?:vector3	
FindVehicleCarryingThisEntity	c	VEHICLE	0x375E7FC44F21C8AB	Vehicle	entity:Entity	
FireAirDefenseWeapon	c	WEAPON	0x44F1012B69313374		zoneId:integer,x:number,y:number,z:number	
FixObjectFragment	c	OBJECT	0xF9C1681347C8BD15		object:Object	
FixVehicleWindow	c	VEHICLE	0x772282EBEB95E682		vehicle:Vehicle,windowIndex:integer	
FlagPlayerContextInTournament	c	HUD	0xCEF214315D276FD1		toggle:boolean	
FlagServerAsPrivate	s	CFX	0x13B6855D		private_:boolean	
FlashAbilityBar	c	HUD	0x02CFBA0C9E9275CE		millisecondsToFlash:integer	
FlashMinimapDisplay	c	HUD	0xF2DD778C22B15BDA			
FlashMinimapDisplayWithColor	c	HUD	0x6B1DE27EE78E6A19		hudColorIndex:integer	
FlashWantedDisplay	c	HUD	0xA18AFB39081B6A1F		p0:boolean	
Floor	c	SYSTEM	0xF34EE736CF047844	integer	value:number	
FlushResourceKvp	s	CFX	0xE27C97A0			
ForceAmbientSiren	c	AUDIO	0x552369F549563AD5		shouldPlay:boolean	DistantCopCarSirens
ForceCinematicRenderingThisUpdate	c	CAM	0xA41BCD7213805AAC		enable:boolean	
ForceCleanup	c	PLAYER	0xBC8983F38F78ED51		cleanupFlags:integer	
ForceCleanupForAllThreadsWithThisName	c	PLAYER	0x4C68DDDDF0097317		name:string,cleanupFlags:integer	
ForceCleanupForThreadWithThisId	c	PLAYER	0xF745B37630DF176B		id:integer,cleanupFlags:integer	
ForceCloseReportugcMenu	c	HUD	0xEE4C0E6DBC6F2C6F			
ForceCloseTextInputBox	c	HUD	0x8817605C2BA76200			
ForceEntityAiAndAnimationUpdate	c	ENTITY	0x40FDEDB72F8293B2		entity:Entity	
ForceGameStatePlaying	c	MISC	0xC0AA53F866B3134D			
ForceLightningFlash	c	MISC	0xF6062E089251C898			
ForceMusicTrackList	c	AUDIO	0x4E0AF9114608257C		radioStation:string,trackListName:string,timeOffsetMilliseconds:integer	
ForcePedAiAndAnimationUpdate	c	PED	0x2208438012482A1A		ped:Ped,forceAiPreCameraUpdate:boolean,forceZeroTimestep:boolean	
ForcePedMotionState	c	PED	0xF28965D04F570DCA	boolean	ped:Ped,motionStateHash:Hash,shouldReset:boolean,updateState:integer,forceAIPreCameraUpdate:boolean	
ForcePedPanicWalla	c	AUDIO	0x062D5EAD4DA2FA6A			
ForcePedToOpenParachute	c	PED	0x16E42E800B472221		ped:Ped	
ForcePickupRegenerate	c	OBJECT	0x758A5C1B3B1E1990		p0:any	
ForcePlaybackRecordedVehicleUpdate	c	VEHICLE	0x1F2E4E06DEA8992B		vehicle:Vehicle,p1:boolean	
ForceRadioTrackListPosition	c	AUDIO	0x4E0AF9114608257C		radioStation:string,trackListName:string,timeOffsetMilliseconds:integer	ForceMusicTrackList
ForceRenderInGameUi	c	GRAPHICS	0xDC459CFA0CCE245B		toggle:boolean	
ForceRoomForEntity	c	INTERIOR	0x52923C4710DD9907		entity:Entity,interior:integer,roomHashKey:Hash	
ForceRoomForGameViewport	c	INTERIOR	0x920D853F3E17F1DA		interiorID:integer,roomHashKey:Hash	
ForceSnowPass	c	CFX	0xE6E16170		enabled:boolean	
ForceSocialClubUpdate	c	MISC	0xEB6891F03362FB12			QuitGame
ForceSonarBlipsThisFrame	c	HUD	0x1121BFA1A1A522A8	any		
ForceSubmarineNeurtalBuoyancy	c	VEHICLE	0xC67DB108A9ADE3BE		submarine:Vehicle,time:integer	
ForceSubmarineSurfaceMode	c	VEHICLE	0x33506883545AC0DF		vehicle:Vehicle,toggle:boolean	
ForceUseAudioGameObject	c	AUDIO	0x4F0C413926060B38		vehicle:Vehicle,gameObjectName:string	
ForceVehicleEngineAudio	c	AUDIO	0x4F0C413926060B38		vehicle:Vehicle,gameObjectName:string	ForceUseAudioGameObject
ForceVehicleEngineSynth	c	AUDIO	0xEB7D0E1FCC8FE17A		vehicle:Vehicle,force:boolean	
FormatFocusHeading	c	STREAMING	0x219C7B8D53E429FD	any	x:number,y:number,z:number,rad:number,p4:any,p5:any	StreamvolCreateSphere
FormatStackTrace	b	CFX	0xD70C3BCA	string	traceData:table	
FormatTime	c	NETWORK	0x9E23B1777A927DAD	string	time:integer	GetTimeAsString
FreeMemoryForHighQualityPhoto	c	GRAPHICS	0xD801CC02177FA3F1			
FreeMemoryForLowQualityPhoto	c	GRAPHICS	0x6A12D88881435DCA			
FreeMemoryForMissionCreatorPhoto	c	GRAPHICS	0x0A46AF8A78DC5E0A			
FreezeEntityPosition	b	ENTITY	0x428CA6DBD1094446		entity:Entity,toggle:boolean	
FreezeMicrophone	c	AUDIO	0xD57AAAE0E2214D11			
FreezePedCameraRotation	c	PED	0xFF287323B0E2C69A		ped:Ped	
FreezeRadioStation	c	AUDIO	0x344F393B027E38C3		radioStation:string	
FullyChargeNitrous	c	VEHICLE	0x1A2BCC8C636F9226		vehicle:Vehicle	
GenerateDirectionsToCoord	c	PATHFIND	0xF90125F1F79ECDF8	integer,integer,number,number	x:number,y:number,z:number,p3:boolean	
GetAchievementProgress	c	PLAYER	0x1C186837D0619335	integer	achievement:integer	
GetAchievementProgression	c	PLAYER	0x1C186837D0619335	integer	achievement:integer	GetAchievementProgress
GetActivePlayers	c	CFX	0xCF143FB9	table		
GetActiveScreenResolution	c	GRAPHICS	0x873C9F3104101DD3	integer,integer		GetActualScreenResolution
GetActiveVehicleMissionType	c	TASK	0x534AEBA6E5ED4CAB	integer	vehicle:Vehicle	
GetActiveWebsiteId	c	HUD	0x01A358D9128B7A86	integer		GetCurrentWebpageId
GetActualScreenResolution	c	GRAPHICS	0x873C9F3104101DD3	integer,integer		
GetAiBlip	c	HUD	0x56176892826A4FE8	Blip	ped:Ped	
GetAiBlip_2	c	HUD	0x7CD934010E115C2C	Blip	ped:Ped	
GetAirDragMultiplierForPlayersVehicle	s	CFX	0x62FC38D0	number	playerSrc:string	
GetAircraftBombCount	c	VEHICLE	0xEA12BD130D7569A1	integer	aircraft:Vehicle	GetVehicleBombCount
GetAircraftCountermeasureCount	c	VEHICLE	0xF846AA63DF56B804	integer	aircraft:Vehicle	GetVehicleCountermeasureCount
GetAllObjects	s	CFX	0x6886C3FE	table		
GetAllPeds	s	CFX	0xB8584FEF	table		
GetAllRopes	c	CFX	0x760A2D67	table		
GetAllTrackJunctions	c	CFX	0x81A08523	table		
GetAllVehicleModels	c	CFX	0xD7531645	table		
GetAllVehicles	b	VEHICLE	0x9B8E1BF04B51F2E8	integer,integer	vehArray?:integer		0x332169F5	table	
GetAllocatedStackSize	c	MISC	0x8B3CA62B1EF19B62	integer		
GetAllowMovementWhileZoomed	c	PAD	0xFC859E2374407556	boolean		
GetAmbientPedRangeMultiplier	c	CFX	0xB550232D	number		
GetAmbientVehicleRangeMultiplier	c	CFX	0x667EC929	number		
GetAmbientVoiceNameHash	c	AUDIO	0x5E203DA2BA15D436	Hash	ped:Ped	
GetAmmoInClip	c	WEAPON	0x2E1202248937775C	boolean,integer	ped:Ped,weaponHash:Hash,ammo?:integer	
GetAmmoInPedWeapon	c	WEAPON	0x015A522136D7F951	integer	ped:Ped,weaponhash:Hash	
GetAmmoInVehicleWeaponClip	c	WEAPON	0x2857938C5D407AFA	boolean	vehicle:Vehicle,seat:integer,ammo:integer	
GetAngleBetween_2dVectors	c	MISC	0x186FC4BE848E1C92	number	x1:number,y1:number,x2:number,y2:number	
GetAnimDuration	c	ENTITY	0xFEDDF04D62B8D790	number	animDict:string,animName:string	
GetAnimInitialOffsetPosition	c	PED	0xBE22B26DD764C040	vector3	animDict:string,animName:string,x:number,y:number,z:number,xRot:number,yRot:number,zRot:number,p8:number,p9:integer	
GetAnimInitialOffsetRotation	c	PED	0x4B805E6046EE9E47	vector3	animDict:string,animName:string,x:number,y:number,z:number,xRot:number,yRot:number,zRot:number,p8:number,p9:integer	
GetAreBombBayDoorsOpen	c	VEHICLE	0xD0917A423314BBA8	boolean	aircraft:Vehicle	AreBombBayDoorsOpen
GetAreCameraControlsDisabled	c	PLAYER	0x7C814D2FB49F40C0	boolean		
GetAspectRatio	c	GRAPHICS	0xF1307EF624A80D87	number	physicalAspect:boolean	
GetAudibleMusicTrackTextId	c	AUDIO	0x50B196FC9ED6545B	integer		
GetBaseElementMetadata	c	MISC	0xB335F761606DB47C	boolean,integer,integer	p3:any,p4:boolean	
GetBenchmarkIterationsFromCommandLine	c	MISC	0x4750FC27570311EC	integer		
GetBenchmarkPassFromCommandLine	c	MISC	0x1B2366C3F2A5C8DF	integer		
GetBenchmarkTime	c	MISC	0xE599A503B3837E1B	number		
GetBestPedWeapon	c	WEAPON	0x8483E98E8B888AE2	Hash	ped:Ped,ignoreAmmoCount:boolean	
GetBinkMovieTime	c	GRAPHICS	0x8E17DDD6B9D5BF29	number	binkMovie:integer	
GetBitsInRange	c	MISC	0x53158863FCC0893A	integer	var:integer,rangeStart:integer,rangeEnd:integer	
GetBlipAlpha	c	HUD	0x970F608F0EE6C885	integer	blip:Blip	
GetBlipColour	c	HUD	0xDF729E8D20CF7327	integer	blip:Blip	
GetBlipCoords	c	HUD	0x586AFE3FF72D996E	vector3	blip:Blip	
GetBlipFromEntity	c	HUD	0xBC8DBDCA2436F7E8	Blip	entity:Entity	
GetBlipHudColour	c	HUD	0x729B5F1EFBC0AAEE	integer	blip:Blip	
GetBlipInfoIdCoord	c	HUD	0xFA7C7F0AADF25D09	vector3	blip:Blip	
GetBlipInfoIdDisplay	c	HUD	0x1E314167F701DC3B	integer	blip:Blip	
GetBlipInfoIdEntityIndex	c	HUD	0x4BA4E2553AFEDC2C	Entity	blip:Blip	
GetBlipInfoIdIterator	c	HUD	0x186E5D252FA50E7D	integer		GetWaypointBlipEnumId
GetBlipInfoIdPickupIndex	c	HUD	0x9B6786E4C03DD382	Pickup	blip:Blip	
GetBlipInfoIdType	c	HUD	0xBE9B0959FFD0779B	integer	blip:Blip	
GetBlipRotation	c	HUD	0x003E92BA477F9D7F	integer	blip:Blip	
GetBlipSprite	c	HUD	0x1FC877464A04FC4F	integer	blip:Blip	
GetBoatAnchor	c	VEHICLE	0x26C10ECBDA5D043B	boolean	boat:Vehicle	CanAnchorBoatHere
GetBoatBoomPositionRatio	c	VEHICLE	0x6636C535F6CC2725	number	vehicle:Vehicle	
GetBoatBoomPositionRatio_2	c	VEHICLE	0xC1F981A6F74F0C23		vehicle:Vehicle,p1:boolean	
GetBoatBoomPositionRatio_3	c	VEHICLE	0x0F3B4D4E43177236		vehicle:Vehicle,p1:boolean	
GetBoatVehicleModelAgility	c	VEHICLE	0x5AA3F878A178C4FC	number	modelHash:Hash	
GetBroadcastFinshedLosSound	c	LOADINGSCREEN	0xB0C56BD3D808D863		toggle:boolean	LoadingscreenSetLoadFreemode
GetCalmingQuadAtCoords	c	CFX	0x870E8B40	integer	x:number,y:number	
GetCalmingQuadBounds	c	CFX	0xFF60E63	boolean,integer,integer,integer,integer	waterQuad:integer	
GetCalmingQuadCount	c	CFX	0xCEBFC42	integer		
GetCalmingQuadDampening	c	CFX	0xB0E3A058	boolean,number	waterQuad:integer,calmingQuadDampening?:number	
GetCamActiveViewModeContext	c	CAM	0x19CAFA3C87F7C2FF	integer		
GetCamAnimCurrentPhase	c	CAM	0xA10B2DB49E92A6B0	number	cam:Cam	
GetCamCoord	c	CAM	0xBAC038F7459AE5AE	vector3	cam:Cam	
GetCamDofStrength	c	CAM	0x06D153C0B99B6128	number	cam:Cam	
GetCamFarClip	c	CAM	0xB60A9CFEB21CA6AA	number	cam:Cam	
GetCamFarDof	c	CAM	0x255F8DAFD540D397	number	cam:Cam	
GetCamFov	c	CAM	0xC3330A45CCCDB26A	number	cam:Cam	
GetCamMatrix	c	CFX	0x8F57A89D	vector3,vector3,vector3,vector3	camera:Cam	
GetCamNearClip	c	CAM	0xC520A34DAFBF24B1	number	cam:Cam	
GetCamNearDof	c	CAM	0xC2612D223D915A1C	number	cam:Cam	
GetCamRot	c	CAM	0x7D304C1C955E3E12	vector3	cam:Cam,rotationOrder:integer	
GetCamSplineNodeIndex	c	CAM	0xB22B17DF858716A6	integer	cam:Cam	
GetCamSplineNodePhase	c	CAM	0xD9D0E694C8282C96	number	cam:Cam	
GetCamSplinePhase	c	CAM	0xB5349E36C546509A	number	cam:Cam	
GetCamViewModeForContext	c	CAM	0xEE778F8C7E1142E2	integer	context:integer	
GetCanVehicleJump	c	VEHICLE	0x9078C0C5EF8C19E9	boolean	vehicle:Vehicle	
GetCargobobHookPosition	c	VEHICLE	0xCBDB9B923CACC92D	vector3	cargobob:Vehicle	
GetCauseOfMostRecentForceCleanup	c	PLAYER	0x9A41CF4674A12272	integer		
GetCgoffset	c	PHYSICS	0x8214A4B5A7A33612	vector3	entity:Entity	
GetClipSetForScriptedGunTask	c	TASK	0x3A8CADC7D37AACC5	string	p0:integer	
GetClockDayOfMonth	c	CLOCK	0x3D10BC92A4DB1D35	integer		
GetClockDayOfWeek	c	CLOCK	0xD972E4BD7AEB235F	integer		
GetClockHours	c	CLOCK	0x25223CA6B4D20B7F	integer		
GetClockMinutes	c	CLOCK	0x13D2B8ADD79640F2	integer		
GetClockMonth	c	CLOCK	0xBBC72712E80257A1	integer		
GetClockSeconds	c	CLOCK	0x494E97C2EF27C470	integer		
GetClockYear	c	CLOCK	0x961777E64BDAF717	integer		
GetClosestBlipOfType	c	HUD	0xD484BF71050CA1EE	Blip	blipSprite:integer	
GetClosestFirePos	c	FIRE	0x352A9F6BCF90081F	boolean,vector3	x:number,y:number,z:number	
GetClosestMajorVehicleNode	c	PATHFIND	0x2EABE3B06F58C1BE	boolean,vector3	x:number,y:number,z:number,zMeasureMult:number,zTolerance:integer	
GetClosestObjectOfType	c	OBJECT	0xE143FA2249364369	Object	x:number,y:number,z:number,radius:number,modelHash:Hash,isMission:boolean,p6:boolean,p7:boolean	
GetClosestPed	c	PED	0xC33AB876A77F8164	boolean,Ped	x:number,y:number,z:number,radius:number,p4:boolean,p5:boolean,p7:boolean,p8:boolean,pedType:integer	
GetClosestRoad	c	PATHFIND	0x132F52BBA570FE92	boolean,vector3,vector3,integer,integer,number	x:number,y:number,z:number,minimumEdgeLength:number,minimumLaneCount:integer,onlyMajorRoads:boolean	
GetClosestTrackNodes	c	CFX	0x59FC24A7	table	position:vector3,radius:number	
GetClosestVehicle	c	VEHICLE	0xF73EB622C4F1689B	Vehicle	x:number,y:number,z:number,radius:number,modelHash:Hash,flags:integer	
GetClosestVehicleNode	c	PATHFIND	0x240A18690AE96513	boolean,vector3	x:number,y:number,z:number,nodeFlags:integer,zMeasureMult:number,zTolerance:number	
GetClosestVehicleNodeWithHeading	c	PATHFIND	0xFF071FB798B803B0	boolean,vector3,number	x:number,y:number,z:number,nodeFlags:integer,zMeasureMult:number,zTolerance:integer	
GetCloudHatOpacity	c	MISC	0x20AC25E781AE4A84	number		
GetCloudTimeAsInt	c	NETWORK	0x9A73240B49945C76	integer		
GetCloudTimeAsString	c	NETWORK	0xF12E6CD06C73D69E	string		
GetCollisionNormalOfLastHitForEntity	c	ENTITY	0xE465D4AB7CA6AE72	vector3	entity:Entity	
GetColshapeCircleData	b	CFX	0x1DC0D547	boolean,number,number,number	colShapeId:integer	
GetColshapeCuboidData	b	CFX	0x9D0BC07C	boolean,number,number,number,number,number,number	colShapeId:integer	
GetColshapeCylinderData	b	CFX	0x83B79CDA	boolean,number,number,number,number,number	colShapeId:integer	
GetColshapeDimension	s	CFX	0x8B7A9C14	integer	colShapeId:integer	
GetColshapePolygonData	b	CFX	0xCD8BFE8D	table,number,number	colShapeId:integer	
GetColshapeRectangleData	b	CFX	0xED8B05DF	boolean,number,number,number,number,number,number	colShapeId:integer	
GetColshapeSphereData	b	CFX	0xFF94C6DB	boolean,number,number,number,number	colShapeId:integer	
GetCombatFloat	c	PED	0x52DFF8A10508090A	number	ped:Ped,p1:integer	
GetCommerceItemCat	c	NETWORK	0x6F44CBF56D79FAC0	string	index:integer,index2:integer	
GetCommerceItemId	c	NETWORK	0x662635855957C411	string	index:integer	
GetCommerceItemName	c	NETWORK	0xB4271092CA7EDF48	string	index:integer	
GetCommerceItemNumCats	c	NETWORK	0x2A7776C709904AB0	integer	index:integer	
GetCommerceItemTexturename	c	NETWORK	0x722F5D28B61C5EA8	string	index:integer	
GetCommerceProductPrice	c	NETWORK	0xCA94551B50B4932C	string	index:integer	
GetConsoleBuffer	s	CFX	0xE57429FA	string		
GetContentCategory	c	NETWORK	0xA7BAB11E7C9C6C5A	integer	p0:integer	UgcGetContentCategory
GetContentDescriptionHash	c	NETWORK	0x7CF0448787B23758	integer	p0:any	UgcGetContentDescriptionHash
GetContentFileVersion	c	NETWORK	0x37025B27D9B658B1	any	p0:any,p1:any	UgcGetContentFileVersion
GetContentId	c	NETWORK	0x55AA95F481D694D2	string	p0:integer	UgcGetContentId
GetContentUserId	c	NETWORK	0xCD67AD041A394C9C	string	p0:integer	UgcGetContentUserId
GetControlGroupInstructionalButton	c	PAD	0x80C2FD58D720C801	string	padIndex:integer,controlGroup:integer,p2:boolean	
GetControlInstructionalButton	c	PAD	0x0499D7B09FC9B407	string	padIndex:integer,control:integer,p2:boolean	
GetControlNormal	c	PAD	0xEC3C9B8D5327B563	number	padIndex:integer,control:integer	
GetControlUnboundNormal	c	PAD	0x5B84D09CEC5209C5	number	padIndex:integer,control:integer	
GetControlValue	c	PAD	0xD95E79E8686D2C27	integer	padIndex:integer,control:integer	
GetConvar	b	CFX	0x6CCD2564	string	varName:string,default_:string	
GetConvarBool	b	CFX	0x7E8EBFE5	boolean	varName:string,defaultValue:boolean	
GetConvarFloat	b	CFX	0x9E666D	number	varName:string,defaultValue:number	
GetConvarInt	b	CFX	0x935C0AB2	integer	varName:string,default_:integer	
GetConvertibleRoofState	c	VEHICLE	0xF8C397922FC03F41	integer	vehicle:Vehicle	
GetCoordsAndRotationOfClosestObjectOfType	c	OBJECT	0x163F8B586BC95F2A	any,vector3,vector3	x:number,y:number,z:number,radius:number,modelHash:Hash,rotationOrder:integer	
GetCoordsOfProjectileTypeInArea	c	MISC	0x8D7A43EC6A5FEA45	boolean,vector3	x1:number,y1:number,z1:number,x2:number,y2:number,z2:number,projectileHash:Hash,ownedByPlayer:boolean	
GetCoordsOfProjectileTypeWithinDistance	c	MISC	0xDFB4138EEFED7B81	boolean,vector3	ped:Ped,weaponHash:Hash,distance:number,ownedByPlayer:boolean	
GetCurrentFrontendMenu	c	HUD	0x2309595AD6145265	Hash		GetCurrentFrontendMenuVersion
GetCurrentFrontendMenuVersion	c	HUD	0x2309595AD6145265	Hash		
GetCurrentGameName	c	CFX	0xACA18ECD	string		
GetCurrentIntensity	c	WATER	0x2B2A2CC86778B619	number		GetDeepOceanScaler
GetCurrentLanguage	c	LOCALIZATION	0x2BDD44CC428A7EAE	integer		
GetCurrentLanguageId	c	LOCALIZATION	0x2BDD44CC428A7EAE	integer		GetCurrentLanguage
GetCurrentNotification	c	HUD	0x82352748437638CA	integer		ThefeedGetFirstVisibleDeleteRemaining
GetCurrentNumberOfCloudPhotos	c	GRAPHICS	0x473151EBC762C6DA	integer		
GetCurrentNumberOfPhotos	c	GRAPHICS	0x473151EBC762C6DA	integer		GetCurrentNumberOfCloudPhotos
GetCurrentPedVehicleWeapon	c	WEAPON	0x1017582BCD3832DC	boolean,Hash	ped:Ped,weaponHash?:Hash	
GetCurrentPedWeapon	b	WEAPON	0x3A87E44BB9A01D54	boolean,Hash	ped:Ped,p2:boolean		0xB0237302	Hash	ped:Ped
GetCurrentPedWeaponEntityIndex	c	WEAPON	0x3B390A939AF0B5FC	Entity	ped:Ped	
GetCurrentPlaybackForVehicle	c	VEHICLE	0x42BC05C27A946054	integer	vehicle:Vehicle	
GetCurrentRadioStationHash	c	AUDIO	0x3E65CDE5215832C1	integer	radioStationName:string	GetCurrentRadioTrackPlaybackTime
GetCurrentRadioTrackName	c	AUDIO	0x34D66BC058019CE0	Hash	radioStationName:string	GetCurrentTrackSoundName
GetCurrentRadioTrackPlaybackTime	c	AUDIO	0x3E65CDE5215832C1	integer	radioStationName:string	
GetCurrentResourceName	b	CFX	0xE5E9EBBB	string		
GetCurrentScriptedConversationLine	c	AUDIO	0x480357EE890C295A	integer		
GetCurrentServerEndpoint	c	CFX	0xEA11BFBA	string		
GetCurrentTrackSoundName	c	AUDIO	0x34D66BC058019CE0	Hash	radioStationName:string	
GetCurrentWebpageId	c	HUD	0x01A358D9128B7A86	integer		
GetCurrentWebsiteId	c	HUD	0x97D47996FC48CBAD	integer		
GetCutFileNumSections	c	CUTSCENE	0x0ABC54DE641DC0FC	integer	cutsceneName:string	
GetCutsceneEndTime	c	CUTSCENE	0x971D7B15BCDBEF99	integer		
GetCutscenePlayTime	c	CUTSCENE	0x710286BC5EF4D6E1	integer		
GetCutsceneSectionPlaying	c	CUTSCENE	0x49010A6A396553D8	integer		
GetCutsceneTime	c	CUTSCENE	0xE625BEABBAFFDAB9	integer		
GetCutsceneTotalDuration	c	CUTSCENE	0xEE53B14A19E480D4	integer		
GetDamping	c	PHYSICS	0x8C520A929415BCD2	vector3	entity:Entity,type:integer	
GetDateAndTimeFromUnixEpoch	c	NETWORK	0xAC97AF97FA68E5D5	integer	posixTime:integer,timeStructure?:integer	ConvertPosixTime
GetDeadPedPickupCoords	c	PED	0xCD5003B097200F36	vector3	ped:Ped,p1:number,p2:number	
GetDebugCamera	c	CAM	0x77C3CEC46BE286F6	Cam		
GetDecalWashLevel	c	GRAPHICS	0x323F647679A09103	number	decal:integer	
GetDeepOceanScaler	c	WATER	0x2B2A2CC86778B619	number		
GetDefaultScriptRendertargetRenderId	c	HUD	0x52F0982D7FD156B6	integer		
GetDesObject	c	OBJECT	0xB48FCED898292E52	Object	x:number,y:number,z:number,radius:number,name:string	GetRayfireMapObject
GetDesObjectAnimProgress	c	OBJECT	0x260EE4FDBDF4DB01	number	object:Object	GetRayfireMapObjectAnimPhase
GetDesObjectState	c	OBJECT	0x899BA936634A322E	integer	object:Object	GetStateOfRayfireMapObject
GetDisabledControlNormal	c	PAD	0x11E65974A982637C	number	padIndex:integer,control:integer	
GetDisabledControlUnboundNormal	c	PAD	0x4F8A26A890FD62FB	number	padIndex:integer,control:integer	
GetDisplayNameFromVehicleModel	c	VEHICLE	0xB215AAC32D25D019	string	modelHash:Hash	
GetDistanceBetweenCoords	c	MISC	0xF1B760881820C952	number	x1:number,y1:number,z1:number,x2:number,y2:number,z2:number,useZ:boolean	
GetDlcVehicleData	c	FILES	0x33468EDC08E371F6	boolean,integer	dlcVehicleIndex:integer,outData?:integer	
GetDlcVehicleFlags	c	FILES	0x5549EE11FA22FCF2	integer	dlcVehicleIndex:integer	
GetDlcVehicleModLockHash	c	FILES	0xC098810437312FFF	Hash	hash:Hash	
GetDlcVehicleModel	c	FILES	0xECC01B7C5763333C	Hash	dlcVehicleIndex:integer	
GetDlcWeaponComponentData	c	FILES	0x6CF598A2957C2BF8	boolean,integer	dlcWeaponIndex:integer,dlcWeapCompIndex:integer,ComponentDataPtr?:integer	
GetDlcWeaponComponentDataSp	c	FILES	0x31D5E073B6F93CDC	boolean,integer	dlcWeaponIndex:integer,dlcWeapCompIndex:integer,ComponentDataPtr?:integer	
GetDlcWeaponData	c	FILES	0x79923CD21BECE14E	boolean,integer	dlcWeaponIndex:integer,outData?:integer	
GetDlcWeaponDataSp	c	FILES	0x310836EE7129BA33	boolean,integer	dlcWeaponIndex:integer,outData?:integer	
GetDoesVehicleHaveTombstone	c	VEHICLE	0x71AFB258CCED3A27	boolean	vehicle:Vehicle	
GetDriftTyresEnabled	c	VEHICLE	0x2F5A72430E78C8D3	boolean	vehicle:Vehicle	
GetDuiHandle	c	CFX	0x1655D41D	string	duiObject:integer	
GetEntitiesInRadius	b	CFX	0xDFFBA12F	table	x:number,y:number,z:number,radius:number,entityType:integer,sortByDistance:boolean,models:table	
GetEntityAddress	c	CFX	0x9A3144BC	any	entity:Entity	
GetEntityAlpha	c	ENTITY	0x5A47B3B5E63E94C6	integer	entity:Entity	
GetEntityAnimCurrentTime	c	ENTITY	0x346D81500D088F42	number	entity:Entity,animDict:string,animName:string	
GetEntityAnimTotalTime	c	ENTITY	0x50BD2730B191E360	number	entity:Entity,animDict:string,animName:string	
GetEntityArchetypeName	c	CFX	0x47B870F5	string	entity:Entity	
GetEntityAttachedTo	b	ENTITY	0x48C2BED9180FE123	Entity	entity:Entity	
GetEntityAttachedToCargobob	c	VEHICLE	0x99093F60746708CA	Entity	vehicle:Vehicle	
GetEntityAttachedToTowTruck	c	VEHICLE	0xEFEA18DCF10F8F75	Entity	towTruck:Vehicle	
GetEntityBoneCount	c	ENTITY	0xB328DCC3A3AA401B	integer	entity:Entity	
GetEntityBoneIndexByName	c	ENTITY	0xFB71170B7E76ACBA	integer	entity:Entity,boneName:string	
GetEntityBonePosition_2	c	ENTITY	0x46F8696933A63C9B	vector3	entity:Entity,boneIndex:integer	
GetEntityBoneRotation	c	ENTITY	0xCE6294A232D03786	vector3	entity:Entity,boneIndex:integer	
GetEntityBoneRotationLocal	c	ENTITY	0xBD8D32550E5CEBFE	vector3	entity:Entity,boneIndex:integer	
GetEntityCanBeDamaged	c	ENTITY	0xD95CC5D2AB15A09F	boolean	entity:Entity	
GetEntityCollisionDisabled	b	ENTITY	0xCCF1E97BEFDAE480	boolean	entity:Entity	
GetEntityCollisonDisabled	c	ENTITY	0xCCF1E97BEFDAE480	boolean	entity:Entity	GetEntityCollisionDisabled
GetEntityCoords	b	ENTITY	0x3FEF770D40960D5A	vector3	entity:Entity,alive:boolean		0x1647F1CB	vector3	entity:Entity
GetEntityForwardVector	c	ENTITY	0x0A794A5A57F8DF91	vector3	entity:Entity	
GetEntityForwardX	c	ENTITY	0x8BB4EF4214E0E6D5	number	entity:Entity	
GetEntityForwardY	c	ENTITY	0x866A4A5FAE349510	number	entity:Entity	
GetEntityFromStateBagName	b	CFX	0x4BDF1867	Entity	bagName:string	
GetEntityHeading	b	ENTITY	0xE83D4F9BA2A38914	number	entity:Entity	
GetEntityHeadingFromEulers	c	ENTITY	0x846BF6291198A71E	number	entity:Entity	
GetEntityHealth	b	ENTITY	0xEEF059FAD016D209	integer	entity:Entity	
GetEntityHeight	c	ENTITY	0x5A504562485944DD	number	entity:Entity,X:number,Y:number,Z:number,atTop:boolean,inWorldCoords:boolean	
GetEntityHeightAboveGround	c	ENTITY	0x1DD55701034110E5	number	entity:Entity	
GetEntityIndexFromMapdata	c	CFX	0xEE43540D	integer	mapdata:integer,entity:integer	
GetEntityIndexOfCutsceneEntity	c	CUTSCENE	0x0A2E9FDB9A8C62F6	Entity	cutsceneEntName:string,modelHash:Hash	
GetEntityIndexOfRegisteredEntity	c	CUTSCENE	0xC0741A26499654CD	Entity	cutsceneEntName:string,modelHash:Hash	
GetEntityInsideExplosionArea	c	FIRE	0x14BA4BA137AF6CEC	Entity	explosionType:integer,x1:number,y1:number,z1:number,x2:number,y2:number,z2:number,radius:number	
GetEntityInsideExplosionSphere	c	FIRE	0xB3CD51E3DB86F176	Entity	explosionType:integer,x:number,y:number,z:number,radius:number	
GetEntityLodDist	c	ENTITY	0x4159C2762B5791D6	integer	entity:Entity	
GetEntityMapdataOwner	c	CFX	0xF6B815C5	boolean,integer,integer	entity:Entity	
GetEntityMatrix	c	ENTITY	0xECB2FC7235A7D137	vector3,vector3,vector3,vector3	entity:Entity	
GetEntityMaxHealth	b	ENTITY	0x15D757606D170C3C	integer	entity:Entity	
GetEntityModel	b	ENTITY	0x9F47B058362C84B5	Hash	entity:Entity	
GetEntityOrphanMode	s	CFX	0xD16EA02F	integer	entity:Entity	
GetEntityPhysicsHeading	c	ENTITY	0x846BF6291198A71E	number	entity:Entity	GetEntityHeadingFromEulers
GetEntityPickup	c	ENTITY	0x1F922734E259BD26	Entity	entity:Entity,modelHash:Hash	
GetEntityPitch	c	ENTITY	0xD45DC2893621E1FE	number	entity:Entity	
GetEntityPlayerIsFreeAimingAt	c	PLAYER	0x2975C866E6713290	boolean,Entity	player:Player,entity?:Entity	
GetEntityPopulationType	b	ENTITY	0xF6F5161F4534EDFF	integer	entity:Entity	
GetEntityProofs	c	ENTITY	0xBE8CD9BE829BBEBF	boolean,boolean,boolean,boolean,boolean,boolean,boolean,boolean,boolean	entity:Entity	
GetEntityQuaternion	c	ENTITY	0x7B3703D2D32DFA18	number,number,number,number	entity:Entity	
GetEntityRemoteSyncedScenesAllowed	s	CFX	0x91B38FB6	boolean	entity:Entity	
GetEntityRoll	c	ENTITY	0x831E0242595560DF	number	entity:Entity	
GetEntityRotation	b	ENTITY	0xAFBD61CC738D9EB9	vector3	entity:Entity,rotationOrder:integer		0x8FF45B04	vector3	entity:Entity
GetEntityRotationVelocity	b	ENTITY	0x213B91045D09B983	vector3	entity:Entity	
GetEntityRoutingBucket	s	CFX	0xED4B0486	integer	entity:Entity	
GetEntityScript	b	ENTITY	0xA6E9C38DB51D7748	string,ScrHandle	entity:Entity,script?:ScrHandle		0xB7F70784	string	entity:Entity
GetEntitySpeed	b	ENTITY	0xD5037BA82E12416F	number	entity:Entity	
GetEntitySpeedVector	c	ENTITY	0x9A8D700A51CB7B0D	vector3	entity:Entity,relative:boolean	
GetEntitySubmergedLevel	c	ENTITY	0xE81AFC1BC4CC41CE	number	entity:Entity	
GetEntityType	b	ENTITY	0x8ACD366038D14505	integer	entity:Entity	
GetEntityUprightValue	c	ENTITY	0x95EED5A694951F9F	number	entity:Entity	
GetEntityVelocity	b	ENTITY	0x4805D2B1D8CF94A9	vector3	entity:Entity	
GetEntryPositionOfDoor	c	VEHICLE	0xC0572928C0ABFDA3	vector3	vehicle:Vehicle,doorIndex:integer	
GetEventAtIndex	c	SCRIPT	0xD8F66A3A60C62153	integer	eventGroup:integer,eventIndex:integer	
GetEventData	c	SCRIPT	0x2902843FCD2B2D79	boolean,integer	eventGroup:integer,eventIndex:integer,eventDataSize:integer	
GetEventExists	c	SCRIPT	0x936E6168A9BCEDB5	boolean	eventGroup:integer,eventIndex:integer	
GetExternalKvpFloat	c	CFX	0x3CC98B25	number	resource:string,key:string	
GetExternalKvpInt	c	CFX	0x12B8D689	integer	resource:string,key:string	
GetExternalKvpString	c	CFX	0x9080363A	string	resource:string,key:string	
GetExtraContentPackHasBeenInstalled	c	DLC	0x8D30F648014A92B5	boolean		
GetExtraTimecycleModifierIndex	c	GRAPHICS	0xBB0527EC6341496D	integer		
GetFakeWantedLevel	c	MISC	0x4C9296CBCD1B971E	integer		
GetFallDamageLandOnFootMultiplier	c	CFX	0x2C048945	number		
GetFallDamageMultiplier	c	CFX	0x7C46A6F0	number		
GetFilenameForAudioConversation	c	HUD	0x7B5280EBA9840C72	string	labelName:string	
GetFinalRenderedCamCoord	c	CAM	0xA200EB1EE790F448	vector3		
GetFinalRenderedCamFarClip	c	CAM	0xDFC8CBC606FDB0FC	number		
GetFinalRenderedCamFarDof	c	CAM	0x9780F32BCAF72431	number		
GetFinalRenderedCamFov	c	CAM	0x80EC114669DAEFF4	number		
GetFinalRenderedCamMotionBlurStrength	c	CAM	0x162F9D995753DC19	number		
GetFinalRenderedCamNearClip	c	CAM	0xD0082607100D7193	number		
GetFinalRenderedCamNearDof	c	CAM	0xA03502FC581F7D9B	number		
GetFinalRenderedCamRot	c	CAM	0x5B4E4C817FCC2DFB	vector3	rotationOrder:integer	
GetFinalRenderedInWhenFriendlyFov	c	CAM	0x5F35F6732C3FBBA0	number	player:Player	
GetFinalRenderedInWhenFriendlyRot	c	CAM	0x26903D9CD1175F2C	vector3	player:Player,rotationOrder:integer	
GetFirstBlipInfoId	c	HUD	0x1BEDE233E6CD2A1F	Blip	blipSprite:integer	
GetFirstParentIdForPedType	c	PED	0x68D353AB88B97E0C	integer	type:integer	GetPedHeadBlendFirstIndex
GetFirstPersonAimCamZoomFactor	c	CAM	0x7EC52CC40597D170	number		
GetFocusPedOnScreen	c	CAM	0x89215EC747DF244A	Ped	p0:number,p1:integer,p2:number,p3:number,p4:number,p5:number,p6:number,p7:integer,p8:integer	
GetFollowPedCamViewMode	c	CAM	0x8D4D46230B2C353A	integer		
GetFollowPedCamZoomLevel	c	CAM	0x33E6C8EFD0CD93E9	integer		
GetFollowVehicleCamViewMode	c	CAM	0xA4FF579AC0E3AAAE	integer		
GetFollowVehicleCamZoomLevel	c	CAM	0xEE82280AB767B690	integer		
GetForcedComponent	c	FILES	0x6C93ED8C2F74859B	Hash,integer,integer	componentHash:Hash,forcedComponentIndex:integer	
GetForcedProp	c	FILES	0xE1CA84EBF72E691D	Hash,integer,integer	componentHash:Hash,forcedPropIndex:integer	
GetFrameCount	c	MISC	0xFC8202EFC642E6F2	integer		
GetFrameTime	c	MISC	0x15C40837039FFAF7	number		
GetFreeStackSlotsCount	c	MISC	0xFEAD16FC8F9DFC0F	integer	stackSize:integer	GetNumberOfFreeStacksOfThisSize
GetFuelConsumptionRateMultiplier	c	CFX	0x5550BF9F	number		
GetFuelConsumptionState	c	CFX	0xC66CD90C	boolean		
GetGameBuildNumber	b	CFX	0x804B9F7B	integer		
GetGameName	b	CFX	0xE8EAA18B	string		
GetGamePool	b	CFX	0x2B9D4F50	table	poolName:string	
GetGameTimer	b	MISC	0x9CD27B0045628463	integer		
GetGameVersion	c	NETWORK	0xFCA9373EF340AC0A	string		GetOnlineVersion
GetGameplayCamCoord	c	CAM	0x14D6F5678D8F1B37	vector3		
GetGameplayCamCoords	c	CAM	0xA200EB1EE790F448	vector3		GetFinalRenderedCamCoord
GetGameplayCamFarClip	c	CAM	0xDFC8CBC606FDB0FC	number		GetFinalRenderedCamFarClip
GetGameplayCamFarClip_2	c	CAM	0x162F9D995753DC19	number		GetFinalRenderedCamMotionBlurStrength
GetGameplayCamFarDof	c	CAM	0x9780F32BCAF72431	number		GetFinalRenderedCamFarDof
GetGameplayCamFov	c	CAM	0x65019750A0324133	number		
GetGameplayCamNearClip	c	CAM	0xD0082607100D7193	number		GetFinalRenderedCamNearClip
GetGameplayCamNearDof	c	CAM	0xA03502FC581F7D9B	number		GetFinalRenderedCamNearDof
GetGameplayCamRelativeHeading	c	CAM	0x743607648ADD4587	number		
GetGameplayCamRelativePitch	c	CAM	0x3A6867B4845BEDA2	number		
GetGameplayCamRot	c	CAM	0x837765A25378F0BB	vector3	rotationOrder:integer	
GetGameplayCamRot_2	c	CAM	0x5B4E4C817FCC2DFB	vector3	rotationOrder:integer	GetFinalRenderedCamRot
GetGameplayCamZoom	c	CAM	0x7EC52CC40597D170	number		GetFirstPersonAimCamZoomFactor
GetGlobalActionscriptFlag	c	HUD	0xE3B05614DCE1D014	integer	flagIndex:integer	
GetGlobalCharBuffer	c	MISC	0x24DA7D7667FD7B09	string		
GetGlobalPassengerMassMultiplier	c	CFX	0x78951816	number		
GetGlobalWaterType	c	STREAMING	0xF741BD853611592D	integer		
GetGpsBlipRouteFound	c	PATHFIND	0x869DAACBBE9FA006	boolean		
GetGpsBlipRouteLength	c	PATHFIND	0xBBB45C3CF5C8AA85	integer		
GetGpsWaypointRouteEnd	c	PATHFIND	0xF3162836C28F9DA5	boolean,vector3	bStartAtPlayerPos:boolean,fDistanceAlongRoute:number,slotType:integer	GetPosAlongGpsTypeRoute
GetGroundZAndNormalFor_3dCoord	c	MISC	0x8BDC7BFC57A81E76	boolean,number,vector3	x:number,y:number,z:number	
GetGroundZCoordWithOffsets	c	MISC	0x8BDC7BFC57A81E76	boolean,number,vector3	x:number,y:number,z:number	GetGroundZAndNormalFor_3dCoord
GetGroundZExcludingObjectsFor_3dCoord	c	MISC	0x9E82F0F362881B29	boolean,number	x:number,y:number,z:number,waterAsGround:boolean	
GetGroundZFor_3dCoord	c	MISC	0xC906A7DAB05C8D2B	boolean,number	x:number,y:number,z:number,includeWater:boolean	
GetGroundZFor_3dCoord_2	c	MISC	0x9E82F0F362881B29	boolean,number	x:number,y:number,z:number,waterAsGround:boolean	GetGroundZExcludingObjectsFor_3dCoord
GetGroupSize	c	PED	0x8DE69FE35CA09A45	integer,integer	groupID:integer	
GetHairRgbColor	c	PED	0x4852FC386E2E1BB5	integer,integer,integer	hairColorIndex:integer	GetPedHairRgbColor
GetHasLowerableWheels	c	VEHICLE	0xDCA174A42133F08C	boolean	vehicle:Vehicle	GetHasRetractableWheels
GetHasObjectFragInst	c	PHYSICS	0x0C112765300C7E1E	boolean	object:Object	
GetHasRetractableWheels	c	VEHICLE	0xDCA174A42133F08C	boolean	vehicle:Vehicle	
GetHasRocketBoost	c	VEHICLE	0x36D782F68B309BDA	boolean	vehicle:Vehicle	
GetHashKey	b	MISC	0xD24D37CC275948CC	Hash	string:string	
GetHashNameForComponent	c	FILES	0x0368B3A838070348	Hash	entity:Entity,componentId:integer,drawableVariant:integer,textureVariant:integer	
GetHashNameForProp	c	FILES	0x5D6160275CAEC8DD	Hash	entity:Entity,componentId:integer,propIndex:integer,propTextureIndex:integer	
GetHashOfMapAreaAtCoords	c	ZONE	0x7EE64D51E8498728	Hash	x:number,y:number,z:number	
GetHashOfThisScriptName	c	SCRIPT	0x8A1C8B1738FFE87E	Hash		
GetHeadingFromVector_2d	c	MISC	0x2FFB6B224F4B2926	number	dx:number,dy:number	
GetHeightmapBottomZForArea	c	PATHFIND	0x3599D741C9AC6310	number	x1:number,y1:number,x2:number,y2:number	
GetHeightmapBottomZForPosition	c	PATHFIND	0x336511A34F2E5185	number	x:number,y:number	
GetHeightmapTopZForArea	c	PATHFIND	0x8ABE8608576D9CE3	number	x1:number,y1:number,x2:number,y2:number	
GetHeightmapTopZForPosition	c	PATHFIND	0x29C24BFBED8AB8FB	number	x:number,y:number	
GetHeliBodyHealth	s	CFX	0xA886495D	integer	heli:Vehicle	
GetHeliDisableExplodeFromBodyDamage	s	CFX	0x82AFC0A3	boolean	heli:Vehicle	
GetHeliEngineHealth	b	CFX	0xA0FA0354	integer	heli:Vehicle	
GetHeliGasTankHealth	s	CFX	0xD4EC7858	integer	heli:Vehicle	
GetHeliMainRotorDamageScale	s	CFX	0xC37D668	number	heli:Vehicle	
GetHeliMainRotorHealth	b	VEHICLE	0xE4CB7541F413D2C5	number	vehicle:Vehicle	
GetHeliPitchControl	s	CFX	0x1944AC95	number	heli:Vehicle	
GetHeliRearRotorDamageScale	s	CFX	0xC40161E2	number	heli:Vehicle	
GetHeliRearRotorHealth	s	CFX	0x33EE6E2B	number	vehicle:Vehicle	
GetHeliRollControl	s	CFX	0x12948DE9	number	heli:Vehicle	
GetHeliTailBoomHealth	c	VEHICLE	0xAC51915D27E4A5F7	number	vehicle:Vehicle	
GetHeliTailRotorDamageScale	s	CFX	0x22239130	number	heli:Vehicle	
GetHeliTailRotorHealth	b	VEHICLE	0xAE8CE82A4219AC8C	number	heli:Vehicle	
GetHeliThrottleControl	s	CFX	0x8E86238D	number	heli:Vehicle	
GetHeliYawControl	s	CFX	0x8FDC0768	number	heli:Vehicle	
GetHostId	s	CFX	0x5F70F5A3	string		
GetHudColour	c	HUD	0x7C9C91AB74A0360F	integer,integer,integer,integer	hudColorIndex:integer	
GetHudComponentAlign	c	CFX	0xCD949E20	integer,integer	id:integer	
GetHudComponentName	c	CFX	0xA91866BC	string	id:integer	
GetHudComponentPosition	c	HUD	0x223CA69A8C4417FD	vector3	id:integer	
GetHudComponentSize	c	CFX	0x12217D33	vector3	id:integer	
GetHudScreenPositionFromWorldPosition	c	HUD	0xF9904D11F1ACBEC3	boolean,number,number	worldX:number,worldY:number,worldZ:number	
GetHydraulicWheelValue	c	VEHICLE	0x0BB5CBDDD0F25AE3	number	vehicle:Vehicle,wheelId:integer	
GetIdOfNextThreadInEnumeration	c	SCRIPT	0x30B4FA1C82DD4B9F	integer		ScriptThreadIteratorGetNextThreadId
GetIdOfThisThread	c	SCRIPT	0xC30338E8088E2E21	integer		
GetIdealPlayerSwitchType	c	STREAMING	0xB5D7B26B45720E05	integer	x1:number,y1:number,z1:number,x2:number,y2:number,z2:number	
GetIndexOfCurrentLevel	c	MISC	0xCBAD6729F7B1F4FC	integer		
GetIndexedItemInItemset	c	ITEMSET	0x7A197E2521EE2BAB	any	p0:any,p1:any	
GetInstanceId	b	CFX	0x9F1C4383	integer		
GetInteriorAtCoords	c	INTERIOR	0xB0F7F8663821D9C3	integer	x:number,y:number,z:number	
GetInteriorAtCoordsWithType	c	INTERIOR	0x05B7A89BD78797FC	integer	x:number,y:number,z:number,interiorType:string	
GetInteriorAtCoordsWithTypehash	c	INTERIOR	0xF0F77ADB9F67E79D	integer	x:number,y:number,z:number,typeHash:Hash	
GetInteriorEntitiesExtents	c	CFX	0x322B1192	number,number,number,number,number,number	interiorId:integer	
GetInteriorFromCollision	c	INTERIOR	0xEC4CF9FCB29A4424	integer	x:number,y:number,z:number	
GetInteriorFromEntity	c	INTERIOR	0x2107BA504071A6BB	integer	entity:Entity	
GetInteriorFromGameplayCam	c	INTERIOR	0xE7D267EC6CA966C3	integer		GetInteriorFromPrimaryView
GetInteriorFromPrimaryView	c	INTERIOR	0xE7D267EC6CA966C3	integer		
GetInteriorGroupId	c	INTERIOR	0xE4A84ABF135EF91A	integer	interior:integer	
GetInteriorHeading	c	INTERIOR	0xF49B58631D9E22D9	number	interior:integer	
GetInteriorInfo	c	INTERIOR	0x252BDC06B73FA6EA	vector3,Hash	interior:integer	GetInteriorLocationAndNamehash
GetInteriorLocationAndNamehash	c	INTERIOR	0x252BDC06B73FA6EA	vector3,Hash	interior:integer	
GetInteriorPortalCornerPosition	c	CFX	0xF772BB2C	number,number,number	interiorId:integer,portalIndex:integer,cornerIndex:integer	
GetInteriorPortalCount	c	CFX	0xD05BB8B1	integer	interiorId:integer	
GetInteriorPortalEntityArchetype	c	CFX	0x9A0E1700	integer	interiorId:integer,portalIndex:integer,entityIndex:integer	
GetInteriorPortalEntityCount	c	CFX	0xC68021B	integer	interiorId:integer,portalIndex:integer	
GetInteriorPortalEntityFlag	c	CFX	0x9DA2E811	integer	interiorId:integer,portalIndex:integer,entityIndex:integer	
GetInteriorPortalEntityPosition	c	CFX	0x9B7AB83C	number,number,number	interiorId:integer,portalIndex:integer,entityIndex:integer	
GetInteriorPortalEntityRotation	c	CFX	0x9F9CEB63	number,number,number,number	interiorId:integer,portalIndex:integer,entityIndex:integer	
GetInteriorPortalFlag	c	CFX	0xC74DA47C	integer	interiorId:integer,portalIndex:integer	
GetInteriorPortalRoomFrom	c	CFX	0xAA9C141D	integer	interiorId:integer,portalIndex:integer	
GetInteriorPortalRoomTo	c	CFX	0x3F47F0E8	integer	interiorId:integer,portalIndex:integer	
GetInteriorPosition	c	CFX	0x77A435B0	number,number,number	interiorId:integer	
GetInteriorRoomCount	c	CFX	0xA2737C2C	integer	interiorId:integer	
GetInteriorRoomExtents	c	CFX	0xF9E795DD	number,number,number,number,number,number	interiorId:integer,roomIndex:integer	
GetInteriorRoomFlag	c	CFX	0x6B7AF743	integer	interiorId:integer,roomIndex:integer	
GetInteriorRoomIndexByHash	c	CFX	0xE0EE05F8	integer	interiorId:integer,roomHash:integer	
GetInteriorRoomName	c	CFX	0x11755DF2	string	interiorId:integer,roomIndex:integer	
GetInteriorRoomTimecycle	c	CFX	0x82BA3F88	integer	interiorId:integer,roomIndex:integer	
GetInteriorRotation	c	CFX	0x5A039998	number,number,number,number	interiorId:integer	
GetInvokingResource	b	CFX	0x4D52FE5B	string		
GetIsArenaPropPhysicsDisabled	c	OBJECT	0x43C677F1E1158005	boolean	entity:Object,p1:any	
GetIsAutoSaveOff	c	MISC	0x6E04F06094C87047	boolean		
GetIsBoatCapsized	c	VEHICLE	0xBA91D045575699AD	boolean	vehicle:Vehicle	
GetIsDoorValid	c	VEHICLE	0x645F4B6E8499F632	boolean	vehicle:Vehicle,doorIndex:integer	
GetIsHeliEngineRunning	s	CFX	0x3EFE38D1	boolean	heli:Vehicle	
GetIsHidef	c	GRAPHICS	0x84ED31191CC5D2C9	boolean		
GetIsLeftVehicleHeadlightDamaged	c	VEHICLE	0x5EF77C9ADD3B11A3	boolean	vehicle:Vehicle	
GetIsLoadingScreenActive	c	DLC	0x10D0A8F259E93EC9	boolean		
GetIsMultiplayerBrief	c	CAM	0xE3433EADAAF7EE40		toggle:boolean	SetGameplayHintAnimCloseup
GetIsPedGadgetEquipped	c	WEAPON	0xF731332072F5156C	boolean	ped:Ped,gadgetHash:Hash	
GetIsPetrolDecalInRange	c	GRAPHICS	0x2F09F7976C512404	boolean	xCoord:number,yCoord:number,zCoord:number,radius:number	
GetIsPlayerDrivingOnHighway	c	PLAYER	0x5FC472C501CCADB3	boolean	playerId:Player	
GetIsPlayerInAnimalForm	c	MISC	0x9689123E3F213AA5	boolean		
GetIsPreloadedConversationReady	c	AUDIO	0xE73364DB90778FFA	boolean		
GetIsProjectileTypeInArea	c	MISC	0x8D7A43EC6A5FEA45	boolean,vector3	x1:number,y1:number,z1:number,x2:number,y2:number,z2:number,projectileHash:Hash,ownedByPlayer:boolean	GetCoordsOfProjectileTypeInArea
GetIsRightVehicleHeadlightDamaged	c	VEHICLE	0xA7ECB73355EB2F20	boolean	vehicle:Vehicle	
GetIsSlowRoadFlag	c	PATHFIND	0x4F5070AA58F69279	boolean	nodeID:integer	GetVehicleNodeIsSwitchedOff
GetIsSubmarineVehicleTransformed	c	VEHICLE	0xA77DC70BD689A1E5	boolean	vehicle:Vehicle	IsVehicleInSubmarineMode
GetIsTaskActive	c	TASK	0xB0760331C7AA4155	boolean	ped:Ped,taskIndex:integer	
GetIsUsingAlternateDriveby	c	PAD	0x0F70731BACCFBB96	boolean		
GetIsVehicleElectric	c	VEHICLE	0x1FCB07FE230B6639	boolean	vehicleModel:Hash	
GetIsVehicleEmpDisabled	c	VEHICLE	0x0506ED94363AD905	boolean	vehicle:Vehicle	
GetIsVehicleEngineRunning	b	VEHICLE	0xAE31E7DF9B5B132E	boolean	vehicle:Vehicle	
GetIsVehiclePrimaryColourCustom	b	VEHICLE	0xF095C0405307B21B	boolean	vehicle:Vehicle	
GetIsVehicleSecondaryColourCustom	b	VEHICLE	0x910A32E7AAD2656C	boolean	vehicle:Vehicle	
GetIsVehicleShuntBoostActive	c	VEHICLE	0xA2459F72C14E2E8D	boolean	vehicle:Vehicle	
GetIsWaypointRecordingLoaded	c	TASK	0xCB4E8BE8A0063C5D	boolean	name:string	
GetIsWheelsLoweredStateActive	c	VEHICLE	0x1DA0DA9CB3F0C8BF	boolean	vehicle:Vehicle	
GetIsWidescreen	c	GRAPHICS	0x30CF4BDA4FCB1905	boolean		
GetItemsetSize	c	ITEMSET	0xD9127E83ABF7C631	any	x:ScrHandle	
GetJackTarget	c	PED	0x5486A79D9FBD342D	Ped	ped:Ped	
GetKeyForEntityInRoom	c	INTERIOR	0x399685DB942336BC	Hash	entity:Entity	
GetKillFallHeight	c	CFX	0x57888D4C	number		
GetLabelText	c	HUD	0x7B5280EBA9840C72	string	labelName:string	GetFilenameForAudioConversation
GetLandingGearState	b	VEHICLE	0x9B0F3DCA3DB0F4CD	integer	vehicle:Vehicle	
GetLastDrivenVehicle	c	VEHICLE	0xB2D06FAEDE65B577	Vehicle		
GetLastInputMethod	c	PAD	0xA571D46727E2B718	boolean	padIndex:integer	IsUsingKeyboard
GetLastMaterialHitByEntity	c	ENTITY	0x5C3D0A935F535C4C	Hash	entity:Entity	
GetLastPedInVehicleSeat	b	VEHICLE	0x83F969AA1EE2A664	Ped	vehicle:Vehicle,seatIndex:integer		0xF7C6792D	Entity	vehicle:Vehicle,seatIndex:integer
GetLastRammedVehicle	c	VEHICLE	0x04F2FA6E234162F7	Vehicle	vehicle:Vehicle	
GetLengthOfLiteralString	c	HUD	0xF030907CCBB8A9FD	integer	string:string	
GetLengthOfLiteralStringInBytes	c	HUD	0x43E4111189E54F0E	integer	string:string	
GetLengthOfString	c	HUD	0x43E4111189E54F0E	integer	string:string	GetLengthOfLiteralStringInBytes
GetLengthOfStringWithThisTextLabel	c	HUD	0x801BD273D3A23F74	integer	gxt:string	
GetLevelBlipSprite	c	HUD	0x4A9923385BDB9DAD	integer		GetStandardBlipEnumId
GetLinePlaneIntersection	c	MISC	0xF56DFB7B61BE7276	boolean,number	x1:number,y1:number,z1:number,x2:number,y2:number,z2:number,planeX:number,planeY:number,planeZ:number,planeNormalX:number,planeNormalY:number,planeNormalZ:number,intersectionParameter?:number	
GetLiveryName	c	VEHICLE	0xB4C7A93837C91A1F	string	vehicle:Vehicle,liveryIndex:integer	
GetLocalPlayerAimState	c	PAD	0xBB41AFBBBC0A0287	integer		
GetLocalPlayerAimState_2	c	PAD	0x59B9A7AF4C95133C	integer		GetLocalPlayerGamepadAimState
GetLocalPlayerGamepadAimState	c	PAD	0x59B9A7AF4C95133C	integer		
GetLocalTime	c	CLOCK	0x50C7A99057A69748	integer,integer,integer,integer,integer,integer		
GetLockonDistanceOfCurrentPedWeapon	c	WEAPON	0x840F03E9041E2C9C	number	ped:Ped	
GetLockonRangeOfCurrentPedWeapon	c	WEAPON	0x840F03E9041E2C9C	number	ped:Ped	GetLockonDistanceOfCurrentPedWeapon
GetLodscale	c	STREAMING	0x0C15B0E443B2349D	number		
GetMainPlayerBlipId	c	HUD	0xDCD4EC3F419D02FA	Blip		
GetMakeNameFromVehicleModel	c	VEHICLE	0xF7AF4F159FF99F97	string	modelHash:Hash	
GetMakeupRgbColor	c	PED	0x013E5CFC38CD5387	integer,integer,integer	makeupColorIndex:integer	GetPedMakeupRgbColor
GetMapZoomDataLevel	c	CFX	0x1363A998	boolean,number,number,number,number,number	index:integer	
GetMapdataEntityHandle	c	CFX	0x30AA6911	boolean,integer	mapDataHash:integer,entityInternalIdx:integer,entityHandle?:integer	
GetMapdataEntityMatrix	c	CFX	0x2C3CDA93	boolean	mapDataHash:integer,entityInternalIdx:integer,matrixPtr:integer	
GetMapdataFromHashKey	c	CFX	0xD29D8EDD	integer	mapdataHandle:Hash	
GetMaxAmmo	c	WEAPON	0xDC16122C7A20C933	boolean,integer	ped:Ped,weaponHash:Hash,ammo?:integer	
GetMaxAmmoByType	c	WEAPON	0x585847C5E4E11709	boolean,integer	ped:Ped,ammoType:Hash,ammo?:integer	
GetMaxAmmoInClip	c	WEAPON	0xA38DCFFCEA8962FA	integer	ped:Ped,weaponHash:Hash,p2:boolean	
GetMaxAmmo_2	c	WEAPON	0x585847C5E4E11709	boolean,integer	ped:Ped,ammoType:Hash,ammo?:integer	GetMaxAmmoByType
GetMaxNumNetworkObjects	c	NETWORK	0xC7BE335216B5EC7C	integer		
GetMaxNumNetworkPeds	c	NETWORK	0x0C1F7D49C39D2289	integer		
GetMaxNumNetworkPickups	c	NETWORK	0xA72835064DD63E4C	integer		
GetMaxNumNetworkVehicles	c	NETWORK	0x0AFCE529F69B21FF	integer		
GetMaxRangeOfCurrentPedWeapon	c	WEAPON	0x814C9D19DFD69679	number	ped:Ped	
GetMaxWantedLevel	c	PLAYER	0x462E0DB9B137DC5F	integer		
GetMaximumNumberOfCloudPhotos	c	GRAPHICS	0xDC54A7AF8B3A14EF	integer		
GetMaximumNumberOfPhotos	c	GRAPHICS	0x34D23450F028B0BF	integer		
GetMaximumNumberOfPhotos_2	c	GRAPHICS	0xDC54A7AF8B3A14EF	integer		GetMaximumNumberOfCloudPhotos
GetMeleeTargetForPed	c	PED	0x18A3E9EE1297FD39	Ped	ped:Ped	
GetMenuLayoutChangedEventDetails	c	HUD	0x7E17BE53E1AAABAF	integer,integer,integer		
GetMenuPedBoolStat	c	HUD	0x052991E59076E4E4	boolean,integer	p0:Hash,p1?:integer	
GetMenuPedFloatStat	c	HUD	0x5FBD7095FE7AE57F	boolean,number	p0:any,p1?:number	
GetMenuPedIntStat	c	HUD	0xEF4CED81CEBEDC6D	boolean,integer	p0:any,p1?:integer	
GetMenuPedMaskedIntStat	c	HUD	0x90A6526CF0381030	boolean,integer	p0:any,p2:any,p3:any	
GetMillisecondsPerGameMinute	c	CLOCK	0x2F8B4D1C595B11DB	integer		
GetMinimapFowCoordinateIsRevealed	c	HUD	0x6E31B91145873922	boolean	x:number,y:number,z:number	
GetMinimapFowDiscoveryRatio	c	HUD	0xE0130B41D3CF4574	number		
GetMinimapRevealPercentage	c	HUD	0xE0130B41D3CF4574	number		GetMinimapFowDiscoveryRatio
GetMissionFlag	c	MISC	0xA33CDCCDA663159E	boolean		
GetMobilePhonePosition	c	MOBILE	0x584FDFDA48805B86	vector3	position?:vector3	
GetMobilePhoneRenderId	c	MOBILE	0xB4A53E05F68B6FA1	integer	renderId?:integer	
GetMobilePhoneRotation	c	MOBILE	0x1CEFB61F193070AE	vector3	p1:Vehicle	
GetModSlotName	c	VEHICLE	0x51F0FEB9F6AE98C0	string	vehicle:Vehicle,modType:integer	
GetModTextLabel	c	VEHICLE	0x8935624F8C5592CC	string	vehicle:Vehicle,modType:integer,modValue:integer	
GetModelDimensions	c	MISC	0x03E8D3D5F549087A	vector3,vector3	modelHash:Hash	
GetMount	c	PED	0xE7E11B8DCBED1058	Ped	ped:Ped	
GetMouseEvent	c	HUD	0x632B2940C67F4EA9	boolean,boolean,integer,integer,integer	scaleformHandle:integer	
GetMusicPlaytime	c	AUDIO	0xE7A0D23DC414507B	integer		
GetMusicVolSlider	c	AUDIO	0x3A48AB4445D499BE	integer		
GetNameOfThread	c	SCRIPT	0x05A42BA9FC8DA96B	string	threadId:integer	
GetNameOfZone	c	ZONE	0xCD90657D4C30E1CA	string	x:number,y:number,z:number	
GetNamedRendertargetRenderId	c	HUD	0x1A6478B61C6BDC3B	integer	name:string	
GetNavmeshRouteDistanceRemaining	c	TASK	0xC6F5C0BCDC74D62D	integer,number,boolean	ped:Ped	
GetNavmeshRouteResult	c	TASK	0x632E831F382A0FA8	integer	ped:Ped	
GetNearestPlayerToEntity	c	ENTITY	0x7196842CB375CDB3	Player	entity:Entity	
GetNearestPlayerToEntityOnTeam	c	ENTITY	0x4DC9A62F844D9337	Player	entity:Entity,team:integer	
GetNetTypeFromEntity	s	CFX	0x23B2A641	integer	entity:Entity	
GetNetworkIdFromSoundId	c	AUDIO	0x2DE3F0A134FFBC0D	integer	soundId:integer	
GetNetworkTime	c	NETWORK	0x7A5487FE9FAA6B48	integer		
GetNetworkTimeAccurate	c	NETWORK	0x89023FBBF9200E9F	integer		
GetNewSelectedMissionCreatorBlip	c	HUD	0x5C90988E7C8E1AF4	Blip		
GetNextAudibleBeat	c	AUDIO	0xC64A06D939F826F5	boolean,number,number,integer		
GetNextBlipInfoId	c	HUD	0x14F96AA50D6FBEA7	Blip	blipSprite:integer	
GetNextGpsDisabledZoneIndex	c	PATHFIND	0xD3A6A0EF48823A8C	integer	index:integer	
GetNextWeatherType	c	MISC	0x711327CD09C8F162	Hash		GetNextWeatherTypeHashName
GetNextWeatherTypeHashName	c	MISC	0x711327CD09C8F162	Hash		
GetNgstatBoolHash	c	STATS	0xBA52FF538ED2BC71	Hash	index:integer,spStat:boolean,charStat:boolean,character:integer,section:string	
GetNgstatIntHash	c	STATS	0x2B4CDCA6F07FF3DA	Hash	index:integer,spStat:boolean,charStat:boolean,character:integer,section:string	
GetNoLoadingScreen	c	SCRIPT	0x18C1270EA7F199BC	boolean		
GetNorthRadarBlip	c	HUD	0x3F0CF9CB7E589B88	Blip		
GetNthClosestVehicleNode	c	PATHFIND	0xE50E52416CCF948B	boolean,vector3	x:number,y:number,z:number,nthClosest:integer,nodeFlags:integer,zMeasureMult:number,zTolerance:number	
GetNthClosestVehicleNodeFavourDirection	c	PATHFIND	0x45905BE8654AE067	boolean,vector3,number	x:number,y:number,z:number,desiredX:number,desiredY:number,desiredZ:number,nthClosest:integer,nodeFlags:integer,zMeasureMult:number,zTolerance:number	
GetNthClosestVehicleNodeId	c	PATHFIND	0x22D7275A79FE8215	integer	x:number,y:number,z:number,nthClosest:integer,nodeFlags:integer,zMeasureMult:number,zTolerance:number	
GetNthClosestVehicleNodeIdWithHeading	c	PATHFIND	0x6448050E9C2A7207	integer,vector3,number	x:number,y:number,z:number,nthClosest:integer,nodeFlags:integer,zMeasureMult:number,zTolerance:number	
GetNthClosestVehicleNodeWithHeading	c	PATHFIND	0x80CA6A8B6C094CC4	boolean,vector3,number,integer	x:number,y:number,z:number,nthClosest:integer,nodeFlags:integer,zMeasureMult:number,zTolerance:number	
GetNuiCursorPosition	c	CFX	0xBDBA226F	integer,integer		
GetNumCommerceItems	c	NETWORK	0xF2EAC213D5EA0623	integer		
GetNumCreatedMissionObjects	c	NETWORK	0x12B6281B6C6706C0	integer	p0:boolean	
GetNumCreatedMissionPeds	c	NETWORK	0xCB215C4B56A7FAE7	integer	p0:boolean	
GetNumCreatedMissionVehicles	c	NETWORK	0x0CD9AB83489430EA	integer	p0:boolean	
GetNumDecorations	c	FILES	0x278F76C3B0A8F109	integer	character:integer	GetNumTattooShopDlcItems
GetNumDispatchedUnitsForPlayer	c	MISC	0xEB4A0C2D56441717	integer	dispatchService:integer	
GetNumDlcVehicles	c	FILES	0xA7A866D21CD2329B	integer		
GetNumDlcWeaponComponents	c	FILES	0x405425358A7D61FE	integer	dlcWeaponIndex:integer	
GetNumDlcWeaponComponentsSp	c	FILES	0xAD2A7A6DFF55841B	integer	dlcWeaponIndex:integer	
GetNumDlcWeapons	c	FILES	0xEE47635F352DA367	integer		
GetNumDlcWeaponsSp	c	FILES	0x4160B65AE085B5A9	integer		
GetNumForcedComponents	c	FILES	0xC6B9DB42C04DD8C3	integer	componentHash:Hash	GetShopPedApparelForcedComponentCount
GetNumHairColors	c	PED	0xE5C0CF872C2AD150	integer		
GetNumHeadOverlayValues	c	PED	0xCF1CE768BB43480E	integer	overlayID:integer	GetPedHeadOverlayNum
GetNumMakeupColors	c	PED	0xD1F7CA1535D22818	integer		
GetNumMembershipDesc	c	NETWORK	0x1F471B79ACC90BEF	integer		NetworkClanGetLocalMembershipsCount
GetNumModColors	c	VEHICLE	0xA551BE18C11A476D	integer	paintType:integer,p1:boolean	
GetNumModKits	c	VEHICLE	0x33F2E3FE70EAAE1D	integer	vehicle:Vehicle	
GetNumNavmeshesExistingInArea	c	PATHFIND	0x01708E8DD3FF8C65	integer	posMinX:number,posMinY:number,posMinZ:number,posMaxX:number,posMaxY:number,posMaxZ:number	
GetNumParentPedsOfType	c	PED	0x5EF37013A6539C9D	integer	type:integer	GetPedHeadBlendNumHeads
GetNumPlayerIdentifiers	s	CFX	0xFF7F66AB	integer	playerSrc:string	
GetNumPlayerIndices	s	CFX	0x63D13184	integer		
GetNumPlayerTokens	s	CFX	0x619E4A3D	integer	playerSrc:string	
GetNumPropsFromOutfit	c	FILES	0x9BDF59818B1E38C1	integer	character:integer,p1:integer,p2:integer,p3:boolean,p4:integer,componentId:integer	SetupShopPedApparelQueryTu
GetNumReservedMissionObjects	c	NETWORK	0xAA81B5F10BC43AC2	integer	p0:boolean	
GetNumReservedMissionPeds	c	NETWORK	0x1F13D5AE5CB17E17	integer	p0:boolean	
GetNumReservedMissionVehicles	c	NETWORK	0xCF3A965906452031	integer	p0:boolean	
GetNumResourceMetadata	b	CFX	0x776E864	integer	resourceName:string,metadataKey:string	
GetNumResources	b	CFX	0x863F27B	integer		
GetNumSuccessfulStuntJumps	c	MISC	0x996DD1E1E02F1008	integer		
GetNumTattooShopDlcItems	c	FILES	0x278F76C3B0A8F109	integer	character:integer	
GetNumUnlockedRadioStations	c	AUDIO	0xF1620ECB50E01DE7	integer		
GetNumVehicleMods	c	VEHICLE	0xE38E9162A2500646	integer	vehicle:Vehicle,modType:integer	
GetNumVehicleWindowTints	c	VEHICLE	0x9D1224004B3A6707	integer		
GetNumberOfActiveBlips	c	HUD	0x9A3FF3DE163034E8	integer		
GetNumberOfDispatchedUnitsForPlayer	c	MISC	0xEB4A0C2D56441717	integer	dispatchService:integer	GetNumDispatchedUnitsForPlayer
GetNumberOfEvents	c	SCRIPT	0x5F92A689A06620AA	integer	eventGroup:integer	
GetNumberOfFiresInRange	c	FIRE	0x50CAD495A460B305	integer	x:number,y:number,z:number,radius:number	
GetNumberOfFreeStacksOfThisSize	c	MISC	0xFEAD16FC8F9DFC0F	integer	stackSize:integer	
GetNumberOfInstancesOfScriptWithNameHash	c	SCRIPT	0x2C83A9DA6BFFC4F9	integer	scriptHash:Hash	GetNumberOfReferencesOfScriptWithNameHash
GetNumberOfInstancesOfStreamedScript	c	SCRIPT	0x2C83A9DA6BFFC4F9	integer	scriptHash:Hash	GetNumberOfReferencesOfScriptWithNameHash
GetNumberOfPassengerVoiceVariations	c	AUDIO	0x66E49BF55B4B1874	boolean	newsStory:integer	IsMissionNewsStoryUnlocked
GetNumberOfPedCollectionDrawableVariations	c	CFX	0x310D0271	integer	ped:Ped,componentId:integer,collection:string	
GetNumberOfPedCollectionPropDrawableVariations	c	CFX	0x3B6A13E1	integer	ped:Ped,anchorPoint:integer,collection:string	
GetNumberOfPedCollectionPropTextureVariations	c	CFX	0x75CAF9CC	integer	ped:Ped,anchorPoint:integer,collection:string,propIndex:integer	
GetNumberOfPedCollectionTextureVariations	c	CFX	0xD2C15D7	integer	ped:Ped,componentId:integer,collection:string,drawableId:integer	
GetNumberOfPedDrawableVariations	c	PED	0x27561561732A7842	integer	ped:Ped,componentId:integer	
GetNumberOfPedPropDrawableVariations	c	PED	0x5FAF9754E789FB47	integer	ped:Ped,propId:integer	
GetNumberOfPedPropTextureVariations	c	PED	0xA6E7F1CEB523E171	integer	ped:Ped,propId:integer,drawableId:integer	
GetNumberOfPedTextureVariations	c	PED	0x8F7156A3142A6BAD	integer	ped:Ped,componentId:integer,drawableId:integer	
GetNumberOfPhotos	c	GRAPHICS	0x473151EBC762C6DA	integer		GetCurrentNumberOfCloudPhotos
GetNumberOfPlayers	c	PLAYER	0x407C7F91DDB46C16	integer		
GetNumberOfPlayersInTeam	c	PLAYER	0x1FC200409F10E6F1	integer	team:integer	
GetNumberOfReferencesOfScriptWithNameHash	c	SCRIPT	0x2C83A9DA6BFFC4F9	integer	scriptHash:Hash	
GetNumberOfStreamingRequests	c	STREAMING	0x4060057271CEBC89	integer		
GetNumberOfVehicleColours	c	VEHICLE	0x3B963160CD65D41E	integer	vehicle:Vehicle	
GetNumberOfVehicleDoors	c	VEHICLE	0x92922A607497B14D	integer	vehicle:Vehicle	
GetNumberOfVehicleNumberPlates	c	VEHICLE	0x4C4D6B2644F458CB	integer		
GetObjectFragmentDamageHealth	c	OBJECT	0xB6FBFD079B8D0596	number	p0:any,p1:boolean	
GetObjectIndexFromEntityIndex	c	ENTITY	0xD7E3B9735C0F89D6	Object	entity:Entity	
GetObjectOffsetFromCoords	c	OBJECT	0x163E252DE035A133	vector3	xPos:number,yPos:number,zPos:number,heading:number,xOffset:number,yOffset:number,zOffset:number	GetOffsetFromCoordAndHeadingInWorldCoords
GetObjectTextureVariation	c	OBJECT	0xE84EB93729C5F36A	integer	object:Object	
GetOffsetFromCoordAndHeadingInWorldCoords	c	OBJECT	0x163E252DE035A133	vector3	xPos:number,yPos:number,zPos:number,heading:number,xOffset:number,yOffset:number,zOffset:number	
GetOffsetFromEntityGivenWorldCoords	c	ENTITY	0x2274BC1C4885E333	vector3	entity:Entity,posX:number,posY:number,posZ:number	
GetOffsetFromEntityInWorldCoords	c	ENTITY	0x1899F328B0E12848	vector3	entity:Entity,offsetX:number,offsetY:number,offsetZ:number	
GetOffsetFromInteriorInWorldCoords	c	INTERIOR	0x9E3B3E6D66F6E22F	vector3	interior:integer,x:number,y:number,z:number	
GetOnlineVersion	c	NETWORK	0xFCA9373EF340AC0A	string		
GetOnscreenKeyboardResult	c	MISC	0x8362B09B91893647	string		
GetPackedBoolStatKey	c	STATS	0x80C75307B1C42837	Hash	index:integer,spStat:boolean,charStat:boolean,character:integer	
GetPackedIntStatKey	c	STATS	0x61E111E323419E07	Hash	index:integer,spStat:boolean,charStat:boolean,character:integer	
GetPackedTitleUpdateBoolStatKey	c	STATS	0xC4BB08EE7907471E	Hash	index:integer,spStat:boolean,charStat:boolean,character:integer	GetPackedTuBoolStatKey
GetPackedTitleUpdateIntStatKey	c	STATS	0xD16C2AD6B8E32854	Hash	index:integer,spStat:boolean,charStat:boolean,character:integer	GetPackedTuIntStatKey
GetPackedTuBoolStatKey	c	STATS	0xC4BB08EE7907471E	Hash	index:integer,spStat:boolean,charStat:boolean,character:integer	
GetPackedTuIntStatKey	c	STATS	0xD16C2AD6B8E32854	Hash	index:integer,spStat:boolean,charStat:boolean,character:integer	
GetParkedVehicleDensityMultiplier	c	CFX	0xFF72DF84	number		
GetPasswordHash	s	CFX	0x23473EA4	string	password:string	
GetPauseMapPointerWorldPosition	c	CFX	0xE5AF7A82	vector3		
GetPauseMenuCursorPosition	c	HUD	0x5BFF36D6ED83E0AE	vector3		GetPauseMenuPosition
GetPauseMenuPosition	c	HUD	0x5BFF36D6ED83E0AE	vector3		
GetPauseMenuSelection	c	HUD	0x36C1451A88A09630	integer,integer		
GetPauseMenuSelectionData	c	HUD	0x7E17BE53E1AAABAF	integer,integer,integer		GetMenuLayoutChangedEventDetails
GetPauseMenuState	c	HUD	0x272ACD84970869C5	integer		
GetPedAccuracy	c	PED	0x37F4AD56ECBC0CD6	integer	ped:Ped	
GetPedAlertness	c	PED	0xF6AA118530443FD2	integer	ped:Ped	
GetPedAmmoByType	c	WEAPON	0x39D22031557946C1	integer	ped:Ped,ammoType:Hash	
GetPedAmmoType	c	WEAPON	0x7FEAD38B326B9F74	Hash	ped:Ped,weaponHash:Hash	GetPedAmmoTypeFromWeapon
GetPedAmmoTypeFromWeapon	c	WEAPON	0x7FEAD38B326B9F74	Hash	ped:Ped,weaponHash:Hash	
GetPedAmmoTypeFromWeapon_2	c	WEAPON	0xF489B44DD5AF4BD9	Hash	ped:Ped,weaponHash:Hash	
GetPedArmour	b	PED	0x9483AF821605B1D8	integer	ped:Ped	
GetPedAsGroupLeader	c	PED	0x5CCE68DBD5FE93EC	Ped	groupID:integer	
GetPedAsGroupMember	c	PED	0x51455483CF23ED97	Ped	groupID:integer,memberNumber:integer	
GetPedBoneCoords	c	PED	0x17C07FC640E86B4E	vector3	ped:Ped,boneId:integer,offsetX:number,offsetY:number,offsetZ:number	
GetPedBoneIndex	c	PED	0x3F428D08BE5AAE31	integer	ped:Ped,boneId:integer	
GetPedCauseOfDeath	b	PED	0x16FFE42AB2D2DC59	Hash	ped:Ped	
GetPedCollectionLocalIndexFromDrawable	c	CFX	0x94EB1FE4	integer	ped:Ped,componentId:integer,drawableId:integer	
GetPedCollectionLocalIndexFromProp	c	CFX	0xFBDB885F	integer	ped:Ped,anchorPoint:integer,propIndex:integer	
GetPedCollectionName	c	CFX	0xFED5D83A	string	ped:Ped,index:integer	
GetPedCollectionNameFromDrawable	c	CFX	0xD6BBA48B	string	ped:Ped,componentId:integer,drawableId:integer	
GetPedCollectionNameFromProp	c	CFX	0x8ED0C17	string	ped:Ped,anchorPoint:integer,propIndex:integer	
GetPedCollectionsCount	c	CFX	0x45946359	integer	ped:Ped	
GetPedCombatMovement	c	PED	0xDEA92412FCAEB3F5	integer	ped:Ped	
GetPedCombatRange	c	PED	0xF9D9F7F2DB8E2FA0	integer	ped:Ped	
GetPedConfigFlag	c	PED	0x7EE53118C892B513	boolean	ped:Ped,flagId:integer,p2:boolean	
GetPedCurrentMovementSpeed	c	PED	0xF60165E1D2C5370B	boolean,number,number	ped:Ped	
GetPedDecorationZoneFromHashes	c	PED	0x9FD452BFBE7A7A8B	integer	collection:Hash,overlay:Hash	
GetPedDecorations	c	CFX	0x7CCE1163	table	ped:Ped	
GetPedDecorationsState	c	PED	0x71EAB450D86954A1	integer	ped:Ped	
GetPedDefensiveAreaPosition	c	PED	0x3C06B8786DD94CD1	vector3	ped:Ped,p1:boolean	
GetPedDensityMultiplier	c	CFX	0xF5A904F9	number		
GetPedDesiredHeading	s	CFX	0xC182F76E	number	ped:Ped	
GetPedDesiredMoveBlendRatio	c	TASK	0x8517D4A6CA8513ED	number	ped:Ped	
GetPedDiesInWater	c	PED	0x65671A4FB8218930	boolean	ped:Ped	
GetPedDrawableGlobalIndexFromCollection	c	CFX	0x280F1FC3	integer	ped:Ped,componentId:integer,collection:string,drawableId:integer	
GetPedDrawableVariation	c	PED	0x67F3780DD425D4FC	integer	ped:Ped,componentId:integer	
GetPedDrawableVariationCollectionLocalIndex	c	CFX	0x9970386F	integer	ped:Ped,componentId:integer	
GetPedDrawableVariationCollectionName	c	CFX	0xBCE0AB63	string	ped:Ped,componentId:integer	
GetPedEmissiveIntensity	c	PED	0x1461B28A06717D68	number	ped:Ped	
GetPedEnveffScale	c	PED	0x9C14D30395A51A3C	number	ped:Ped	
GetPedEventData	c	PED	0xBA656A3BB01BDEA3	boolean,integer	ped:Ped,eventType:integer,outData?:integer	
GetPedExtractedDisplacement	c	PED	0xE0AF41401ADF87E3	vector3	ped:Ped,worldSpace:boolean	
GetPedEyeColor	c	PED	0x76BBA2CEE66D47E9	integer	ped:Ped	
GetPedFaceFeature	c	CFX	0xBA352ADD	number	ped:Ped,index:integer	
GetPedFloodInvincibility	c	PED	0x2BC338A7B21F4608		ped:Ped,p1:boolean	RequestPedVehicleVisibilityTracking
GetPedGroupIndex	c	PED	0xF162E133B4E7A675	integer	ped:Ped	
GetPedHairColor	c	CFX	0xA3EA2893	integer	ped:Ped	
GetPedHairHighlightColor	c	CFX	0x4B087305	integer	ped:Ped	
GetPedHairRgbColor	c	PED	0x4852FC386E2E1BB5	integer,integer,integer	hairColorIndex:integer	
GetPedHeadBlendData	c	PED	0x2746BD9D88C5C5D0	boolean,integer	ped:Ped,headBlendData?:integer	
GetPedHeadBlendFirstIndex	c	PED	0x68D353AB88B97E0C	integer	type:integer	
GetPedHeadBlendNumHeads	c	PED	0x5EF37013A6539C9D	integer	type:integer	
GetPedHeadOverlayData	c	CFX	0xC46EE605	boolean,integer,integer,integer,integer,number	ped:Ped,index:integer	
GetPedHeadOverlayNum	c	PED	0xCF1CE768BB43480E	integer	overlayID:integer	
GetPedHeadOverlayValue	c	PED	0xA60EF3B6461A4D43	integer	ped:Ped,overlayID:integer	
GetPedHelmetStoredHatPropIndex	c	PED	0x451294E859ECC018	integer	ped:Ped	
GetPedHelmetStoredHatTexIndex	c	PED	0x9D728C1E12BF5518	integer	ped:Ped	
GetPedIlluminatedClothingGlowIntensity	c	PED	0x1461B28A06717D68	number	ped:Ped	GetPedEmissiveIntensity
GetPedInVehicleSeat	b	VEHICLE	0xBB40DD2270B65366	Ped	vehicle:Vehicle,seatIndex:integer		0x388FDE9A	Entity	vehicle:Vehicle,seatIndex:integer
GetPedIndexFromEntityIndex	c	ENTITY	0x04A2A40C73395041	Ped	entity:Entity	
GetPedInsideExplosionArea	c	FIRE	0x14BA4BA137AF6CEC	Entity	explosionType:integer,x1:number,y1:number,z1:number,x2:number,y2:number,z2:number,radius:number	GetEntityInsideExplosionArea
GetPedKiller	c	PED	0x93C8B64DEB84728C	Entity	ped:Ped	GetPedSourceOfDeath
GetPedLastDamageBone	c	PED	0xD75960F6BD9EA49C	boolean,integer	ped:Ped,outBone?:integer	
GetPedLastWeaponImpactCoord	c	WEAPON	0x6C4D0409BA1A2BC2	boolean,vector3	ped:Ped,coords?:vector3	
GetPedMakeupRgbColor	c	PED	0x013E5CFC38CD5387	integer,integer,integer	makeupColorIndex:integer	
GetPedMaxHealth	b	PED	0x4700A416E8324EF3	integer	ped:Ped	
GetPedModelHealthConfig	c	CFX	0xF71542F7	Hash	modelHash:Hash	
GetPedModelPersonality	c	CFX	0xFE08CAD6	Hash	modelHash:Hash	
GetPedMoney	c	PED	0x3F69145BBA87BAE7	integer	ped:Ped	
GetPedMovementClipset	c	CFX	0x69E81E3D	integer	ped:Ped	
GetPedNearbyPeds	c	PED	0x23F8F5FC7E8C4A6B	integer,integer	ped:Ped,ignore:integer	
GetPedNearbyVehicles	c	PED	0xCFF869CBFA210D82	integer,integer	ped:Ped,sizeAndVehs?:integer	
GetPedPaletteVariation	c	PED	0xE3DD5F2A84B42281	integer	ped:Ped,componentId:integer	
GetPedParachuteLandingType	c	PED	0x8B9F1FC6AE8166C0	integer	ped:Ped	
GetPedParachuteState	c	PED	0x79CFD9827CC979B6	integer	ped:Ped	
GetPedParachuteTintIndex	c	PED	0xEAF5F7E5AE7C6C9D	integer	ped:Ped,outTintIndex?:integer	
GetPedPropCollectionLocalIndex	c	CFX	0xCD420AD1	integer	ped:Ped,anchorPoint:integer	
GetPedPropCollectionName	c	CFX	0x6B5653E4	string	ped:Ped,anchorPoint:integer	
GetPedPropGlobalIndexFromCollection	c	CFX	0x2CB45CDC	integer	ped:Ped,anchorPoint:integer,collection:string,propIndex:integer	
GetPedPropIndex	c	PED	0x898CC20EA75BACD8	integer	ped:Ped,componentId:integer	
GetPedPropTextureIndex	c	PED	0xE131A28626F81AB2	integer	ped:Ped,componentId:integer	
GetPedRagdollBoneIndex	c	PED	0x2057EF813397A772	integer	ped:Ped,bone:integer	
GetPedRelationshipGroupDefaultHash	c	PED	0x42FDD0F017B1E38E	Hash	ped:Ped	
GetPedRelationshipGroupHash	b	PED	0x7DBDD04862D95F04	Hash	ped:Ped	
GetPedResetFlag	c	PED	0xAF9E59B1B1FBF2A0	boolean	ped:Ped,flagId:integer	
GetPedScriptTaskCommand	s	CFX	0x84FE084	Hash	ped:Ped	
GetPedScriptTaskStage	s	CFX	0x44B0E5E2	integer	ped:Ped	
GetPedSourceOfDamage	s	CFX	0x535DB43F	Entity	ped:Ped	
GetPedSourceOfDeath	b	PED	0x93C8B64DEB84728C	Entity	ped:Ped	
GetPedSpecificTaskType	s	CFX	0x7F4563D3	integer	ped:Ped,index:integer	
GetPedStealthMovement	b	PED	0x7C2AC9CA66575FBF	boolean	ped:Ped	
GetPedSweat	c	CFX	0x44B91E94	number	ped:Ped	
GetPedTaskCombatTarget	c	PED	0x32C27A11307B01CC	Entity	ped:Ped,p1:any	
GetPedTextureVariation	c	PED	0x04A355E041E004E6	integer	ped:Ped,componentId:integer	
GetPedTimeOfDeath	c	PED	0x1E98817B311AE98A	integer	ped:Ped	
GetPedType	c	PED	0xFF059E1E4C01E63C	integer	ped:Ped	
GetPedUsingVehicleDoor	c	VEHICLE	0x218297BF0CFD853B	Ped	vehicle:Vehicle,doorIndex:integer	
GetPedVisualFieldCenterAngle	c	PED	0xEF2C71A32CAD5FBD	number	ped:Ped	
GetPedWaypointDistance	c	TASK	0xE6A877C64CAF1BC5	number	p0:any	
GetPedWaypointProgress	c	TASK	0x2720AAA75001E094	integer	ped:Ped	
GetPedWeaponLiveryColor	c	WEAPON	0xF0A60040BE558F2D	integer	ped:Ped,weaponHash:Hash,camoComponentHash:Hash	
GetPedWeaponTintIndex	c	WEAPON	0x2B9EEDC07BD06B9F	integer	ped:Ped,weaponHash:Hash	
GetPedWeapontypeInSlot	c	WEAPON	0xEFFED78E9011134D	Hash	ped:Ped,weaponSlot:Hash	
GetPedheadshotTxdString	c	PED	0xDB4EACD4AD0A5D6B	string	id:integer	
GetPedsJacker	c	PED	0x9B128DC36C1E04CF	Ped	ped:Ped	
GetPhoneGestureAnimCurrentTime	c	TASK	0x47619ABE8B268C60	number	ped:Ped	
GetPhoneGestureAnimTotalTime	c	TASK	0x1EE0F68A7C25DEC6	number	ped:Ped	
GetPickupCoords	c	OBJECT	0x225B8B35C88029B3	vector3	pickup:Pickup	
GetPickupGenerationRangeMultiplier	c	OBJECT	0xB3ECA65C7317F174	number		
GetPickupHash	c	OBJECT	0x5EAAD83F8CFB4575	Hash	pickupHash:Hash	
GetPickupHashFromWeapon	c	OBJECT	0xD6429A016084F1A5	Hash	weapon:Hash	
GetPickupObject	c	OBJECT	0x5099BC55630B25AE	Object	pickup:Pickup	
GetPlaneHoverModePercentage	c	VEHICLE	0xDA62027C8BDB326E	number	aircraft:Vehicle	GetVehicleFlightNozzlePosition
GetPlaneVtolDirection	c	VEHICLE	0xDA62027C8BDB326E	number	aircraft:Vehicle	GetVehicleFlightNozzlePosition
GetPlayerAdvancedModifierPrivileges	c	NETWORK	0xCD67AD041A394C9C	string	p0:integer	UgcGetContentUserId
GetPlayerCameraRotation	s	CFX	0x433C765D	vector3	playerSrc:string	
GetPlayerCurrentStealthNoise	c	PLAYER	0x2F395D61F3A1F877	number	player:Player	
GetPlayerEndpoint	s	CFX	0xFEE404F9	string	playerSrc:string	
GetPlayerFakeWantedLevel	b	PLAYER	0x56105E599CAB0EFA	integer	player:Player		0x98D244	integer	playerSrc:string
GetPlayerFocusPos	s	CFX	0x586F80FF	vector3	playerSrc:string	
GetPlayerFromIndex	s	CFX	0xC8A9CE08	string	index:integer	
GetPlayerFromServerId	c	CFX	0x344EA166	Player	serverId:integer	
GetPlayerFromStateBagName	b	CFX	0xA56135E0	integer	bagName:string	
GetPlayerGroup	c	PLAYER	0x0D127585F77030AF	integer	player:Player	
GetPlayerGuid	s	CFX	0xE52D9680	string	playerSrc:string	
GetPlayerHasReserveParachute	c	PLAYER	0x5DDFE2FF727F3CA3	boolean	player:Player	
GetPlayerHeadsetSoundAlternate	c	AUDIO	0xBCC29F935ED07688		variableName:string,value:number	SetVariableOnCutsceneAudio
GetPlayerHealthRechargeLimit	c	PLAYER	0x8BC515BAE4AAF8FF	number	player:Player	
GetPlayerIdentifier	s	CFX	0x7302DBCF	string	playerSrc:string,identiferIndex:integer	
GetPlayerIdentifierByType	s	CFX	0xA61C8FC6	string	playerSrc:string,identifierType:string	
GetPlayerIndex	c	PLAYER	0xA5EDC40EF369B48D	Player		
GetPlayerInvincible	b	PLAYER	0xB721981B2B939E07	boolean	player:Player		0x680C90EE	boolean	playerSrc:string
GetPlayerInvincible_2	c	CFX	0xF2E3912B	boolean	player:Player	
GetPlayerKillFallHeight	c	CFX	0xBFB2990C	number		
GetPlayerLastMsg	s	CFX	0x427E8E6A	integer	playerSrc:string	
GetPlayerMaxArmour	b	PLAYER	0x92659B4CE1863CB3	integer	player:Player		0x2A50657	integer	playerSrc:string
GetPlayerMaxHealth	s	CFX	0x8154E470	integer	playerSrc:string	
GetPlayerMaxStamina	c	CFX	0xD014AB79	number	playerId:Player	
GetPlayerMeleeWeaponDamageModifier	b	CFX	0x8689A825	number	playerId:Player	
GetPlayerMeleeWeaponDefenseModifier	c	CFX	0x27E94EF8	number	playerId:Player	
GetPlayerName	b	PLAYER	0x6D0DE6A7B5DA71F8	string	player:Player		0x406B4B20	string	playerSrc:string
GetPlayerParachuteModelOverride	c	PLAYER	0xC219887CA3E65C41	Hash	player:Player	
GetPlayerParachutePackTintIndex	c	PLAYER	0x6E9C742F340CE5A2	integer	player:Player,tintIndex?:integer	
GetPlayerParachuteSmokeTrailColor	c	PLAYER	0xEF56DBABD3CD4887	integer,integer,integer	player:Player	
GetPlayerParachuteTintIndex	c	PLAYER	0x75D3F7A1B0D9B145	integer	player:Player,tintIndex?:integer	
GetPlayerPed	b	PLAYER	0x43A66C31C68491C0	Ped	playerId:Player		0x6E31E993	Entity	playerSrc:string
GetPlayerPedIsFollowing	c	PED	0x6A3975DEA89F9A17	Player	ped:Ped	
GetPlayerPedScriptIndex	c	PLAYER	0x50FAC3A3E030A6E1	Ped	player:Player	
GetPlayerPeerStatistics	s	CFX	0x9A928294	integer	playerSrc:string,peerStatistic:integer	
GetPlayerPing	s	CFX	0xFF1290D4	integer	playerSrc:string	
GetPlayerRadioStationGenre	c	AUDIO	0xA571991A7FE6CCEB	integer		
GetPlayerRadioStationIndex	c	AUDIO	0xE8AF77C4C06ADC93	integer		
GetPlayerRadioStationName	c	AUDIO	0xF6D733C32076AD03	string		
GetPlayerReserveParachuteModelOverride	c	PLAYER	0x37FAAA68DCA9D08D	Hash	player:Player	
GetPlayerReserveParachuteTintIndex	c	PLAYER	0xD5A016BC3C09CF40	integer	player:Player,index?:integer	
GetPlayerRgbColour	c	PLAYER	0xE902EF951DCE178F	integer,integer,integer	player:Player	
GetPlayerRoutingBucket	s	CFX	0x52441C34	integer	playerSrc:string	
GetPlayerServerId	c	CFX	0x4D97BCC7	integer	player:Player	
GetPlayerShortSwitchState	c	STREAMING	0x20F898A5D9782800	integer		
GetPlayerSprintStaminaRemaining	c	PLAYER	0x3F9F16F8E65A7ED7	number	player:Player	
GetPlayerSprintTimeRemaining	c	PLAYER	0x1885BC9B108B4C99	number	player:Player	
GetPlayerStamina	c	CFX	0xE415EC5C	number	playerId:Player	
GetPlayerSwitchInterpOutCurrentTime	c	STREAMING	0x5B48A06DD0E792A5	any		
GetPlayerSwitchInterpOutDuration	c	STREAMING	0x08C2D6C52A3104BB	integer		
GetPlayerSwitchJumpCutIndex	c	STREAMING	0x78C0D93253149435	integer		
GetPlayerSwitchState	c	STREAMING	0x470555300D10B2A5	integer		
GetPlayerSwitchType	c	STREAMING	0xB3C94A90D9FC9E62	integer		
GetPlayerTargetEntity	c	PLAYER	0x13EDE1A5DBF797C9	boolean,Entity	player:Player,entity?:Entity	
GetPlayerTeam	b	PLAYER	0x37039302F4E0A008	integer	player:Player		0x9873E404	integer	playerSrc:string
GetPlayerTimeInPursuit	s	CFX	0x7ADE63E1	integer	playerSrc:string,lastPursuit:boolean	
GetPlayerTimeOnline	s	CFX	0x67D2E605	integer	playerSrc:string	
GetPlayerToken	s	CFX	0x54C06897	string	playerSrc:string,index:integer	
GetPlayerUnderwaterTimeRemaining	c	PLAYER	0xA1FCF8E6AF40B731	number	player:Player	
GetPlayerVehicleDamageModifier	c	CFX	0x78F27B1F	number	playerId:Player	
GetPlayerVehicleDefenseModifier	c	CFX	0x8326E7CD	number	playerId:Player	
GetPlayerWantedCentrePosition	b	PLAYER	0x0C92BA89F1AF26F8	vector3	player:Player		0x821F2D2C	vector3	playerSrc:string
GetPlayerWantedLevel	b	PLAYER	0xE28E54788CE8F12D	integer	player:Player		0xBDCDD163	integer	playerSrc:string
GetPlayerWeaponDamageModifier	b	CFX	0x2A3D7CDA	number	playerId:Player	
GetPlayerWeaponDefenseModifier	b	CFX	0xF1543251	number	playerId:Player	
GetPlayerWeaponDefenseModifier_2	b	CFX	0x986B65FF	number	playerId:Player	
GetPlayersLastVehicle	c	PLAYER	0xB6997A7EB3F5C8C0	Vehicle		
GetPointOnRoadSide	c	PATHFIND	0x16F46FB18C8009E4	boolean,vector3	x:number,y:number,z:number,p3:integer,outPosition?:vector3	
GetPosAlongGpsTypeRoute	c	PATHFIND	0xF3162836C28F9DA5	boolean,vector3	bStartAtPlayerPos:boolean,fDistanceAlongRoute:number,slotType:integer	
GetPositionInRecording	c	VEHICLE	0x2DACD605FC681475	number	vehicle:Vehicle	
GetPositionOfVehicleRecordingAtTime	c	VEHICLE	0xD242728AA6F0FBA2	vector3	recording:integer,time:number,script:string	
GetPositionOfVehicleRecordingIdAtTime	c	VEHICLE	0x92523B76657A517D	vector3	id:integer,time:number	
GetPosixTime	c	CLOCK	0xDA488F299A5B164E	integer,integer,integer,integer,integer,integer		
GetPowerSavingModeDuration	c	MISC	0xABB2FA71C83A1B72	integer		
GetPrevWeatherType	c	MISC	0x564B884A05EC45A3	Hash		GetPrevWeatherTypeHashName
GetPrevWeatherTypeHashName	c	MISC	0x564B884A05EC45A3	Hash		
GetProfileSetting	c	MISC	0xC488FF2356EA7791	integer	profileSetting:integer	
GetProjectileNearPed	c	MISC	0x82FDE6A57EE4EE44	boolean,vector3,Object	ped:Ped,weaponHash:Hash,distance:number,ownedByPlayer:boolean	
GetProjectileNearPedCoords	c	MISC	0xDFB4138EEFED7B81	boolean,vector3	ped:Ped,weaponHash:Hash,distance:number,ownedByPlayer:boolean	GetCoordsOfProjectileTypeWithinDistance
GetPropFromOutfit	c	FILES	0x19F2A026EDF0013F	boolean,integer	outfit:Hash,slot:integer,outComponentVariant?:integer	GetShopPedOutfitComponentVariant
GetPstatBoolHash	c	STATS	0x80C75307B1C42837	Hash	index:integer,spStat:boolean,charStat:boolean,character:integer	GetPackedBoolStatKey
GetPstatIntHash	c	STATS	0x61E111E323419E07	Hash	index:integer,spStat:boolean,charStat:boolean,character:integer	GetPackedIntStatKey
GetRadioStationName	c	AUDIO	0xB28ECA15046CA8B9	string	stationIndex:integer	
GetRainLevel	c	MISC	0x96695E368AD855F3	number		
GetRandomEventFlag	c	MISC	0xD2D57F1D764117B1	boolean		
GetRandomFloatInRange	c	MISC	0x313CE5879CEB6FCD	number	startRange:number,endRange:number	
GetRandomIntInRange	c	MISC	0xD53343AA4FB7DD28	integer	startRange:integer,endRange:integer	
GetRandomIntInRange_2	c	MISC	0xF2D49816A804D134	integer	startRange:integer,endRange:integer	
GetRandomPedAtCoord	c	PED	0x876046A8E3A4B71C	Ped	x:number,y:number,z:number,xRadius:number,yRadius:number,zRadius:number,pedType:integer	
GetRandomVehicleBackBumperInSphere	c	VEHICLE	0xB50807EABE20A8DC	Vehicle	p0:number,p1:number,p2:number,p3:number,p4:integer,p5:integer,p6:integer	
GetRandomVehicleDensityMultiplier	c	CFX	0x7B0D00C5	number		
GetRandomVehicleFrontBumperInSphere	c	VEHICLE	0xC5574E0AEB86BA68	Vehicle	p0:number,p1:number,p2:number,p3:number,p4:integer,p5:integer,p6:integer	
GetRandomVehicleInSphere	c	VEHICLE	0x386F6CE5BAF6091C	Vehicle	x:number,y:number,z:number,radius:number,modelHash:Hash,flags:integer	
GetRandomVehicleModelInMemory	c	VEHICLE	0x055BF0AC0C34F4FD	Hash,integer	p0:boolean	
GetRandomVehicleNode	c	PATHFIND	0x93E0DB8440B73A7D	boolean,vector3,integer	x:number,y:number,z:number,radius:number,p4:boolean,p5:boolean,p6:boolean	
GetRaycastResult	c	SHAPETEST	0x3D87450E15D98694	integer,boolean,vector3,vector3,Entity	shapeTestHandle:integer	GetShapeTestResult
GetRayfireMapObject	c	OBJECT	0xB48FCED898292E52	Object	x:number,y:number,z:number,radius:number,name:string	
GetRayfireMapObjectAnimPhase	c	OBJECT	0x260EE4FDBDF4DB01	number	object:Object	
GetRegisteredCommands	b	CFX	0xD4BEF069	table		
GetRelationshipBetweenGroups	c	PED	0x9E6B70061662AE5C	integer	group1:Hash,group2:Hash	
GetRelationshipBetweenPeds	c	PED	0xEBA5AD3A0EAF7121	integer	ped1:Ped,ped2:Ped	
GetRemainingNitrousDuration	c	VEHICLE	0xBEC4B8653462450E	number	vehicle:Vehicle	
GetRenderedCharacterHeight	c	HUD	0xDB88A37483346780	number	size:number,font:integer	
GetRenderingCam	c	CAM	0x5234F9F10919EABA	Cam		
GetReplayStatAtIndex	c	MISC	0x8098C8D6597AAE18	integer	index:integer	
GetReplayStatCount	c	MISC	0xDC9274A7EF6B2867	integer		
GetReplayStatMissionType	c	MISC	0x2B626A0150E4D449	integer		
GetRequestingnightvision	c	GRAPHICS	0x35FB78DC42B7BD21	boolean		
GetResourceByFindIndex	b	CFX	0x387246B7	string	findIndex:integer	
GetResourceCommands	b	CFX	0x97628584	table	resource:string	
GetResourceKvpFloat	b	CFX	0x35BDCEEA	number	key:string	
GetResourceKvpInt	b	CFX	0x557B586A	integer	key:string	
GetResourceKvpString	b	CFX	0x5240DA5A	string	key:string	
GetResourceMetadata	b	CFX	0x964BAB1D	string	resourceName:string,metadataKey:string,index:integer	
GetResourcePath	s	CFX	0x61DCF017	string	resourceName:string	
GetResourceState	b	CFX	0x4039B485	string	resourceName:string	
GetRoadBoundaryUsingHeading	c	PATHFIND	0xA0F8A7517A273C05	boolean,vector3	x:number,y:number,z:number,heading:number,outPosition?:vector3	
GetRoadSidePointWithHeading	c	PATHFIND	0xA0F8A7517A273C05	boolean,vector3	x:number,y:number,z:number,heading:number,outPosition?:vector3	GetRoadBoundaryUsingHeading
GetRoomKeyForGameViewport	c	INTERIOR	0xA6575914D2A0B450	Hash		
GetRoomKeyFromEntity	c	INTERIOR	0x47C2A06D4F5F424B	Hash	entity:Entity	
GetRoomKeyFromGameplayCam	c	INTERIOR	0xA6575914D2A0B450	Hash		GetRoomKeyForGameViewport
GetRootContentId	c	NETWORK	0xC0173D6BFF4E0348	string	p0:integer	UgcGetRootContentId
GetRopeFlags	c	CFX	0xA80FFE99	integer	rope:integer	
GetRopeLastVertexCoord	c	PHYSICS	0x21BB0FBD3E217C2D	vector3	ropeId:integer	
GetRopeLength	c	PHYSICS	0x73040398DFF9A4A6	number	ropeId:integer	RopeGetDistanceBetweenEnds
GetRopeLengthChangeRate	c	CFX	0x66D70EA3	number	rope:integer	
GetRopeTimeMultiplier	c	CFX	0xF341E6CA	number	rope:integer	
GetRopeUpdateOrder	c	CFX	0x2AB2E0F6	integer	rope:integer	
GetRopeVertexCoord	c	PHYSICS	0xEA61CA8E80F09E4D	vector3	ropeId:integer,vertex:integer	
GetRopeVertexCount	c	PHYSICS	0x3655F544CD30F0B5	integer	ropeId:integer	
GetRotationOfVehicleRecordingAtTime	c	VEHICLE	0x2058206FBE79A8AD	vector3	recording:integer,time:number,script:string	
GetRotationOfVehicleRecordingIdAtTime	c	VEHICLE	0xF0F2103EFAF8CBA7	vector3	id:integer,time:number	
GetRuntimeTextureHeight	c	CFX	0x3574AACE	integer	tex:integer	
GetRuntimeTexturePitch	c	CFX	0xCA0A085F	integer	tex:integer	
GetRuntimeTextureWidth	c	CFX	0xC9F55558	integer	tex:integer	
GetSafeCoordForPed	c	PATHFIND	0xB61C8E878A4199CA	boolean,vector3	x:number,y:number,z:number,onlyOnPavement:boolean,flags:integer	
GetSafePickupCoords	c	OBJECT	0x6E16BC2503FF1FF0	vector3	x:number,y:number,z:number,p3:number,p4:number	
GetSafeZoneSize	c	GRAPHICS	0xBAF107B6BB2C97F0	number		
GetScaleformMovieCursorSelection	c	HUD	0x632B2940C67F4EA9	boolean,boolean,integer,integer,integer	scaleformHandle:integer	GetMouseEvent
GetScaleformMovieFunctionReturnBool	c	GRAPHICS	0x768FF8961BA904D6	boolean	method_return:integer	IsScaleformMovieMethodReturnValueReady
GetScaleformMovieFunctionReturnInt	c	GRAPHICS	0x2DE7EFA66B906036	integer	method_return:integer	GetScaleformMovieMethodReturnValueInt
GetScaleformMovieFunctionReturnString	c	GRAPHICS	0xE1E258829A885245	string	method_return:integer	GetScaleformMovieMethodReturnValueString
GetScaleformMovieMethodReturnValueBool	c	GRAPHICS	0xD80A80346A45D761	boolean	methodReturn:integer	
GetScaleformMovieMethodReturnValueInt	c	GRAPHICS	0x2DE7EFA66B906036	integer	method_return:integer	
GetScaleformMovieMethodReturnValueString	c	GRAPHICS	0xE1E258829A885245	string	method_return:integer	
GetScenarioPedDensityMultiplier	c	CFX	0x77C598B2	number		
GetScreenActiveResolution	c	GRAPHICS	0x873C9F3104101DD3	integer,integer		GetActualScreenResolution
GetScreenAspectRatio	c	GRAPHICS	0xF1307EF624A80D87	number	physicalAspect:boolean	GetAspectRatio
GetScreenCoordFromWorldCoord	c	GRAPHICS	0x34E82F05DF2974F5	boolean,number,number	worldX:number,worldY:number,worldZ:number	
GetScreenEffectIsActive	c	GRAPHICS	0x36AD3E690DA5ACEB	boolean	effectName:string	AnimpostfxIsRunning
GetScreenResolution	c	GRAPHICS	0x888D57E407E63624	integer,integer		
GetScreenblurFadeCurrentTime	c	GRAPHICS	0x5CCABFFCA31DDE33	number		
GetScriptGfxPosition	c	GRAPHICS	0x6DD8F5AA635EB4B2	number,number	x:number,y:number	
GetScriptTaskStatus	c	TASK	0x77F1BEB8863288D5	integer	ped:Ped,taskHash:Hash	
GetScriptedCoverPointCoords	c	TASK	0x594A1028FC2A3E85	vector3	coverpoint:ScrHandle	
GetSeatPedIsTryingToEnter	c	PED	0x6F4C85ACD641BCD2	integer	ped:Ped	
GetSeatPedIsUsing	s	CFX	0x57B78C17	integer	ped:Ped	
GetSelectedPedWeapon	b	WEAPON	0x0A6DB4965674D243	Hash	ped:Ped	
GetSequenceProgress	c	TASK	0x00A9010CFE1E3533	integer	ped:Ped	
GetShapeTestResult	c	SHAPETEST	0x3D87450E15D98694	integer,boolean,vector3,vector3,Entity	shapeTestHandle:integer	
GetShapeTestResultEx	c	SHAPETEST	0x65287525D951F6BE	integer,boolean,vector3,vector3,Hash,Entity	shapeTestHandle:integer	GetShapeTestResultIncludingMaterial
GetShapeTestResultIncludingMaterial	c	SHAPETEST	0x65287525D951F6BE	integer,boolean,vector3,vector3,Hash,Entity	shapeTestHandle:integer	
GetShopPedApparelForcedComponentCount	c	FILES	0xC6B9DB42C04DD8C3	integer	componentHash:Hash	
GetShopPedApparelForcedPropCount	c	FILES	0x017568A8182D98A6	integer	componentHash:Hash	
GetShopPedApparelVariantComponentCount	c	FILES	0xC17AD0E5752BECDA	integer	componentHash:Hash	
GetShopPedApparelVariantPropCount	c	FILES	0xD40AAC51E8E4C663	integer	propHash:Hash	
GetShopPedComponent	c	FILES	0x74C0E2A57EC66760	integer	componentHash:Hash,outComponent?:integer	
GetShopPedOutfit	c	FILES	0xB7952076E444979D	integer	p0:any,p1?:integer	
GetShopPedOutfitComponentVariant	c	FILES	0x19F2A026EDF0013F	boolean,integer	outfit:Hash,slot:integer,outComponentVariant?:integer	
GetShopPedOutfitLocate	c	FILES	0x073CA26B079F956E	integer	p0:any	
GetShopPedOutfitPropVariant	c	FILES	0xA9F9C2E0FDE11CBB	boolean,integer	outfitHash:Hash,variantIndex:integer,outPropVariant?:integer	
GetShopPedProp	c	FILES	0x5D5CAFF661DDF6FC	integer	componentHash:Hash,outProp?:integer	
GetShopPedQueryComponent	c	FILES	0x249E310B2D920699	integer	componentId:integer,outComponent?:integer	
GetShopPedQueryOutfit	c	FILES	0x6D793F03A631FE56	integer	outfitIndex:integer,outfit?:integer	
GetShopPedQueryProp	c	FILES	0xDE44A00999B2837D	integer	componentId:integer,outProp?:integer	
GetSizeOfSaveData	c	MISC	0xA09F896CE912481F	integer	p0:boolean	
GetSnowLevel	c	MISC	0xC5868A966E5BE3AE	number		
GetSoundId	c	AUDIO	0x430386FE9BF80B45	integer		
GetSoundIdFromNetworkId	c	AUDIO	0x75262FD12D0A1C84	integer	netId:integer	
GetStandardBlipEnumId	c	HUD	0x4A9923385BDB9DAD	integer		
GetStateBagKeys	b	CFX	0x78D864C7	table	bagName:string	
GetStateBagValue	b	CFX	0x637F4C75	table	bagName:string,key:string	
GetStateOfClosestDoorOfType	c	OBJECT	0xEDC1A5B84AEF33FF	boolean,number	type:Hash,x:number,y:number,z:number	
GetStateOfRayfireMapObject	c	OBJECT	0x899BA936634A322E	integer	object:Object	
GetStatusOfLoadMissionCreatorPhoto	c	GRAPHICS	0x1670F8D05056F257	integer	p0:string	
GetStatusOfMissionRepeatSave	c	MISC	0x2B5E102E4A42F2BF	integer		
GetStatusOfSaveHighQualityPhoto	c	GRAPHICS	0x0C0C4E81E1AC60A0	integer		
GetStatusOfSortedListOperation	c	GRAPHICS	0xF5BED327CEA362B1	integer	scanForSaving:boolean	
GetStatusOfTakeHighQualityPhoto	c	GRAPHICS	0x0D6CA79EEEBD8CA3	integer		
GetStatusOfTakeMissionCreatorPhoto	c	GRAPHICS	0x90A78ECAA4E78453	integer		
GetStatusOfTextureDownload	c	NETWORK	0x8BD6C6DEA20E82C6	integer	p0:integer	
GetStreamPlayTime	c	AUDIO	0x4E72BBDBCA58A3DB	integer		
GetStreetNameAtCoord	c	PATHFIND	0x2EB41072B4C1E4C0	Hash,Hash	x:number,y:number,z:number	
GetStreetNameFromHashKey	c	HUD	0xD0EF8A959B8A4CB9	string	hash:Hash	
GetSubmarineCrushDepthWarningState	c	VEHICLE	0x093D6DDCA5B8FBAE	integer	submarine:Vehicle	GetSubmarineNumberOfAirLeaks
GetSubmarineIsBelowFirstCrushDepth	c	VEHICLE	0x3E71D0B300B7AA79	boolean	submarine:Vehicle	GetSubmarineIsUnderDesignDepth
GetSubmarineIsUnderDesignDepth	c	VEHICLE	0x3E71D0B300B7AA79	boolean	submarine:Vehicle	
GetSubmarineNumberOfAirLeaks	c	VEHICLE	0x093D6DDCA5B8FBAE	integer	submarine:Vehicle	
GetSupportsGpsRouteFlag	c	PATHFIND	0xA2AE5C478B96E3B6	boolean	nodeID:integer	GetVehicleNodeIsGpsAllowed
GetSynchronizedScenePhase	c	PED	0xE4A310B1D7FA73CC	number	sceneID:integer	
GetSynchronizedSceneRate	c	PED	0xD80932D577274D40	number	sceneID:integer	
GetTaskMoveNetworkEvent	c	TASK	0xB4F47213DF45A64C	boolean	ped:Ped,eventName:string	
GetTaskMoveNetworkSignalBool	c	TASK	0xA7FFBA498E4AAF67	boolean	ped:Ped,signalName:string	
GetTaskMoveNetworkSignalFloat	c	TASK	0x44AB0B3AFECCE242	number	ped:Ped,signalName:string	
GetTaskMoveNetworkState	c	TASK	0x717E4D1F2048376D	string	ped:Ped	
GetTattooCollectionData	c	FILES	0xFF56381874F82086	boolean,integer	characterType:integer,decorationIndex:integer,outComponent?:integer	GetTattooShopDlcItemData
GetTattooShopDlcItemData	c	FILES	0xFF56381874F82086	boolean,integer	characterType:integer,decorationIndex:integer,outComponent?:integer	
GetTattooShopDlcItemIndex	c	FILES	0x10144267DD22866C	integer	character:integer,collection:integer,preset:integer	
GetTattooZone	c	PED	0x9FD452BFBE7A7A8B	integer	collection:Hash,overlay:Hash	GetPedDecorationZoneFromHashes
GetTennisSwingAnimComplete	c	MISC	0x17DF68D720AA77F8	boolean	ped:Ped	
GetTextScaleHeight	c	HUD	0xDB88A37483346780	number	size:number,font:integer	GetRenderedCharacterHeight
GetTextScreenLineCount	c	HUD	0x9040DFB09BE75706	integer	x:number,y:number	EndTextCommandLineCount
GetTextScreenWidth	c	HUD	0x85F061DA64ED2F67	number	p0:boolean	EndTextCommandGetWidth
GetTextSubstring	c	HUD	0x169BD9382084C8C0	string	text:string,position:integer,length:integer	
GetTextSubstringSafe	c	HUD	0xB2798643312205C5	string	text:string,position:integer,length:integer,maxLength:integer	
GetTextSubstringSlice	c	HUD	0xCE94AEBA5D82908A	string	text:string,startPosition:integer,endPosition:integer	
GetTextureResolution	c	GRAPHICS	0x35736EE65BD00C11	vector3	textureDict:string,textureName:string	
GetThisScriptHash	c	SCRIPT	0x8A1C8B1738FFE87E	Hash		GetHashOfThisScriptName
GetThisScriptName	c	SCRIPT	0x442E0A7EDE4A738A	string		
GetThreadName	c	SCRIPT	0x05A42BA9FC8DA96B	string	threadId:integer	GetNameOfThread
GetThrusterSideRcsThrottle	s	CFX	0x1C939E87	number	jetpack:Vehicle	
GetThrusterThrottle	s	CFX	0x94E24C96	number	jetpack:Vehicle	
GetTimeAsString	c	NETWORK	0x9E23B1777A927DAD	string	time:integer	
GetTimeBeforeVehicleWeaponReloadFinishes	c	WEAPON	0xC8C6F4B1CDEB40EF	integer	vehicle:Vehicle,seat:integer	
GetTimeDifference	c	NETWORK	0xA2C6FC031D46FFF0	integer	timeA:integer,timeB:integer	
GetTimeOfLastPedWeaponDamage	c	PED	0x36B77BB84687C318	integer	ped:Ped,weaponHash:Hash	
GetTimeOffset	c	NETWORK	0x017008CCDAD48503	integer	timeA:integer,timeB:integer	
GetTimePositionInRecording	c	VEHICLE	0x5746F3A7AB7FE544	number	vehicle:Vehicle	
GetTimeSinceLastArrest	c	PLAYER	0x5063F92F07C2A316	integer		
GetTimeSinceLastDeath	c	PLAYER	0xC7034807558DDFCA	integer		
GetTimeSinceLastInput	c	PAD	0xD7D22F5592AED8BA	integer	padIndex:integer	
GetTimeSincePlayerDroveAgainstTraffic	c	PLAYER	0xDB89591E290D9182	integer	player:Player	
GetTimeSincePlayerDroveOnPavement	c	PLAYER	0xD559D2BE9E37853B	integer	player:Player	
GetTimeSincePlayerHitPed	c	PLAYER	0xE36A25322DC35F42	integer	player:Player	
GetTimeSincePlayerHitVehicle	c	PLAYER	0x5D35ECF3A81A0EE0	integer	player:Player	
GetTimecycleModifierCount	c	CFX	0xFE2A1D4D	integer		
GetTimecycleModifierIndex	c	GRAPHICS	0xFDF3D97C674AFB66	integer		
GetTimecycleModifierIndexByName	c	CFX	0x5F4CD0E2	integer	modifierName:string	
GetTimecycleModifierNameByIndex	c	CFX	0x28CB8608	string	modifierIndex:integer	
GetTimecycleModifierStrength	c	CFX	0xBE54124A	number		
GetTimecycleModifierVar	c	CFX	0xA7109E12	boolean,number,number	modifierName:string,varName:string	
GetTimecycleModifierVarCount	c	CFX	0x60FB60FE	integer	modifierName:string	
GetTimecycleModifierVarNameByIndex	c	CFX	0xE874AB1D	string	modifierName:string,modifierVarIndex:integer	
GetTimecycleTransitionModifierIndex	c	GRAPHICS	0x459FD2C8D0AB78BC	integer		
GetTimecycleVarCount	c	CFX	0x838B34D8	integer		
GetTimecycleVarDefaultValueByIndex	c	CFX	0x3B90238	number	varIndex:integer	
GetTimecycleVarNameByIndex	c	CFX	0xC6C55AAF	string	varIndex:integer	
GetTogglePausedRenderphasesStatus	c	GRAPHICS	0xEB3DAC2C86001E5E	boolean		
GetTotalDurationOfVehicleRecording	c	VEHICLE	0x0E48D1C262390950	number	recording:integer,script:string	
GetTotalDurationOfVehicleRecordingId	c	VEHICLE	0x102D125411A7B6E6	number	id:integer	
GetTotalScInboxIds	c	SOCIALCLUB	0x03A93FF1A2CA0864	integer		ScInboxGetTotalNumMessages
GetTotalSuccessfulStuntJumps	c	MISC	0x6856EC3D35C81EA4	integer		
GetTrackBrakingDistance	c	CFX	0xBF482A5E	number	track:integer	
GetTrackMaxSpeed	c	CFX	0x34EE2BF3	number	track:integer	
GetTrackNodeCoords	c	CFX	0x1628548E	boolean,vector3	trackIndex:integer,trackNode:integer,coords?:vector3	
GetTrackNodeCount	c	CFX	0x896A0C11	integer	trackIndex:integer	
GetTrainBackwardCarriage	s	CFX	0x456E34A	integer	train:Vehicle	
GetTrainCarriage	c	VEHICLE	0x08AAFD0814722BC3	Entity	train:Vehicle,trailerNumber:integer	
GetTrainCarriageEngine	s	CFX	0x95070FA	integer	train:Vehicle	
GetTrainCarriageIndex	s	CFX	0x4B8285CF	integer	train:Vehicle	
GetTrainCruiseSpeed	b	CFX	0xA4921EF5	number	train:Vehicle	
GetTrainCurrentTrackNode	c	CFX	0xE015E854	integer	train:Vehicle	
GetTrainDirection	b	CFX	0x8DAF79B6	boolean	train:Vehicle	
GetTrainDoorCount	c	CFX	0x99974721	integer	train:Vehicle	
GetTrainDoorOpenRatio	c	CFX	0x40B16551	number	train:Vehicle,doorIndex:integer	
GetTrainForwardCarriage	s	CFX	0x24DC88D9	integer	train:Vehicle	
GetTrainSpeed	c	CFX	0x428668B7	number	train:Vehicle	
GetTrainState	b	CFX	0x81B50033	integer	train:Vehicle	
GetTrainTrackIndex	b	CFX	0x9AA339D	integer	train:Vehicle	
GetTunablesContentModifierId	c	NETWORK	0x187382F8A3E0A6C3	integer	contentHash:Hash	NetworkGetContentModifierListId
GetTupstatBoolHash	c	STATS	0xC4BB08EE7907471E	Hash	index:integer,spStat:boolean,charStat:boolean,character:integer	GetPackedTuBoolStatKey
GetTupstatIntHash	c	STATS	0xD16C2AD6B8E32854	Hash	index:integer,spStat:boolean,charStat:boolean,character:integer	GetPackedTuIntStatKey
GetTvChannel	c	GRAPHICS	0xFC1E275A90D39995	integer		
GetTvVolume	c	GRAPHICS	0x2170813D3DD8661B	number		
GetTyreHealth	c	VEHICLE	0x55EAB010FAEE9380	number	vehicle:Vehicle,wheelIndex:integer	
GetTyreWearMultiplier	c	VEHICLE	0x6E387895952F4F71	number	vehicle:Vehicle,wheelIndex:integer	
GetUiLanguageId	c	LOCALIZATION	0x2BDD44CC428A7EAE	integer		GetCurrentLanguage
GetUsedCreatorModelMemoryPercentage	c	STREAMING	0x3D3D8B3BE5A83D35	number		
GetUserLanguageId	c	LOCALIZATION	0xA8AE43AEC1A61314	integer		LocalizationGetSystemDateFormat
GetUsingnightvision	c	GRAPHICS	0x2202A3F42C8E5F79	boolean		
GetUsingseethrough	c	GRAPHICS	0x44B80ABAB9D80BD3	boolean		
GetUtcTime	c	CLOCK	0x8117E09A19EEF4D3	integer,integer,integer,integer,integer,integer		
GetVariantComponent	c	FILES	0x6E11F282F11863B6	Hash,integer,integer	componentHash:Hash,variantComponentIndex:integer	
GetVariantProp	c	FILES	0xD81B7F27BC773E66	Hash,integer,integer	componentHash:Hash,variantPropIndex:integer	
GetVariationChosenForScriptedLine	c	AUDIO	0xAA19F5572C38B564	integer	textLabel:string	
GetVehicleAcceleration	c	VEHICLE	0x5DD35C8D074E57AE	number	vehicle:Vehicle	
GetVehicleAlarmTimeLeft	c	CFX	0xC62AAC98	integer	vehicle:Vehicle	
GetVehicleAttachedToCargobob	c	VEHICLE	0x873B82D42AC2B9E5	Vehicle	cargobob:Vehicle	
GetVehicleAttachedToEntity	c	VEHICLE	0x375E7FC44F21C8AB	Vehicle	entity:Entity	FindVehicleCarryingThisEntity
GetVehicleBodyHealth	b	VEHICLE	0xF271147EB7B40F12	number	vehicle:Vehicle	
GetVehicleBodyHealth_2	c	VEHICLE	0xB8EF61207C2393A9	number	vehicle:Vehicle	GetVehicleHealthPercentage
GetVehicleBombCount	c	VEHICLE	0xEA12BD130D7569A1	integer	aircraft:Vehicle	
GetVehicleCanActivateParachute	c	VEHICLE	0xA916396DF4154EE3	boolean	vehicle:Vehicle	
GetVehicleCauseOfDestruction	c	VEHICLE	0xE495D1EF4C91FD20	Hash	vehicle:Vehicle	
GetVehicleCheatPowerIncrease	c	CFX	0xC3C93F28	number	vehicle:Vehicle	
GetVehicleClass	c	VEHICLE	0x29439776AAA00A62	integer	vehicle:Vehicle	
GetVehicleClassEstimatedMaxSpeed	c	VEHICLE	0x00C09F246ABEDD82	number	vehicleClass:integer	
GetVehicleClassFromName	c	VEHICLE	0xDEDF1C8BD47C2200	integer	modelHash:Hash	
GetVehicleClassMaxAcceleration	c	VEHICLE	0x2F83E7E45D9EA7AE	number	vehicleClass:integer	
GetVehicleClassMaxAgility	c	VEHICLE	0x4F930AD022D6DE3B	number	vehicleClass:integer	
GetVehicleClassMaxBraking	c	VEHICLE	0x4BF54C16EC8FEC03	number	vehicleClass:integer	
GetVehicleClassMaxSpeed	c	VEHICLE	0x00C09F246ABEDD82	number	vehicleClass:integer	GetVehicleClassEstimatedMaxSpeed
GetVehicleClassMaxTraction	c	VEHICLE	0xDBC86D85C5059461	number	vehicleClass:integer	
GetVehicleClutch	c	CFX	0x1DAD4583	number	vehicle:Vehicle	
GetVehicleColor	c	VEHICLE	0xF3CC740D36221548	integer,integer,integer	vehicle:Vehicle	
GetVehicleColourCombination	c	VEHICLE	0x6A842D197F845D56	integer	vehicle:Vehicle	
GetVehicleColours	b	VEHICLE	0xA19435F193E081AC	integer,integer	vehicle:Vehicle	
GetVehicleColoursWhichCanBeSet	c	VEHICLE	0xEEBFC7A7EFDC35B4	integer	vehicle:Vehicle	
GetVehicleCountermeasureCount	c	VEHICLE	0xF846AA63DF56B804	integer	aircraft:Vehicle	
GetVehicleCrewEmblemRequestState	c	GRAPHICS	0xFE26117A5841B2FF	integer	vehicle:Vehicle,p1:integer	
GetVehicleCurrentAcceleration	c	CFX	0xD1D07351	number	vehicle:Vehicle	GetVehicleThrottleOffset
GetVehicleCurrentGear	c	CFX	0xB4F4E566	integer	vehicle:Vehicle	
GetVehicleCurrentRpm	c	CFX	0xE7B12B54	number	vehicle:Vehicle	
GetVehicleCurrentSlipstreamDraft	c	VEHICLE	0x36492C2F0D134C56	number	vehicle:Vehicle	
GetVehicleCustomPrimaryColour	b	VEHICLE	0xB64CF2CCA9D95F52	integer,integer,integer	vehicle:Vehicle	
GetVehicleCustomSecondaryColour	b	VEHICLE	0x8389CD56CA8072DC	integer,integer,integer	vehicle:Vehicle	
GetVehicleDashboardBoost	c	CFX	0xDFFABA2A	number		
GetVehicleDashboardColor	c	VEHICLE	0xB7635E80A5C31BFF	integer	vehicle:Vehicle,color?:integer	
GetVehicleDashboardColour	b	CFX	0xA0DBD08D	integer	vehicle:Vehicle,color?:integer	
GetVehicleDashboardCurrentGear	c	CFX	0x435C86F4	number		
GetVehicleDashboardFuel	c	CFX	0x19B0B2CE	number		
GetVehicleDashboardLights	c	CFX	0x500FFE9D	integer		
GetVehicleDashboardOilPressure	c	CFX	0x3856D767	number		
GetVehicleDashboardOilTemp	c	CFX	0x1F5996AA	number		
GetVehicleDashboardRpm	c	CFX	0xF9716A11	number		
GetVehicleDashboardSpeed	c	CFX	0x9AAD420E	number	vehicle:Vehicle	
GetVehicleDashboardTemp	c	CFX	0x6B6ADAFA	number		
GetVehicleDashboardVacuum	c	CFX	0xFABE67A9	number		
GetVehicleDashboardWaterTemp	c	CFX	0x435C86F4	number		GetVehicleDashboardCurrentGear
GetVehicleDefaultHorn	c	AUDIO	0x02165D55000219AC	Hash	vehicle:Vehicle	
GetVehicleDefaultHornIgnoreMods	c	AUDIO	0xACB5DCCA1EC76840	Hash	vehicle:Vehicle	
GetVehicleDefaultHornVariation	c	AUDIO	0xD53F3A29BCE2580E	integer	vehicle:Vehicle	GetVehicleHornSoundIndex
GetVehicleDeformationAtPos	c	VEHICLE	0x4EC6CFBC7B2E9536	vector3	vehicle:Vehicle,offsetX:number,offsetY:number,offsetZ:number	
GetVehicleDeformationGetTree	c	VEHICLE	0xA46413066687A328		vehicle:Vehicle,height:number	SetVehicleCeilingHeight
GetVehicleDensityMultiplier	c	CFX	0xEF7C6538	number		
GetVehicleDirtLevel	b	VEHICLE	0x8F17BC8BA08DA62B	number	vehicle:Vehicle	
GetVehicleDoorAngleRatio	c	VEHICLE	0xFE3F9C29F7B32BD5	number	vehicle:Vehicle,doorIndex:integer	
GetVehicleDoorDestroyType	c	VEHICLE	0xCA4AC3EAAE46EC7B	integer	vehicle:Vehicle,doorIndex:integer	GetVehicleIndividualDoorLockStatus
GetVehicleDoorLockStatus	b	VEHICLE	0x25BC98A59C2EA962	integer	vehicle:Vehicle	
GetVehicleDoorStatus	s	CFX	0x6E35C49C	integer	vehicle:Vehicle,doorIndex:integer	
GetVehicleDoorsLockedForPlayer	b	VEHICLE	0xF6AF6CB341349015	boolean	vehicle:Vehicle,player:Player		0x1DC50247	integer	vehicle:Vehicle
GetVehicleDrawnWheelAngleMult	c	CFX	0x21C1DA8E	number	vehicle:Vehicle	
GetVehicleDrivetrainType	c	VEHICLE	0x1423725069EE1D14	integer	vehicleModel:Hash	
GetVehicleEngineHealth	b	VEHICLE	0xC45D23BAF168AAB8	number	vehicle:Vehicle	
GetVehicleEngineTemperature	c	CFX	0xF4F495CB	number	vehicle:Vehicle	
GetVehicleEnveffScale	c	VEHICLE	0xA82819CAC9C4C403	number	vehicle:Vehicle	
GetVehicleEstimatedMaxSpeed	c	VEHICLE	0x53AF99BAA671CA47	number	vehicle:Vehicle	
GetVehicleExtraColours	b	VEHICLE	0x3BC4245933A166F7	integer,integer	vehicle:Vehicle	
GetVehicleFlightNozzlePosition	b	VEHICLE	0xDA62027C8BDB326E	number	aircraft:Vehicle	
GetVehicleFuelLevel	c	CFX	0x5F739BB8	number	vehicle:Vehicle	
GetVehicleGearRatio	c	CFX	0x82E794B7	number	vehicle:Vehicle,gear:integer	
GetVehicleGravityAmount	c	CFX	0xB48A1292	number	vehicle:Vehicle	
GetVehicleHandbrake	b	CFX	0x483B013C	boolean	vehicle:Vehicle	
GetVehicleHandlingFloat	c	CFX	0x642FC12F	number	vehicle:Vehicle,class_:string,fieldName:string	
GetVehicleHandlingInt	c	CFX	0x27396C75	integer	vehicle:Vehicle,class_:string,fieldName:string	
GetVehicleHandlingVector	c	CFX	0xFB341304	vector3	vehicle:Vehicle,class_:string,fieldName:string	
GetVehicleHasFlag	c	CFX	0xD85C9F57	boolean	vehicle:Vehicle,flagIndex:integer	
GetVehicleHasKers	c	VEHICLE	0x50634E348C8D44EF	boolean	vehicle:Vehicle	
GetVehicleHasLandingGear	c	VEHICLE	0xE43701C36CAFF1A4	boolean	vehicle:Vehicle	DoesVehicleHaveLandingGear
GetVehicleHasParachute	c	VEHICLE	0xBC9CFF381338CB4F	boolean	vehicle:Vehicle	
GetVehicleHeadlightsColour	b	CFX	0xD7147656	integer	vehicle:Vehicle	
GetVehicleHealthPercentage	c	VEHICLE	0xB8EF61207C2393A9	number	vehicle:Vehicle	
GetVehicleHighGear	c	CFX	0xF1D1D689	integer	vehicle:Vehicle	
GetVehicleHomingLockonState	b	VEHICLE	0xE6B0E8CFC3633BF0	integer	vehicle:Vehicle	
GetVehicleHornHash	c	AUDIO	0xACB5DCCA1EC76840	Hash	vehicle:Vehicle	GetVehicleDefaultHornIgnoreMods
GetVehicleHornSoundIndex	c	AUDIO	0xD53F3A29BCE2580E	integer	vehicle:Vehicle	
GetVehicleHornType	s	CFX	0xDEA49773	Hash	vehicle:Vehicle	
GetVehicleHoverModePercentage	c	VEHICLE	0xDA62027C8BDB326E	number	aircraft:Vehicle	GetVehicleFlightNozzlePosition
GetVehicleIndexFromEntityIndex	c	ENTITY	0x4B53F92932ADFAC0	Vehicle	entity:Entity	
GetVehicleIndicatorLights	c	CFX	0x83070354	integer	vehicle:Vehicle	
GetVehicleIndividualDoorLockStatus	c	VEHICLE	0xCA4AC3EAAE46EC7B	integer	vehicle:Vehicle,doorIndex:integer	
GetVehicleInteriorColor	c	VEHICLE	0x7D1464D472D32136	integer	vehicle:Vehicle,color?:integer	
GetVehicleInteriorColour	b	CFX	0xCCFF3B6E	integer	vehicle:Vehicle,color?:integer	
GetVehicleIsMercenary	c	VEHICLE	0xD4C4642CB7F50B5D	boolean	vehicle:Vehicle	
GetVehicleLandingGear	c	VEHICLE	0x9B0F3DCA3DB0F4CD	integer	vehicle:Vehicle	GetLandingGearState
GetVehicleLayoutHash	c	VEHICLE	0x28D37D4F71AC5C58	Hash	vehicle:Vehicle	
GetVehicleLightMultiplier	c	CFX	0x7E6E219C	number	vehicle:Vehicle	
GetVehicleLightsState	b	VEHICLE	0xB91B4C20085BD12F	boolean,boolean,boolean	vehicle:Vehicle	
GetVehicleLivery	b	VEHICLE	0x2BB9230590DA5E8A	integer	vehicle:Vehicle	
GetVehicleLiveryCount	c	VEHICLE	0x87B63E25A529D526	integer	vehicle:Vehicle	
GetVehicleLockOnTarget	b	VEHICLE	0x8F5EBAB1F260CFCE	boolean,Entity	vehicle:Vehicle,entity?:Entity		0x4A557117	Vehicle	vehicle:Vehicle
GetVehicleMaxBraking	c	VEHICLE	0xAD7E85FC227197C4	number	vehicle:Vehicle	
GetVehicleMaxNumberOfPassengers	c	VEHICLE	0xA7C4F2C6E744A550	integer	vehicle:Vehicle	
GetVehicleMaxSpeed	c	VEHICLE	0x53AF99BAA671CA47	number	vehicle:Vehicle	GetVehicleEstimatedMaxSpeed
GetVehicleMaxTraction	c	VEHICLE	0xA132FB5370554DB0	number	vehicle:Vehicle	
GetVehicleMod	c	VEHICLE	0x772960298DA26FDB	integer	vehicle:Vehicle,modType:integer	
GetVehicleModColor_1	c	VEHICLE	0xE8D65CA700C9A693	integer,integer,integer	vehicle:Vehicle	
GetVehicleModColor_1Name	c	VEHICLE	0xB45085B721EFD38C	string	vehicle:Vehicle,p1:boolean	
GetVehicleModColor_2	c	VEHICLE	0x81592BE4E3878728	integer,integer	vehicle:Vehicle	
GetVehicleModColor_2Name	c	VEHICLE	0x4967A516ED23A5A1	string	vehicle:Vehicle	
GetVehicleModData	c	VEHICLE	0x4593CF82AA179706	Hash	vehicle:Vehicle,modType:integer,modIndex:integer	GetVehicleModIdentifierHash
GetVehicleModIdentifierHash	c	VEHICLE	0x4593CF82AA179706	Hash	vehicle:Vehicle,modType:integer,modIndex:integer	
GetVehicleModKit	c	VEHICLE	0x6325D1A044AE510D	integer	vehicle:Vehicle	
GetVehicleModKitType	c	VEHICLE	0xFC058F5121E54C32	integer	vehicle:Vehicle	
GetVehicleModModifierValue	c	VEHICLE	0x90A38E9838E0A8C1	integer	vehicle:Vehicle,modType:integer,modIndex:integer	
GetVehicleModVariation	c	VEHICLE	0xB3924ECD70E095DC	boolean	vehicle:Vehicle,modType:integer	
GetVehicleModelAcceleration	c	VEHICLE	0x8C044C5C84505B6A	number	modelHash:Hash	
GetVehicleModelDownForce	c	VEHICLE	0x53409B5163D5B846	number	modelHash:Hash	GetVehicleModelEstimatedAgility
GetVehicleModelEstimatedAgility	c	VEHICLE	0x53409B5163D5B846	number	modelHash:Hash	
GetVehicleModelEstimatedMaxSpeed	c	VEHICLE	0xF417C2502FFFED43	number	modelHash:Hash	
GetVehicleModelHandBrake	c	VEHICLE	0xBFBA3BA79CFF7EBF	number	modelHash:Hash	GetVehicleModelMaxBrakingMaxMods
GetVehicleModelMaxBraking	c	VEHICLE	0xDC53FD41B4ED944C	number	modelHash:Hash	
GetVehicleModelMaxBrakingMaxMods	c	VEHICLE	0xBFBA3BA79CFF7EBF	number	modelHash:Hash	
GetVehicleModelMaxKnots	c	VEHICLE	0xC6AD107DDC9054CC	number	modelHash:Hash	
GetVehicleModelMaxNumberOfPassengers	c	VEHICLE	0x2AD93716F184EDA4	integer	modelHash:Hash	GetVehicleModelNumberOfSeats
GetVehicleModelMaxSpeed	c	VEHICLE	0xF417C2502FFFED43	number	modelHash:Hash	GetVehicleModelEstimatedMaxSpeed
GetVehicleModelMaxTraction	c	VEHICLE	0x539DE94D44FDFD0D	number	modelHash:Hash	
GetVehicleModelMonetaryValue	c	VEHICLE	0x5873C14A52D74236	integer	vehicleModel:Hash	GetVehicleModelValue
GetVehicleModelMoveResistance	c	VEHICLE	0x5AA3F878A178C4FC	number	modelHash:Hash	GetBoatVehicleModelAgility
GetVehicleModelNumberOfSeats	c	VEHICLE	0x2AD93716F184EDA4	integer	modelHash:Hash	
GetVehicleModelValue	c	VEHICLE	0x5873C14A52D74236	integer	vehicleModel:Hash	
GetVehicleNeonColour	s	CFX	0xD9319DCB	integer,integer,integer	vehicle:Vehicle	
GetVehicleNeonEnabled	s	CFX	0x684BDBF2	boolean	vehicle:Vehicle,neonIndex:integer	
GetVehicleNeonLightsColour	c	VEHICLE	0x7619EEE8C886757F	integer,integer,integer	vehicle:Vehicle	
GetVehicleNextGear	c	CFX	0xDDB298AE	integer	vehicle:Vehicle	
GetVehicleNodeIsGpsAllowed	c	PATHFIND	0xA2AE5C478B96E3B6	boolean	nodeID:integer	
GetVehicleNodeIsSwitchedOff	c	PATHFIND	0x4F5070AA58F69279	boolean	nodeID:integer	
GetVehicleNodePosition	c	PATHFIND	0x703123E5E7D429C2	vector3	nodeId:integer,outPosition?:vector3	
GetVehicleNodeProperties	c	PATHFIND	0x0568566ACBB5DEDC	boolean,integer,integer	x:number,y:number,z:number	
GetVehicleNumberOfBrokenBones	c	VEHICLE	0x2C8CBFE1EA5FC631	integer	vehicle:Vehicle	
GetVehicleNumberOfBrokenOffBones	c	VEHICLE	0x42A4BEB35D372407	integer	vehicle:Vehicle	
GetVehicleNumberOfPassengers	c	VEHICLE	0x24CB2137731FFE89	integer	vehicle:Vehicle	
GetVehicleNumberOfWheels	c	CFX	0xEDF4B0FC	integer	vehicle:Vehicle	
GetVehicleNumberPlateText	b	VEHICLE	0x7CE1CCB9B293020E	string	vehicle:Vehicle	
GetVehicleNumberPlateTextIndex	b	VEHICLE	0xF11BC2DD9A3E7195	integer	vehicle:Vehicle	
GetVehicleOilLevel	c	CFX	0xFC7F8EF4	number	vehicle:Vehicle	
GetVehicleOwner	c	VEHICLE	0x8F5EBAB1F260CFCE	boolean,Entity	vehicle:Vehicle,entity?:Entity	GetVehicleLockOnTarget
GetVehiclePaintFade	c	VEHICLE	0xA82819CAC9C4C403	number	vehicle:Vehicle	GetVehicleEnveffScale
GetVehiclePedIsEntering	c	PED	0xF92691AED837A5FC	Vehicle	ped:Ped	
GetVehiclePedIsIn	b	PED	0x9A9112A0FE9A4713	Vehicle	ped:Ped,lastVehicle:boolean	
GetVehiclePedIsTryingToEnter	c	PED	0x814FA8BE5449445D	Vehicle	ped:Ped	
GetVehiclePedIsUsing	c	PED	0x6094AD011A2EA87D	Vehicle	ped:Ped	
GetVehiclePetrolTankHealth	b	VEHICLE	0x7D5DABE888D2D074	number	vehicle:Vehicle	
GetVehiclePlateType	c	VEHICLE	0x9CCC9525BF2408E0	integer	vehicle:Vehicle	
GetVehicleRadioStationIndex	s	CFX	0x57037960	integer	vehicle:Vehicle	
GetVehicleRecordingId	c	VEHICLE	0x21543C612379DB3C	integer	recording:integer,script:string	
GetVehicleRoofLivery	b	VEHICLE	0x60190048C0764A26	integer	vehicle:Vehicle	
GetVehicleRoofLiveryCount	c	VEHICLE	0x5ECB40269053C0D4	integer	vehicle:Vehicle	
GetVehicleSteeringAngle	b	CFX	0x1382FCEA	number	vehicle:Vehicle	
GetVehicleSteeringScale	c	CFX	0x954465DE	number	vehicle:Vehicle	
GetVehicleSuspensionBounds	c	VEHICLE	0xDF7E3EEB29642C38	vector3,vector3	vehicle:Vehicle	
GetVehicleSuspensionHeight	c	VEHICLE	0x53952FD2BAA19F17	number	vehicle:Vehicle	
GetVehicleThrottleOffset	c	CFX	0xD1D07351	number	vehicle:Vehicle	
GetVehicleTopSpeedModifier	c	CFX	0x998B7FEE	number	vehicle:Vehicle	
GetVehicleTotalRepairs	s	CFX	0x9963D5F9	integer	vehicle:Vehicle	
GetVehicleTrailerVehicle	c	VEHICLE	0x1CDD6BADC297830D	boolean,Vehicle	vehicle:Vehicle,trailer?:Vehicle	
GetVehicleTurboPressure	c	CFX	0xE02B51D7	number	vehicle:Vehicle	
GetVehicleType	b	CFX	0xA273060E	string	vehicle:Vehicle	
GetVehicleTypeRaw	c	CFX	0xDE73BC10	integer	vehicle:Vehicle	
GetVehicleTyreSmokeColor	b	VEHICLE	0xB635392A4938B3C3	integer,integer,integer	vehicle:Vehicle	
GetVehicleTyresCanBurst	c	VEHICLE	0x678B9BB8C3F58FEB	boolean	vehicle:Vehicle	
GetVehicleWaypointProgress	c	TASK	0x9824CFF8FC66E159	integer	vehicle:Vehicle	
GetVehicleWaypointTargetPoint	c	TASK	0x416B62AC8B9E5BBD	integer	vehicle:Vehicle	
GetVehicleWeaponCapacity	c	VEHICLE	0x8181CE2F25CB9BB7	integer	vehicle:Vehicle,weaponIndex:integer	GetVehicleWeaponRestrictedAmmo
GetVehicleWeaponReloadTime	c	WEAPON	0xD0AD348FFD7A6868	number	vehicle:Vehicle,seat:integer	
GetVehicleWeaponRestrictedAmmo	c	VEHICLE	0x8181CE2F25CB9BB7	integer	vehicle:Vehicle,weaponIndex:integer	
GetVehicleWheelBrakePressure	c	CFX	0x70FE2EFF	number	vehicle:Vehicle,wheelIndex:integer	
GetVehicleWheelFlags	c	CFX	0xC70FA0C7	integer	vehicle:Vehicle,wheelIndex:integer	
GetVehicleWheelHealth	c	CFX	0x54A677F5	number	vehicle:Vehicle,wheelIndex:integer	
GetVehicleWheelIsPowered	c	CFX	0x3CCF1B49	boolean	vehicle:Vehicle,wheelIndex:integer	
GetVehicleWheelPower	c	CFX	0xD203287	number	vehicle:Vehicle,wheelIndex:integer	
GetVehicleWheelRimColliderSize	c	CFX	0xCEE21AB2	number	vehicle:Vehicle,wheelIndex:integer	
GetVehicleWheelRotationSpeed	c	CFX	0xEA1859E5	number	vehicle:Vehicle,wheelIndex:integer	
GetVehicleWheelSize	c	CFX	0x4046B66	number	vehicle:Vehicle	
GetVehicleWheelSpeed	c	CFX	0x149C9DA0	number	vehicle:Vehicle,wheelIndex:integer	
GetVehicleWheelSteeringAngle	c	CFX	0xA0867448	number	vehicle:Vehicle,wheelIndex:integer	
GetVehicleWheelSurfaceMaterial	c	CFX	0xA7F04022	integer	vehicle:Vehicle,wheelIndex:integer	
GetVehicleWheelSuspensionCompression	c	CFX	0x2B48175B	number	vehicle:Vehicle,wheelIndex:integer	
GetVehicleWheelTireColliderSize	c	CFX	0xE0BA9FE6	number	vehicle:Vehicle,wheelIndex:integer	
GetVehicleWheelTireColliderWidth	c	CFX	0xEF65929C	number	vehicle:Vehicle,wheelIndex:integer	
GetVehicleWheelTractionVectorLength	c	CFX	0x3BCFEE14	number	vehicle:Vehicle,wheelIndex:integer	
GetVehicleWheelType	b	VEHICLE	0xB3ED1BFB4BE636DC	integer	vehicle:Vehicle	
GetVehicleWheelWidth	c	CFX	0x9C7B59F9	number	vehicle:Vehicle	
GetVehicleWheelXOffset	c	CFX	0xCC90CBCA	number	vehicle:Vehicle,wheelIndex:integer	
GetVehicleWheelXrot	c	CFX	0x2EA4AFFE	number	vehicle:Vehicle,wheelIndex:integer	GetVehicleWheelYRotation
GetVehicleWheelYRotation	c	CFX	0x2EA4AFFE	number	vehicle:Vehicle,wheelIndex:integer	
GetVehicleWheelieState	c	CFX	0x137260D1	integer	vehicle:Vehicle	
GetVehicleWindowTint	b	VEHICLE	0x0EE21293DAD47C95	integer	vehicle:Vehicle	
GetVehicleXenonLightsColor	c	VEHICLE	0x3DFF319A831E0CDB	integer	vehicle:Vehicle	
GetVehicleXenonLightsColour	c	VEHICLE	0x3DFF319A831E0CDB	integer	vehicle:Vehicle	GetVehicleXenonLightsColor
GetVehicleXenonLightsCustomColor	c	CFX	0xC715F730	boolean,integer,integer,integer	vehicle:Vehicle	
GetVehicleXmasSnowFactor	c	CFX	0x16605B30	number		
GetVisualSettingFloat	c	CFX	0x15346B4D	number	name:string	
GetWantedLevelParoleDuration	c	PLAYER	0xA72200F51875FEA4	integer		
GetWantedLevelRadius	c	PLAYER	0x085DEB493BE80812	number	player:Player	
GetWantedLevelThreshold	c	PLAYER	0xFDD179EAF45B556C	integer	wantedLevel:integer	
GetWarningMessageTitleHash	c	HUD	0x81DF9ABA6C83DFF9	Hash		
GetWaterHeight	c	WATER	0xF6829842C06AE524	boolean,number	x:number,y:number,z:number,height?:number	
GetWaterHeightNoWaves	c	WATER	0x8EE6B53CE13A9794	boolean,number	x:number,y:number,z:number,height?:number	
GetWaterQuadAlpha	c	CFX	0x14088095	boolean,integer,integer,integer,integer	waterQuad:integer	
GetWaterQuadAtCoords	c	CFX	0x17321452	integer	x:number,y:number	
GetWaterQuadAtCoords_3d	c	CFX	0xF8E03DB8	integer	x:number,y:number,z:number	
GetWaterQuadBounds	c	CFX	0x42E9A06A	boolean,integer,integer,integer,integer	waterQuad:integer	
GetWaterQuadCount	c	CFX	0xB1884159	integer		
GetWaterQuadHasLimitedDepth	c	CFX	0x22EA3BD8	boolean,integer	waterQuad:integer,hasLimitedDepth?:integer	
GetWaterQuadIsInvisible	c	CFX	0x1DEDBD77	boolean,integer	waterQuad:integer,isInvisible?:integer	
GetWaterQuadLevel	c	CFX	0x6523816B	boolean,number	waterQuad:integer,waterQuadLevel?:number	
GetWaterQuadNoStencil	c	CFX	0x6F4ACBA	boolean,integer	waterQuad:integer,noStencil?:integer	
GetWaterQuadType	c	CFX	0xE2501B8B	boolean,integer	waterQuad:integer,waterType?:integer	
GetWaveQuadAmplitude	c	CFX	0x865139A3	boolean,number	waveQuad:integer,waveQuadAmplitude?:number	
GetWaveQuadAtCoords	c	CFX	0x3F5A61A7	integer	x:number,y:number	
GetWaveQuadBounds	c	CFX	0xF86136DB	boolean,integer,integer,integer,integer	waveQuad:integer	
GetWaveQuadCount	c	CFX	0x9250C76	integer		
GetWaveQuadDirection	c	CFX	0xCCE49A1C	boolean,number,number	waveQuad:integer	
GetWavesIntensity	c	WATER	0x2B2A2CC86778B619	number		GetDeepOceanScaler
GetWaypointBlipEnumId	c	HUD	0x186E5D252FA50E7D	integer		
GetWaypointDistanceAlongRoute	c	TASK	0xA5B769058763E497	number	p0:string,p1:integer	
GetWeaponAccuracySpread	c	CFX	0x5343721	number	weaponHash:Hash	
GetWeaponAnimationOverride	c	CFX	0x63ED2E7	Hash	ped:Ped	
GetWeaponClipSize	c	WEAPON	0x583BE370B1EC6EB4	integer	weaponHash:Hash	
GetWeaponComponentAccuracyModifier	c	CFX	0xC693E278	number	componentHash:Hash	
GetWeaponComponentCameraHash	c	CFX	0xACB7E68F	integer	componentHash:Hash	
GetWeaponComponentClipSize	c	CFX	0xE14CF665	integer	componentHash:Hash	
GetWeaponComponentDamageModifier	c	CFX	0x4A0E3855	number	componentHash:Hash	
GetWeaponComponentHudStats	c	WEAPON	0xB3CAF387AE12E9F8	boolean,integer	componentHash:Hash,outData?:integer	
GetWeaponComponentRangeDamageModifier	c	CFX	0xE134FB8D	number	componentHash:Hash	
GetWeaponComponentRangeModifier	c	CFX	0x2FD0BC1B	number	componentHash:Hash	
GetWeaponComponentReticuleHash	c	CFX	0xF9AB9297	integer	componentHash:Hash	
GetWeaponComponentTypeModel	c	WEAPON	0x0DB57B41EC1DB083	Hash	componentHash:Hash	
GetWeaponComponentVariantExtraComponentCount	c	WEAPON	0x6558AC7C17BFEF58	integer	componentHash:Hash	
GetWeaponComponentVariantExtraComponentModel	c	WEAPON	0x4D1CB8DC40208A17	Hash	componentHash:Hash,extraComponentIndex:integer	
GetWeaponDamage	c	WEAPON	0x3133B907D8B32053	number	weaponHash:Hash,componentHash:Hash	
GetWeaponDamageModifier	c	CFX	0xD979143	number	weaponHash:Hash	
GetWeaponDamageType	c	WEAPON	0x3BE0BB12D25FB305	integer	weaponHash:Hash	
GetWeaponHashFromPickup	c	OBJECT	0x08F96CA6C551AD51	Hash	pickupHash:Hash	GetWeaponTypeFromPickupType
GetWeaponHudStats	c	WEAPON	0xD92C739EE34C9EBA	boolean,integer	weaponHash:Hash,outData?:integer	
GetWeaponObjectFromPed	c	WEAPON	0xCAE1DC9A0E22A16D	Object	ped:Ped,p1:boolean	
GetWeaponObjectLiveryColor	c	WEAPON	0xB3EA4FEABF41464B	integer	weaponObject:Object,camoComponentHash:Hash	
GetWeaponObjectTintIndex	c	WEAPON	0xCD183314F7CD2E57	integer	weapon:Object	
GetWeaponRecoilShakeAmplitude	c	CFX	0x5E1AF5F	number	weaponHash:Hash	
GetWeaponTimeBetweenShots	c	WEAPON	0x065D2AACAD8CF7A4	number	weaponHash:Hash	
GetWeaponTintCount	c	WEAPON	0x5DCF6C5CAB2E9BF7	integer	weaponHash:Hash	
GetWeaponTypeFromPickupType	c	OBJECT	0x08F96CA6C551AD51	Hash	pickupHash:Hash	
GetWeapontypeGroup	c	WEAPON	0xC3287EE3050FB74C	Hash	weaponHash:Hash	
GetWeapontypeModel	c	WEAPON	0xF46CDC33180FDA94	Hash	weaponHash:Hash	
GetWeapontypeSlot	c	WEAPON	0x4215460B9B8B7FA0	Hash	weaponHash:Hash	
GetWeatherTypeTransition	c	MISC	0xF3BBE884A14BB413	Hash,Hash,number		
GetWindDirection	c	MISC	0x1F400FEF721170DA	vector3		
GetWindSpeed	c	MISC	0xA8CF1CC0AFCD3F12	number		
GetWorldCoordFromScreenCoord	c	CFX	0xC81D0659	vector3,vector3	screenX:number,screenY:number	
GetWorldPositionOfEntityBone	c	ENTITY	0x44A8FCB8ED227738	vector3	entity:Entity,boneIndex:integer	
GetWorldPositionOfEntityBone_2	c	ENTITY	0x46F8696933A63C9B	vector3	entity:Entity,boneIndex:integer	GetEntityBonePosition_2
GetWorldRotationOfEntityBone	c	ENTITY	0xCE6294A232D03786	vector3	entity:Entity,boneIndex:integer	GetEntityBoneRotation
GetZoneAtCoords	c	ZONE	0x27040C25DE6CB2F4	integer	x:number,y:number,z:number	
GetZoneFromNameId	c	ZONE	0x98CD1D2934B76CC1	integer	zoneName:string	
GetZonePopschedule	c	ZONE	0x4334BC40AA0CB4BB	integer	zoneId:integer	
GetZoneScumminess	c	ZONE	0x5F7B268D15BA0739	integer	zoneId:integer	
Get_2dCoordFrom_3dCoord	c	HUD	0xF9904D11F1ACBEC3	boolean,number,number	worldX:number,worldY:number,worldZ:number	GetHudScreenPositionFromWorldPosition
GiveAchievementToPlayer	c	PLAYER	0xBEC7076D64130195	boolean	achievement:integer	
GiveDelayedWeaponToPed	c	WEAPON	0xB282DC6EBD803C75		ped:Ped,weaponHash:Hash,ammoCount:integer,bForceInHand:boolean	
GiveLoadoutToPed	c	WEAPON	0x68F8BE6AF5CDF8A6		ped:Ped,loadoutHash:Hash	
GivePedHelmet	c	PED	0x54C7C4A94367717E		ped:Ped,cannotRemove:boolean,helmetFlag:integer,textureIndex:integer	
GivePedNmMessage	c	PED	0xB158DFCCC56E5C5B		ped:Ped	
GivePedToPauseMenu	c	HUD	0xAC0BFBDC3BE00E14		ped:Ped,p1:integer	
GivePlayerRagdollControl	c	PLAYER	0x3C49C870E66F0A28		player:Player,toggle:boolean	
GiveWeaponComponentToPed	b	WEAPON	0xD966D51AA5B28BB9		ped:Ped,weaponHash:Hash,componentHash:Hash	
GiveWeaponComponentToWeaponObject	c	WEAPON	0x33E179436C0B31DB		weaponObject:Object,addonHash:Hash	
GiveWeaponObjectToPed	c	WEAPON	0xB1FA61371AF7C4B7		weaponObject:Object,ped:Ped	
GiveWeaponToPed	b	WEAPON	0xBF0FD6E56C964FCB		ped:Ped,weaponHash:Hash,ammoCount:integer,isHidden:boolean,bForceInHand:boolean	
GolfTrailGetMaxHeight	c	GRAPHICS	0xA4819F5E23E2FFAD	number		
GolfTrailGetVisualControlPoint	c	GRAPHICS	0xA4664972A9B8F8BA	vector3	p0:integer	
GolfTrailSetColour	c	GRAPHICS	0x12995F2E53FFA601		p0:integer,p1:integer,p2:integer,p3:integer,p4:integer,p5:integer,p6:integer,p7:integer,p8:integer,p9:integer,p10:integer,p11:integer	
GolfTrailSetEnabled	c	GRAPHICS	0xA51C4B86B71652AE		toggle:boolean	
GolfTrailSetFacing	c	GRAPHICS	0x06F761EA47C1D3ED		p0:boolean	
GolfTrailSetFixedControlPoint	c	GRAPHICS	0xB1BB03742917A5D6		type:integer,xPos:number,yPos:number,zPos:number,p4:number,red:integer,green:integer,blue:integer,alpha:integer	
GolfTrailSetPath	c	GRAPHICS	0x312342E1A4874F3F		p0:number,p1:number,p2:number,p3:number,p4:number,p5:number,p6:number,p7:number,p8:boolean	
GolfTrailSetRadius	c	GRAPHICS	0x2485D34E50A22E84		p0:number,p1:number,p2:number	
GolfTrailSetShaderParams	c	GRAPHICS	0x9CFDD90B2B844BF7		p0:number,p1:number,p2:number,p3:number,p4:number	
GolfTrailSetTessellation	c	GRAPHICS	0xDBAA5EC848BA2D46		p0:integer,p1:integer	
GrassLodResetScriptAreas	c	GRAPHICS	0x302C91AB2D477F7E			
GrassLodShrinkScriptAreas	c	GRAPHICS	0x6D955F6A9E0295B1		x:number,y:number,z:number,radius:number,p4:number,p5:number,p6:number	
HardAttachCamToEntity	c	CAM	0x202A5ED9CE01D6E7		cam:Cam,entity:Entity,xRot:number,yRot:number,zRot:number,xOffset:number,yOffset:number,zOffset:number,isRelative:boolean	
HardAttachCamToPedBone	c	CAM	0x149916F50C34A40D		cam:Cam,ped:Ped,boneIndex:integer,xRot:number,yRot:number,zRot:number,xOffset:number,yOffset:number,zOffset:number,isRelative:boolean	
HasAchievementBeenPassed	c	PLAYER	0x867365E111A3B6EB	boolean	achievement:integer	
HasActionModeAssetLoaded	c	PED	0xE4B5F4BF2CB24E65	boolean	asset:string	
HasAdditionalTextLoaded	c	HUD	0x02245FE4BED318B8	boolean	slot:integer	
HasAnimDictLoaded	c	STREAMING	0xD031A9162D01088C	boolean	animDict:string	
HasAnimEventFired	c	ENTITY	0xEAF4CD9EA3E7E922	boolean	entity:Entity,actionHash:Hash	
HasAnimSetLoaded	c	STREAMING	0xC4EA073D86FB29B0	boolean	animSet:string	
HasAsyncInstallFinished	c	MISC	0x14832BF2ABA53FC5	boolean		
HasBgScriptBeenDownloaded	c	NETWORK	0x8132C0EB8B2B3293	boolean		NetworkIsCloudBackgroundScriptRequestPending
HasBulletImpactedInArea	c	MISC	0x9870ACFB89A90995	boolean	x:number,y:number,z:number,p3:number,p4:boolean,p5:boolean	
HasBulletImpactedInBox	c	MISC	0xDC8C5D7CFEAB8394	boolean	p0:number,p1:number,p2:number,p3:number,p4:number,p5:number,p6:boolean,p7:boolean	
HasButtonCombinationJustBeenEntered	c	MISC	0x071E2A839DE82D90	boolean	hash:Hash,amount:integer	
HasCheatStringJustBeenEntered	c	MISC	0x557E43C447E700A8	boolean	hash:Hash	
HasClipSetLoaded	c	STREAMING	0x318234F4F3738AF3	boolean	clipSet:string	
HasClosestObjectOfTypeBeenBroken	c	OBJECT	0x761B0E69AC4D007E	boolean	p0:number,p1:number,p2:number,p3:number,modelHash:Hash,p5:any	
HasClosestObjectOfTypeBeenCompletelyDestroyed	c	OBJECT	0x46494A2475701343	boolean	x:number,y:number,z:number,radius:number,modelHash:Hash,p5:boolean	
HasCloudRequestsFinished	c	DLC	0x46E2B844905BC5F0	boolean,boolean	unused:any	
HasCollisionForModelLoaded	c	STREAMING	0x22CCA434E368F03A	boolean	model:Hash	
HasCollisionLoadedAroundEntity	c	ENTITY	0xE9676F61BC0B3321	boolean	entity:Entity	
HasCutFileLoaded	c	CUTSCENE	0xA1C996C2A744262E	boolean	cutsceneName:string	
HasCutsceneCutThisFrame	c	CUTSCENE	0x708BDD8CD795B043	boolean		
HasCutsceneFinished	c	CUTSCENE	0x7C0A893088881D57	boolean		
HasCutsceneLoaded	c	CUTSCENE	0xC59F528E9AB9F339	boolean		
HasDirectorModeBeenTriggered	c	HUD	0xA277800A9EAE340E	boolean		
HasEntityAnimFinished	c	ENTITY	0x20B711662962B472	boolean	entity:Entity,animDict:string,animName:string,p3:integer	
HasEntityBeenDamagedByAnyObject	c	ENTITY	0x95EB9964FF5C5C65	boolean	entity:Entity	
HasEntityBeenDamagedByAnyPed	c	ENTITY	0x605F5A140F202491	boolean	entity:Entity	
HasEntityBeenDamagedByAnyVehicle	c	ENTITY	0xDFD5033FDBA0A9C8	boolean	entity:Entity	
HasEntityBeenDamagedByEntity	c	ENTITY	0xC86D67D52A707CF8	boolean	entity:Entity,damager:Entity,bCheckDamagerVehicle:boolean	
HasEntityBeenDamagedByWeapon	c	WEAPON	0x131D401334815E94	boolean	entity:Entity,weaponHash:Hash,weaponType:integer	
HasEntityBeenMarkedAsNoLongerNeeded	s	CFX	0x9C9A3BE0	boolean	vehicle:Vehicle	
HasEntityClearLosToEntity	c	ENTITY	0xFCDFF7B72D23A1AC	boolean	entity1:Entity,entity2:Entity,flags:integer	
HasEntityClearLosToEntityInFront	c	ENTITY	0x0267D00AF114F17A	boolean	entity1:Entity,entity2:Entity	
HasEntityClearLosToEntity_2	c	ENTITY	0x394BDE2A7BBA031E	any	entity1:Entity,entity2:Entity,traceType:integer	
HasEntityCollidedWithAnything	c	ENTITY	0x8BAD02F0368D9E14	boolean	entity:Entity	
HasFilledVehiclePopulation	c	VEHICLE	0x91D6DD290888CBAB	boolean		
HasForceCleanupOccurred	c	PLAYER	0xC968670BFACE42D9	boolean	cleanupFlags:integer	
HasHudScaleformLoaded	c	GRAPHICS	0xDF6E5987D2B4D140	boolean	hudComponent:integer	HasScaleformScriptHudMovieLoaded
HasLoadedMpDataSet	c	AUDIO	0x544810ED9DB6BBE6	boolean		
HasLoadedSpDataSet	c	AUDIO	0x5B50ABB1FE3746F4	boolean		
HasMenuLayoutChangedEventOccurred	c	HUD	0x2E22FEFA0100275E	boolean		
HasMinimapOverlayLoaded	c	CFX	0xF7535F32	boolean	id:integer	
HasModelLoaded	c	STREAMING	0x98A4EB5D89A0C952	boolean	model:Hash	
HasMpGamerTag	c	HUD	0x6E0EB3EB47C8D7AA	boolean		IsMpGamerTagMovieActive
HasMpGamerTagCrewFlagsSet	c	HUD	0xEB709A36958ABE0D	boolean	playerId:integer	IsUpdatingMpGamerTagNameAndCrewDetails
HasMpGamerTag_2	c	HUD	0xEB709A36958ABE0D	boolean	playerId:integer	IsUpdatingMpGamerTagNameAndCrewDetails
HasMultiplayerAudioDataLoaded	c	AUDIO	0x544810ED9DB6BBE6	boolean		HasLoadedMpDataSet
HasMultiplayerAudioDataUnloaded	c	AUDIO	0x5B50ABB1FE3746F4	boolean		HasLoadedSpDataSet
HasNamedPtfxAssetLoaded	c	STREAMING	0x8702416E512EC454	boolean	fxName:string	
HasNamedScaleformMovieLoaded	c	GRAPHICS	0x0C1C5D756FB5F337	boolean	scaleformName:string	HasScaleformMovieFilenameLoaded
HasNetworkTimeStarted	c	NETWORK	0x46718ACEEDEAFC84	boolean		
HasObjectBeenBroken	c	OBJECT	0x8ABFB70C49CC43E2	boolean	object:Object	
HasPedBeenDamagedByWeapon	c	WEAPON	0x2D343D2219CD027A	boolean	ped:Ped,weaponHash:Hash,weaponType:integer	
HasPedGotWeapon	c	WEAPON	0x8DECB02F88F428BC	boolean	ped:Ped,weaponHash:Hash,p2:boolean	
HasPedGotWeaponComponent	c	WEAPON	0xC593212475FAE340	boolean	ped:Ped,weaponHash:Hash,componentHash:Hash	
HasPedHeadBlendFinished	c	PED	0x654CD0A825161131	boolean	ped:Ped	
HasPedPreloadPropDataFinished	c	PED	0x784002A632822099	boolean	ped:Ped	
HasPedPreloadVariationDataFinished	c	PED	0x66680A92700F43DF	boolean	ped:Ped	
HasPedReceivedEvent	c	PED	0x8507BCB710FA6DC0	boolean	ped:Ped,eventId:integer	
HasPedheadshotImgUploadFailed	c	PED	0x876928DDDFCCC9CD	boolean		
HasPedheadshotImgUploadSucceeded	c	PED	0xE8A169E666CBC541	boolean		
HasPickupBeenCollected	c	OBJECT	0x80EC48E6679313F9	boolean	pickup:Pickup	
HasPlayerBeenShotByCop	c	PLAYER	0xBC0753C9CA14B506	boolean	player:Player,ms:integer,p2:boolean	
HasPlayerBeenSpottedInStolenVehicle	c	PLAYER	0xD705740BB0A1CF4C	boolean	player:Player	
HasPlayerDamagedAtLeastOneNonAnimalPed	c	PLAYER	0xE4B90F367BD81752	boolean	player:Player	
HasPlayerDamagedAtLeastOnePed	c	PLAYER	0x20CE80B0C2BF4ACC	boolean	player:Player	
HasPlayerLeftTheWorld	c	PLAYER	0xD55DDFB47991A294	boolean	player:Player	
HasPlayerTeleportFinished	c	PLAYER	0xE23D5873C2394C61	boolean	player:Player	UpdatePlayerTeleport
HasPreloadModsFinished	c	VEHICLE	0x06F43E5175EB6D96	boolean	p0:any	
HasPtfxAssetLoaded	c	STREAMING	0xCA7D9B86ECA7481B	boolean		
HasResumedFromSuspend	c	MISC	0xE8B9C0EC9E183F35	boolean		
HasScaleformContainerMovieLoadedIntoParent	c	GRAPHICS	0x8217150E1217EBFD	boolean	scaleformHandle:integer	
HasScaleformMovieFilenameLoaded	c	GRAPHICS	0x0C1C5D756FB5F337	boolean	scaleformName:string	
HasScaleformMovieLoaded	c	GRAPHICS	0x85F01B8D5B90570E	boolean	scaleformHandle:integer	
HasScaleformMovieNamedLoaded	c	GRAPHICS	0x9743BCCF7CD6E1F6	boolean,integer	scaleformName:string	
HasScaleformScriptHudMovieLoaded	c	GRAPHICS	0xDF6E5987D2B4D140	boolean	hudComponent:integer	
HasScriptLoaded	c	SCRIPT	0xE6CC9F3BA0FB9EF1	boolean	scriptName:string	
HasScriptWithNameHashLoaded	c	SCRIPT	0x5F0F0C783EB16C04	boolean	scriptHash:Hash	
HasSoundFinished	c	AUDIO	0xFCBDCE714A7C88E5	boolean	soundId:integer	
HasStealthModeAssetLoaded	c	PED	0xE977FC5B08AF3441	boolean	asset:string	
HasStreamedPedAssetsLoaded	c	PED	0x7350823473013C02	boolean	ped:Ped	HaveAllStreamingRequestsCompleted
HasStreamedScriptLoaded	c	SCRIPT	0x5F0F0C783EB16C04	boolean	scriptHash:Hash	HasScriptWithNameHashLoaded
HasStreamedTextureDictLoaded	c	GRAPHICS	0x0145F696AAAAD2E4	boolean	textureDict:string	
HasThisAdditionalTextLoaded	c	HUD	0xADBF060E2B30C5BC	boolean	gxt:string,slot:integer	
HasThisCutsceneLoaded	c	CUTSCENE	0x228D3D94F8A11C3C	boolean	cutsceneName:string	
HasTunablesBeenDownloaded	c	NETWORK	0x0467C11ED88B7D28	boolean		NetworkIsTunableCloudRequestPending
HasVehicleAssetLoaded	c	VEHICLE	0x1BBE0523B8DB9A21	boolean	vehicleAsset:integer	
HasVehicleBeenDamagedByBullets	s	CFX	0xB8AF3137	boolean	vehicle:Vehicle	
HasVehicleBeenOwnedByPlayer	s	CFX	0xE4E83A5B	boolean	vehicle:Vehicle	
HasVehicleGotDecal	c	GRAPHICS	0x060D935D3981A275	boolean	vehicle:Vehicle,p1:integer	DoesVehicleHaveCrewEmblem
HasVehicleGotProjectileAttached	c	WEAPON	0x717C8481234E3B88	boolean	driver:Ped,vehicle:Vehicle,weaponHash:Hash,p3:any	
HasVehicleJumpingAbility	c	VEHICLE	0x9078C0C5EF8C19E9	boolean	vehicle:Vehicle	GetCanVehicleJump
HasVehicleKersBoost	c	VEHICLE	0x50634E348C8D44EF	boolean	vehicle:Vehicle	GetVehicleHasKers
HasVehicleParachute	c	VEHICLE	0xBC9CFF381338CB4F	boolean	vehicle:Vehicle	GetVehicleHasParachute
HasVehiclePhoneExplosiveDevice	c	VEHICLE	0x6ADAABD3068C5235	boolean		
HasVehicleRecordingBeenLoaded	c	VEHICLE	0x300D614A4C785FC4	boolean	recording:integer,script:string	
HasVehicleRocketBoost	c	VEHICLE	0x36D782F68B309BDA	boolean	vehicle:Vehicle	GetHasRocketBoost
HasWeaponAssetLoaded	c	WEAPON	0x36E353271F0E90EE	boolean	weaponHash:Hash	
HasWeaponGotWeaponComponent	c	WEAPON	0x76A18844E743BF91	boolean	weapon:Object,addonHash:Hash	
HasWeaponReloadingInVehicle	c	WEAPON	0x8062F07153F4446F	boolean	vehicle:Vehicle,seat:integer	
HaveAllStreamingRequestsCompleted	c	PED	0x7350823473013C02	boolean	ped:Ped	
HaveCreditsReachedEnd	c	MISC	0x075F1D57402C93BA	boolean		
HaveVehicleModsStreamedIn	c	VEHICLE	0x9A83F5F9963775EF	boolean	vehicle:Vehicle	
HideAreaAndVehicleNameThisFrame	c	HUD	0xA4DEDE28B1814289			
HideHelpTextThisFrame	c	HUD	0xD46923FC481CA285			
HideHudAndRadarThisFrame	c	HUD	0x719FF505F097FD20			
HideHudComponentThisFrame	c	HUD	0x6806C51AD12B83B8		id:integer	
HideHudNotificationsThisFrame	c	HUD	0x25F87B30C382FCA7			ThefeedHideThisFrame
HideLoadingOnFadeThisFrame	c	HUD	0x4B0311D3CDC4648F			
HideMapObjectThisFrame	c	INTERIOR	0xA97F257D0151A6AB		mapObjectHash:Hash	EnableExteriorCullModelThisFrame
HideMinimapExteriorMapThisFrame	c	HUD	0x5FBAE526203990C9			
HideMinimapInteriorMapThisFrame	c	HUD	0x20FE7FDFEEAD38C0			
HideNumberOnBlip	c	HUD	0x532CFF637EF80148		blip:Blip	
HidePedBloodDamageByZone	c	PED	0x62AB793144DE75DC		ped:Ped,p1:any,p2:boolean	
HidePedWeaponForScriptedCutscene	c	WEAPON	0x6F6981D2253C208F		ped:Ped,toggle:boolean	
HidePickup	c	OBJECT	0x867458251D47CCB2		pickup:Pickup,toggle:boolean	HidePortablePickupWhenDetached
HidePortablePickupWhenDetached	c	OBJECT	0x867458251D47CCB2		pickup:Pickup,toggle:boolean	
HideScriptedHudComponentThisFrame	c	HUD	0xE374C498D8BADC14		id:integer	
HideSpecialAbilityLockonOperation	c	HUD	0x3EED80DFF7325CAA		ped:Ped,toggle:boolean	SetPedAiBlipHasCone
HideVehicleTombstone	c	VEHICLE	0xAE71FB656C600587		vehicle:Vehicle,toggle:boolean	
HighlightPlacementCoords	c	OBJECT	0x3430676B11CDF21D		x:number,y:number,z:number,colorIndex:integer	RenderFakePickupGlow
HintAmbientAudioBank	c	AUDIO	0x8F8C0E370AE62F5C	boolean	bankName:string,bOverNetwork:boolean	
HintMissionAudioBank	c	AUDIO	0x40763EA7B9B783E7	boolean	bankName:string,bOverNetwork:boolean,playerBits:integer	
HintScriptAudioBank	c	AUDIO	0xFB380A29641EC31A	boolean	bankName:string,bOverNetwork:boolean	
HiredLimo	c	STATS	0x792271AB35C356A4		p0:any,p1:any	
HudDisplayLoadingScreenTips	c	HUD	0x488043841BBE156F			
HudForceWeaponWheel	c	HUD	0xEB354E5376BC81A7		show:boolean	
HudSetWeaponWheelTopSlot	c	HUD	0x72C1056D678BB7D8		weaponHash:Hash	
HudWeaponWheelGetSelectedHash	c	HUD	0xA48931185F0536FE	Hash		
HudWeaponWheelGetSlotHash	c	HUD	0xA13E93403F26C812	Hash	weaponTypeIndex:integer	
HudWeaponWheelIgnoreControlInput	c	HUD	0x14C9FDCC41F81F63		toggle:boolean	
HudWeaponWheelIgnoreSelection	c	HUD	0x0AFC4AF510774B47			
HudWeaponWheelSetSlotHash	c	HUD	0x72C1056D678BB7D8		weaponHash:Hash	HudSetWeaponWheelTopSlot
IgnoreMenuPreferenceForBonnetCameraThisUpdate	c	CAM	0x7B8A361C1813FBEF			
IgnoreNextRestart	c	MISC	0x21FFB63D8C615361		toggle:boolean	
InitCreatorBudget	c	STREAMING	0xB5A4DB34FE89B88A			
InitShopPedComponent	c	FILES	0x1E8C308FD312C036	integer	outComponent?:integer	
InitShopPedProp	c	FILES	0xEB0A2B758F7B850F	integer	outProp?:integer	
InitSynchSceneAudioWithEntity	c	AUDIO	0x950A154B8DAB6185		audioName:string,entity:Entity	
InitSynchSceneAudioWithPosition	c	AUDIO	0xC8EDE9BDBCCBA6D4		audioName:string,x:number,y:number,z:number	
InstantlyFillPedPopulation	c	PED	0x4759CC730F947C81			
InstantlyFillVehiclePopulation	c	VEHICLE	0x48ADC8A773564670			
IntToParticipantindex	c	PLAYER	0x9EC6603812C24710	integer	value:integer	
IntToPlayerindex	c	PLAYER	0x41BD2A6B006AF756	Player	value:integer	
InterpolateCamWithParams	c	CAM	0xDDA77EE33C005AAF		camera:Cam,camPosX:number,camPosY:number,camPosZ:number,camRotX:number,camRotY:number,camRotZ:number,fov:number,duration:integer,posCurveType:integer,rotCurveType:integer,rotOrder:integer,fovCurveType:integer	
InterruptConversation	c	AUDIO	0xA018A12E5C5C2FA6		interrupterPed:Ped,context:string,voiceName:string	
InterruptConversationAndPause	c	AUDIO	0x8A694D7A68F8DC38		interrupterPed:Ped,context:string,voiceName:string	
InvalidateIdleCam	c	CAM	0xF4F2C0D4EE209E20			
InvalidateVehicleIdleCam	c	CAM	0x9E4CFFF989258472			
IsAceAllowed	b	CFX	0x7EBB9929	boolean	object:string	
IsAiBlipAlwaysShown	c	HUD	0x0C4BBF625CA98C4E		ped:Ped,toggle:boolean	SetPedAiBlipForcedOn
IsAimCamActive	c	CAM	0x68EDDA28A5976D07	boolean		
IsAimCamThirdPersonActive	c	CAM	0x74BD83EA840F6BC9	boolean		
IsAirDefenseZoneInsideSphere	c	WEAPON	0xDAB963831DBFD3F4	boolean,integer	x:number,y:number,z:number,radius:number,SphereIndex?:integer	IsAnyAirDefenseZoneInsideSphere
IsAlarmPlaying	c	AUDIO	0x226435CB96CCFC8C	boolean	alarmName:string	
IsAllowedIndependentCameraModes	c	CAM	0xEAF0FA793D05C592	boolean		
IsAmbientSpeechDisabled	c	AUDIO	0x932C2D096A2C3FFF	boolean	ped:Ped	
IsAmbientSpeechPlaying	c	AUDIO	0x9072C8B49907BFAD	boolean	ped:Ped	
IsAmbientZoneEnabled	c	AUDIO	0x01E2817A479A7F9B	boolean	ambientZone:string	
IsAnEntity	c	ENTITY	0x731EC8A916BD11A1	boolean	handle:integer	
IsAnimalVocalizationPlaying	c	AUDIO	0xC265DF9FB44A9FBD	boolean	pedHandle:Ped	
IsAnyAirDefenseZoneInsideSphere	c	WEAPON	0xDAB963831DBFD3F4	boolean,integer	x:number,y:number,z:number,radius:number,SphereIndex?:integer	
IsAnyEntityAttachedToHandlerFrame	c	VEHICLE	0x62CA17B74C435651	boolean	vehicle:Vehicle	
IsAnyEntityEntirelyInsideGarage	c	OBJECT	0x673ED815D6E323B7	boolean	garageHash:Hash,p1:boolean,p2:boolean,p3:boolean,p4:any	
IsAnyHostilePedNearPoint	c	PED	0x68772DB2B2526F9F	boolean	ped:Ped,x:number,y:number,z:number,radius:number	
IsAnyObjectNearPoint	c	OBJECT	0x397DC58FF00298D1	boolean	x:number,y:number,z:number,range:number,p4:boolean	
IsAnyPassengerRappelingFromVehicle	c	VEHICLE	0x291E373D483E7EE7	boolean	vehicle:Vehicle	IsAnyPedRappellingFromHeli
IsAnyPedNearPoint	c	PED	0x083961498679DC9F	boolean	x:number,y:number,z:number,radius:number	
IsAnyPedRappellingFromHeli	c	VEHICLE	0x291E373D483E7EE7	boolean	vehicle:Vehicle	
IsAnyPedShootingInArea	c	PED	0xA0D3D71EA1086C55	boolean	minX:number,minY:number,minZ:number,maxX:number,maxY:number,maxZ:number,bHighlightArea:boolean,bDo3DCheck:boolean	
IsAnyPositionalSpeechPlaying	c	AUDIO	0x30CA2EF91D15ADF8	boolean		
IsAnySpeechPlaying	c	AUDIO	0x729072355FA39EC9	boolean	ped:Ped	
IsAnyVehicleNearPoint	c	VEHICLE	0x61E1DD6125A3EEE6	boolean	x:number,y:number,z:number,radius:number	
IsAnyVehicleSeatEmpty	c	VEHICLE	0x2D34FC3BC4ADB780	boolean	vehicle:Vehicle	AreAnyVehicleSeatsFree
IsAreaOccupied	c	MISC	0xA61B4DF533DCB56E	boolean	p0:number,p1:number,p2:number,p3:number,p4:number,p5:number,p6:boolean,p7:boolean,p8:boolean,p9:boolean,p10:boolean,p11:any,p12:boolean	
IsAudioSceneActive	c	AUDIO	0xB65B60556E2A9225	boolean	scene:string	
IsAussieVersion	c	MISC	0x9F1935CA1F724008	boolean		
IsAutoSaveInProgress	c	MISC	0x69240733738C19A0	boolean		
IsBigVehicle	c	VEHICLE	0x9F243D3919F442FE	boolean	vehicle:Vehicle	
IsBigmapActive	c	CFX	0xFFF65C63	boolean		
IsBigmapFull	c	CFX	0x66EE14B2	boolean		
IsBitSet	c	MISC	0xA921AA820C25702F	boolean	address:integer,offset:integer	
IsBlipFlashing	c	HUD	0xA5E41FD83AD6CEF0	boolean	blip:Blip	
IsBlipOnMinimap	c	HUD	0xE41CA53051197A27	boolean	blip:Blip	
IsBlipShortRange	c	HUD	0xDA5F8727EB75B926	boolean	blip:Blip	
IsBoatAnchored	c	VEHICLE	0xB0AD1238A709B1A2	boolean	boat:Vehicle	
IsBoatAnchoredAndFrozen	b	CFX	0xD5C39EE6	boolean	vehicle:Vehicle	
IsBoatWrecked	s	CFX	0x9049DB44	boolean	vehicle:Vehicle	
IsBonnetCinematicCamRendering	c	CAM	0xD7360051C885628B	boolean		
IsBulletInAngledArea	c	MISC	0x1A8B5F3C01E2B477	boolean	x1:number,y1:number,z1:number,x2:number,y2:number,z2:number,width:number,ownedByPlayer:boolean	
IsBulletInArea	c	MISC	0x3F2023999AD51C1F	boolean	x:number,y:number,z:number,radius:number,ownedByPlayer:boolean	
IsBulletInBox	c	MISC	0xDE0F6D7450D37351	boolean	x1:number,y1:number,z1:number,x2:number,y2:number,z2:number,ownedByPlayer:boolean	
IsCamActive	c	CAM	0xDFB2B516207D3534	boolean	cam:Cam	
IsCamInterpolating	c	CAM	0x036F97C908C2B52C	boolean	cam:Cam	
IsCamPlayingAnim	c	CAM	0xC90621D8A0CEECF2	boolean	cam:Cam,animName:string,animDictionary:string	
IsCamRendering	c	CAM	0x02EC0AF5C5A49B7A	boolean	cam:Cam	
IsCamShaking	c	CAM	0x6B24BFE83A2BE47B	boolean	cam:Cam	
IsCamSplinePaused	c	CAM	0x0290F35C0AD97864	boolean	p0:any	
IsCargobobHookActive	c	VEHICLE	0x1821D91AD4B56108	boolean	cargobob:Vehicle	DoesCargobobHavePickUpRope
IsCargobobMagnetActive	c	VEHICLE	0x6E08BF5B3722BAC9	boolean	cargobob:Vehicle	DoesCargobobHavePickupMagnet
IsCinematicCamActive	c	CAM	0xF5F1E89A970B7796	boolean		IsCinematicCamInputActive
IsCinematicCamInputActive	c	CAM	0xF5F1E89A970B7796	boolean		
IsCinematicCamRendering	c	CAM	0xB15162CB5826E9E8	boolean		
IsCinematicCamShaking	c	CAM	0xBBC08F6B4CB8FF0A	boolean		
IsCinematicIdleCamRendering	c	CAM	0xCA9D2AA3E326D720	boolean		
IsCinematicShotActive	c	CAM	0xCC9F3371A7C28BC9	boolean	p0:any	
IsCollisionMarkedOutside	c	INTERIOR	0xEEA5AC2EDA7C33E8	boolean	x:number,y:number,z:number	
IsColshapeCircle	b	CFX	0xAAEB581A	boolean	colShapeId:integer	
IsColshapeCuboid	b	CFX	0x80A7B8DF	boolean	colShapeId:integer	
IsColshapeCylinder	b	CFX	0xA9CC9F3D	boolean	colShapeId:integer	
IsColshapeEntityTypeSet	b	CFX	0xB5B22C62	boolean	colShapeId:integer,entityType:integer	
IsColshapePolygon	b	CFX	0x91E01B1E	boolean	colShapeId:integer	
IsColshapeRectangle	b	CFX	0xAE0F25EA	boolean	colShapeId:integer	
IsColshapeSphere	b	CFX	0xC53E0758	boolean	colShapeId:integer	
IsCommandLineBenchmarkValueSet	c	MISC	0xA049A5BE0F04F2F8	boolean		
IsCommerceDataValid	c	NETWORK	0xEA14EEF5B7CD2C30	boolean		
IsCommerceStoreOpen	c	NETWORK	0x2EAC52B4019E2782	boolean		
IsContentItemLocked	c	FILES	0xD4D7B033C3AA243C	boolean	itemHash:Hash	
IsControlEnabled	c	PAD	0x1CEA6BFDF248E5D9	boolean	padIndex:integer,control:integer	
IsControlJustPressed	c	PAD	0x580417101DDB492F	boolean	padIndex:integer,control:integer	
IsControlJustReleased	c	PAD	0x50F940259D3841E6	boolean	padIndex:integer,control:integer	
IsControlPressed	c	PAD	0xF3A21BCD95725A4A	boolean	padIndex:integer,control:integer	
IsControlReleased	c	PAD	0x648EE3E7F38877DD	boolean	padIndex:integer,control:integer	
IsConversationPedDead	c	PED	0xE0A0AEC214B1FABA	boolean	ped:Ped	
IsCopPedInArea_3d	c	PED	0x16EC4839969F9F5E	boolean	x1:number,y1:number,z1:number,x2:number,y2:number,z2:number	
IsCopVehicleInArea_3d	c	VEHICLE	0x7EEF65D5F153E26A	boolean	x1:number,x2:number,y1:number,y2:number,z1:number,z2:number	
IsCutsceneActive	c	CUTSCENE	0x991251AFC3981F84	boolean		
IsCutscenePlaybackFlagSet	c	CUTSCENE	0x71B74D2AE19338D0	boolean	flag:integer	
IsCutscenePlaying	c	CUTSCENE	0xD3C2E180A40F031E	boolean		
IsDamageTrackerActiveOnNetworkId	c	NETWORK	0x6E192E33AD436366	boolean	netID:integer	
IsDamageTrackerActiveOnPlayer	c	NETWORK	0xB2092A1EAA7FD45F	boolean	player:Player	
IsDecalAlive	c	GRAPHICS	0xC694D74949CAFD0C	boolean	decal:integer	
IsDisabledControlJustPressed	c	PAD	0x91AEF906BCA88877	boolean	padIndex:integer,control:integer	
IsDisabledControlJustReleased	c	PAD	0x305C8DCD79DA8B0F	boolean	padIndex:integer,control:integer	
IsDisabledControlPressed	c	PAD	0xE2587F8CBBD87B1D	boolean	padIndex:integer,control:integer	
IsDisabledControlReleased	c	PAD	0xFB6C4072E9A32E92	boolean	padIndex:integer,control:integer	
IsDisabledRawKeyDown	c	CFX	0x36366EC3	boolean	rawKeyIndex:integer	
IsDisabledRawKeyPressed	c	CFX	0x1F7CBBAA	boolean	rawKeyIndex:integer	
IsDisabledRawKeyReleased	c	CFX	0x72B66C09	boolean	rawKeyIndex:integer	
IsDisabledRawKeyUp	c	CFX	0x2C033875	boolean	rawKeyIndex:integer	
IsDlcDataEmpty	c	FILES	0xD4D7B033C3AA243C	boolean	itemHash:Hash	IsContentItemLocked
IsDlcPresent	c	DLC	0x812595A0644CE1DE	boolean	dlcHash:Hash	
IsDlcVehicleMod	c	FILES	0x0564B9FF9631B82C	boolean	hash:Hash	
IsDoorClosed	c	OBJECT	0xC531EE8A1145A149	boolean	doorHash:Hash	
IsDoorRegisteredWithSystem	c	OBJECT	0xC153C43EA202C8C1	boolean	doorHash:Hash	
IsDrivebyTaskUnderneathDrivingTask	c	TASK	0x8785E6E40C7A8818	boolean	ped:Ped	
IsDuiAvailable	c	CFX	0x7AAC3B4C	boolean	duiObject:integer	
IsDuplicityVersion	b	CFX	0xCF24C52E	boolean		
IsDurangoVersion	c	MISC	0x4D982ADB1978442D	boolean		
IsEntityAGhost	c	NETWORK	0x21D04D7BC538C146	boolean	entity:Entity	IsEntityGhostedToLocalPlayer
IsEntityAMissionEntity	c	ENTITY	0x0A7B270912999B3C	boolean	entity:Entity	
IsEntityAPed	c	ENTITY	0x524AC5ECEA15343E	boolean	entity:Entity	
IsEntityAVehicle	c	ENTITY	0x6AC7003FA6E5575E	boolean	entity:Entity	
IsEntityAnObject	c	ENTITY	0x8D68C8FD0FACA94E	boolean	entity:Entity	
IsEntityAtCoord	c	ENTITY	0x20B60995556D004F	boolean	entity:Entity,xPos:number,yPos:number,zPos:number,xSize:number,ySize:number,zSize:number,highlightArea:boolean,do3dCheck:boolean,transportMode:integer	
IsEntityAtEntity	c	ENTITY	0x751B70C3D034E187	boolean	entity:Entity,target:Entity,xSize:number,ySize:number,zSize:number,highlightArea:boolean,do3dCheck:boolean,transportMode:integer	
IsEntityAttached	c	ENTITY	0xB346476EF1A64897	boolean	entity:Entity	
IsEntityAttachedToAnyObject	c	ENTITY	0xCF511840CEEDE0CC	boolean	entity:Entity	
IsEntityAttachedToAnyPed	c	ENTITY	0xB1632E9A5F988D11	boolean	entity:Entity	
IsEntityAttachedToAnyVehicle	c	ENTITY	0x26AA915AD89BFB4B	boolean	entity:Entity	
IsEntityAttachedToEntity	c	ENTITY	0xEFBE71898A993728	boolean	from:Entity,to:Entity	
IsEntityAttachedToHandlerFrame	c	VEHICLE	0x57715966069157AD	boolean	vehicle:Vehicle,entity:Entity	
IsEntityDead	c	ENTITY	0x5F9532F3B5CC2551	boolean	entity:Entity	
IsEntityFocus	c	STREAMING	0x2DDFF3FB9075D747	boolean	entity:Entity	
IsEntityGhostedToLocalPlayer	c	NETWORK	0x21D04D7BC538C146	boolean	entity:Entity	
IsEntityInAir	c	ENTITY	0x886E37EC497200B6	boolean	entity:Entity	
IsEntityInAngledArea	c	ENTITY	0x51210CED3DA1C78A	boolean	entity:Entity,x1:number,y1:number,z1:number,x2:number,y2:number,z2:number,width:number,debug:boolean,includez:boolean,p10:any	
IsEntityInArea	c	ENTITY	0x54736AA40E271165	boolean	entity:Entity,x1:number,y1:number,z1:number,x2:number,y2:number,z2:number,p7:boolean,p8:boolean,p9:any	
IsEntityInWater	c	ENTITY	0xCFB0A0D8EDD145A3	boolean	entity:Entity	
IsEntityInZone	c	ENTITY	0xB6463CF6AF527071	boolean	entity:Entity,zone:string	
IsEntityOccluded	c	ENTITY	0xE31C2C72B8692B64	boolean	entity:Entity	
IsEntityOnFire	c	FIRE	0x28D3FED7190D3A0B	boolean	entity:Entity	
IsEntityOnScreen	c	ENTITY	0xE659E47AF827484B	boolean	entity:Entity	
IsEntityPlayingAnim	c	ENTITY	0x1F0B79228E461EC9	boolean	entity:Entity,animDict:string,animName:string,taskFlag:integer	
IsEntityPositionFrozen	b	CFX	0xEDBE6ADD	boolean	entity:Entity	
IsEntityStatic	c	ENTITY	0x1218E6886D3D8327	boolean	entity:Entity	
IsEntityTouchingEntity	c	ENTITY	0x17FFC1B2BA35A494	boolean	entity:Entity,targetEntity:Entity	
IsEntityTouchingModel	c	ENTITY	0x0F42323798A58C8C	boolean	entity:Entity,modelHash:Hash	
IsEntityUpright	c	ENTITY	0x5333F526F6AB19AA	boolean	entity:Entity,angle:number	
IsEntityUpsidedown	c	ENTITY	0x1DBD58820FA61D71	boolean	entity:Entity	
IsEntityVisible	b	ENTITY	0x47D6F43D77935C75	boolean	entity:Entity	
IsEntityVisibleToScript	c	ENTITY	0xD796CB5BA8F20E32	boolean	entity:Entity	
IsEntityWaitingForWorldCollision	c	ENTITY	0xD05BFF0C0A12C68F	boolean	entity:Entity	
IsEntryPointForSeatClear	c	VEHICLE	0x639431E895B9AA57	boolean	ped:Ped,vehicle:Vehicle,seatIndex:integer,checkSide:boolean,leftSide:boolean	
IsExplosionActiveInArea	c	FIRE	0x6070104B699B2EF4	boolean	explosionType:integer,x1:number,y1:number,z1:number,x2:number,y2:number,z2:number	
IsExplosionInAngledArea	c	FIRE	0xA079A6C51525DC4B	boolean	explosionType:integer,x1:number,y1:number,z1:number,x2:number,y2:number,z2:number,width:number	
IsExplosionInArea	c	FIRE	0x2E2EBA0EE7CED0E0	boolean	explosionType:integer,x1:number,y1:number,z1:number,x2:number,y2:number,z2:number	
IsExplosionInSphere	c	FIRE	0xAB0F816885B0E483	boolean	explosionType:integer,x:number,y:number,z:number,radius:number	
IsFirstPersonAimCamActive	c	CAM	0x5E346D934122613F	boolean		
IsFlashLightOn	b	WEAPON	0x4B7620C47217126C	boolean	ped:Ped	
IsFloatingHelpTextOnScreen	c	HUD	0x2432784ACA090DA4	boolean	hudIndex:integer	
IsFollowPedCamActive	c	CAM	0xC6D3D26810C8E0F9	boolean		
IsFollowVehicleCamActive	c	CAM	0xCBBDE6D335D6D496	boolean		
IsFrontendFading	c	MISC	0x7EA2B6AF97ECA6ED	boolean		
IsFrontendReadyForControl	c	HUD	0x3BAB9A4E4F2FF5C7	boolean		
IsGameEnhancedVersion	c	CFX	0x4DD998F6	boolean		
IsGameInControlOfMusic	c	AUDIO	0x6D28DC1671E334FD	boolean		
IsGameUsingMetricMeasurementSystem	c	MISC	0xD3D15555431AB793	boolean		ShouldUseMetricMeasurements
IsGameplayCamLookingBehind	c	CAM	0x70FDA869F3317EA9	boolean		
IsGameplayCamRendering	c	CAM	0x39B5D1B10383F0C8	boolean		
IsGameplayCamShaking	c	CAM	0x016C090630DF1F89	boolean		
IsGameplayHintActive	c	CAM	0xE520FF1AD2785B40	boolean		
IsGarageEmpty	c	OBJECT	0x90E47239EA1980B8	boolean	garageHash:Hash,p1:boolean,p2:integer	
IsHandlerFrameAboveContainer	c	VEHICLE	0x89D630CF5EA96D23	boolean	handler:Vehicle,container:Entity	
IsHeadlightLBroken	c	VEHICLE	0x5EF77C9ADD3B11A3	boolean	vehicle:Vehicle	GetIsLeftVehicleHeadlightDamaged
IsHeadlightRBroken	c	VEHICLE	0xA7ECB73355EB2F20	boolean	vehicle:Vehicle	GetIsRightVehicleHeadlightDamaged
IsHeliLandingAreaBlocked	c	VEHICLE	0x634148744F385576	boolean	vehicle:Vehicle	
IsHeliPartBroken	c	VEHICLE	0xBC74B4BE25EB6C8A	boolean	vehicle:Vehicle,p1:boolean,p2:boolean,p3:boolean	
IsHeliTailBoomBreakable	s	CFX	0x23E46BD7	boolean	heli:Vehicle	
IsHeliTailBoomBroken	s	CFX	0x2C59F987	boolean	heli:Vehicle	
IsHelpMessageBeingDisplayed	c	HUD	0x4D79439A6B55AC67	boolean		
IsHelpMessageFadingOut	c	HUD	0x327EDEEEAC55C369	boolean		
IsHelpMessageOnScreen	c	HUD	0xDAD37F45428801AE	boolean		
IsHornActive	c	AUDIO	0x9D6BFC12B05C6121	boolean	vehicle:Vehicle	
IsHoveringOverMissionCreatorBlip	c	HUD	0x4167EFE0527D706E	boolean		
IsHudComponentActive	c	HUD	0xBC4C9EA5391ECC0D	boolean	id:integer	
IsHudHidden	c	HUD	0xA86478C6958735C5	boolean		
IsHudPreferenceSwitchedOn	c	HUD	0x1930DFA731813EC4	boolean		
IsInItemset	c	ITEMSET	0x2D0FC594D1E9C107	boolean	p0:any,p1:any	
IsInLoadingScreen	c	LOADINGSCREEN	0xFC309E94546FCDB5		toggle:boolean	LoadingscreenSetLoadFreemodeWithEventName
IsInPowerSavingMode	c	MISC	0x684A41975F077262	boolean		
IsInVehicleCamDisabled	c	CAM	0x4F32C0D5A90A9B40	boolean		
IsIncidentValid	c	MISC	0xC8BC6461E629BEAA	boolean	incidentId:integer	
IsInputDisabled	c	PAD	0xA571D46727E2B718	boolean	padIndex:integer	IsUsingKeyboard
IsInputJustDisabled	c	PAD	0x13337B38DB572509	boolean	padIndex:integer	IsUsingKeyboard_2
IsInteriorCapped	c	INTERIOR	0x92BAC8ACF88CEC26	boolean	interiorID:integer	
IsInteriorDisabled	c	INTERIOR	0xBC5115A5A939DD15	boolean	interior:integer	
IsInteriorEntitySetActive	c	INTERIOR	0x35F7DD45E8C0A16D	boolean	interior:integer,entitySetName:string	
IsInteriorPropEnabled	c	INTERIOR	0x35F7DD45E8C0A16D	boolean	interior:integer,entitySetName:string	IsInteriorEntitySetActive
IsInteriorReady	c	INTERIOR	0x6726BDCCC1932F0E	boolean	interiorID:integer	
IsInteriorRenderingDisabled	c	REPLAY	0x95AB8B5C992C7B58	boolean		
IsInteriorScene	c	INTERIOR	0xBC72B5D7A1CBD54D	boolean		
IsIplActive	c	STREAMING	0x88A741E44A2B3495	boolean	iplName:string	
IsItemsetValid	c	ITEMSET	0xB1B1EA596344DFAB	boolean	p0:any	
IsJapaneseVersion	c	MISC	0xB8C0BB75D8A77DB3	boolean		
IsLoadingPromptBeingDisplayed	c	HUD	0xD422FCC5F239A915	boolean		BusyspinnerIsOn
IsLookInverted	c	PAD	0x77B612531280010D	boolean		
IsMedicalDisabled	c	HUD	0xE18B138FABC53103	boolean		IsWarningMessageActive
IsMemoryCardInUse	c	MISC	0x8A75CE2956274ADD	boolean		
IsMessageBeingDisplayed	c	HUD	0x7984C03AA5CC2F41	boolean		
IsMinigameInProgress	c	MISC	0x2B4A15E44DE0F478	boolean		
IsMinimapAreaRevealed	c	HUD	0x6E31B91145873922	boolean	x:number,y:number,z:number	GetMinimapFowCoordinateIsRevealed
IsMinimapInInterior	c	HUD	0x9049FE339D5F6F6F	boolean		IsPausemapInInteriorMode
IsMinimapRendering	c	HUD	0xAF754F20EB5CD51A	boolean		
IsMissionCompletePlaying	c	AUDIO	0x19A30C23F5827F8A	boolean		
IsMissionCompleteReadyForUi	c	AUDIO	0x6F259F82D873B8B8	boolean		
IsMissionCreatorBlip	c	HUD	0x26F49BF3381D933D	boolean	blip:Blip	
IsMissionNewsStoryUnlocked	c	AUDIO	0x66E49BF55B4B1874	boolean	newsStory:integer	
IsMissionTrain	c	VEHICLE	0xAD464F2E18836BFC	boolean	vehicle:Vehicle	
IsMobileInterferenceActive	c	AUDIO	0xC8B1B2425604CDD0	boolean		
IsMobilePhoneCallOngoing	c	AUDIO	0x7497D2CE2C30D24C	boolean		
IsMobilePhoneRadioActive	c	AUDIO	0xB35CE999E8EF317E	boolean		
IsModelAPed	c	STREAMING	0x75816577FEA6DAD5	boolean	model:Hash	
IsModelAVehicle	c	STREAMING	0x19AAC8F07BFEC53E	boolean	model:Hash	
IsModelInCdimage	c	STREAMING	0x35B9E0803292B641	boolean	model:Hash	
IsModelValid	c	STREAMING	0xC0296A2EDF545E92	boolean	model:Hash	
IsMountedWeaponTaskUnderneathDrivingTask	c	TASK	0xA320EF046186FA3B	boolean	ped:Ped	
IsMouseCursorAboveInstructionalButtons	c	HUD	0x3D9ACB1EB139E702	boolean		IsMouseRolledOverInstructionalButtons
IsMouseRolledOverInstructionalButtons	c	HUD	0x3D9ACB1EB139E702	boolean		
IsMoveBlendRatioRunning	c	TASK	0xD4D8636C0199A939	boolean	ped:Ped	
IsMoveBlendRatioSprinting	c	TASK	0x24A2AD74FA9814E2	boolean	ped:Ped	
IsMoveBlendRatioStill	c	TASK	0x349CE7B56DAFD95C	boolean	ped:Ped	
IsMoveBlendRatioWalking	c	TASK	0xF133BBBE91E1691F	boolean	ped:Ped	
IsMpGamerTagActive	c	HUD	0x4E929E7A5796FD26	boolean	gamerTagId:integer	
IsMpGamerTagFree	c	HUD	0x595B5178E412E199	boolean	gamerTagId:integer	
IsMpGamerTagMovieActive	c	HUD	0x6E0EB3EB47C8D7AA	boolean		
IsMultiplayerChatActive	c	HUD	0xB118AF58B5F332A1	boolean		
IsMusicOneshotPlaying	c	AUDIO	0xA097AB275061FB21	boolean		
IsNamedRendertargetLinked	c	HUD	0x113750538FA31298	boolean	modelHash:Hash	
IsNamedRendertargetRegistered	c	HUD	0x78DCDC15C9F116B4	boolean	name:string	
IsNavigatingMenuContent	c	HUD	0x4E3CD0EF8A489541	any		
IsNavmeshLoadedInArea	c	PATHFIND	0xF813C7E63F9062A5	boolean	x1:number,y1:number,z1:number,x2:number,y2:number,z2:number	
IsNavmeshRequiredRegionOwnedByAnyThread	c	PATHFIND	0x705A844002B39DC0	boolean		
IsNetworkIdOwnedByParticipant	c	NETWORK	0xA1607996431332DF	boolean	netId:integer	
IsNetworkLoadingScene	c	STREAMING	0x41CA5A33160EA4AB	boolean		
IsNetworkVehicleBeenDamagedByAnyObject	c	NETWORK	0xDBD2056652689917		x:number,y:number,z:number	NetworkApplyVoiceProximityOverride
IsNewLoadSceneActive	c	STREAMING	0xA41A05B6CB741B85	boolean		
IsNewLoadSceneLoaded	c	STREAMING	0x01B8247A7A8B9AD1	boolean		
IsNextWeatherType	c	MISC	0x2FAA3A30BEC0F25D	boolean	weatherType:string	
IsNightvisionActive	c	GRAPHICS	0x2202A3F42C8E5F79	boolean		GetUsingnightvision
IsNightvisionInactive	c	GRAPHICS	0x2202A3F42C8E5F79	boolean		GetUsingnightvision
IsNitrousActive	c	VEHICLE	0x491E822B2C464FE4	boolean	vehicle:Vehicle	
IsNuiFocusKeepingInput	c	CFX	0x39C9DC92	boolean		
IsNuiFocused	c	CFX	0x98545E6D	boolean		
IsObjectAPickup	c	OBJECT	0xFC481C641EBBD27D	boolean	object:Object	
IsObjectAPortablePickup	c	OBJECT	0x0378C08504160D0D	boolean	object:Object	
IsObjectEntirelyInsideGarage	c	OBJECT	0x372EF6699146A1E4	boolean	garageHash:Hash,entity:Entity,p2:number,p3:integer	
IsObjectNearPoint	c	OBJECT	0x8C90FE4B381BA60A	boolean	objectHash:Hash,x:number,y:number,z:number,range:number	
IsObjectPartiallyInsideGarage	c	OBJECT	0xF0EED5A6BC7B237A	boolean	garageHash:Hash,entity:Entity,p2:integer	
IsObjectVisible	c	OBJECT	0x8B32ACE6326A7546	boolean	object:Object	
IsObjectWithinBrainActivationRange	c	BRAIN	0xCCBA154209823057	boolean	object:Object	
IsOnlinePoliciesMenuActive	c	HUD	0x6F72CD94F7B5B68C	boolean		
IsOrbisVersion	c	MISC	0xA72BC0B675B1519E	boolean		
IsOutfitEmpty	c	FILES	0xD4D7B033C3AA243C	boolean	itemHash:Hash	IsContentItemLocked
IsParticleFxDelayedBlink	c	GRAPHICS	0x5CCABFFCA31DDE33	number		GetScreenblurFadeCurrentTime
IsPauseMenuActive	c	HUD	0xB0034A223497FFCB	boolean		
IsPauseMenuRestarting	c	HUD	0x1C491717107431C7	boolean		
IsPausemapInInteriorMode	c	HUD	0x9049FE339D5F6F6F	boolean		
IsPcVersion	c	MISC	0x48AF36444B965238	boolean		
IsPedAPlayer	b	PED	0x12534C348C6CB68B	boolean	ped:Ped	
IsPedActiveInScenario	c	TASK	0xAA135F9482C82CC3	boolean	ped:Ped	
IsPedAimingFromCover	c	PED	0x3998B1276A3300E5	boolean	ped:Ped	
IsPedArmed	c	WEAPON	0x475768A975D5AD17	boolean	ped:Ped,typeFlags:integer	
IsPedBeingArrested	c	TASK	0x90A09F3A45FED688	boolean	ped:Ped	
IsPedBeingJacked	c	PED	0x9A497FE2DF198913	boolean	ped:Ped	
IsPedBeingStealthKilled	c	PED	0x863B23EFDE9C5DF2	boolean	ped:Ped	
IsPedBeingStunned	c	PED	0x4FBACCE3B4138EE8	boolean	ped:Ped,p1:integer	
IsPedBlushColorValid	c	PED	0x604E810189EE3A59	boolean	colorID:integer	
IsPedBlushColorValid_2	c	PED	0xF41B5D290C99A3D6	boolean	colorId:integer	
IsPedBodyBlemishValid	c	PED	0x09E7ECA981D9B210	boolean	colorID:integer	
IsPedClimbing	c	PED	0x53E8CB4F48BFE623	boolean	ped:Ped	
IsPedCollectionComponentVariationGen9Exclusive	c	CFX	0x33B2AFA2	boolean	ped:Ped,componentId:integer,collection:string,drawableId:integer	
IsPedCollectionComponentVariationValid	c	CFX	0xCA63A52A	boolean	ped:Ped,componentId:integer,collection:string,drawableId:integer,textureId:integer	
IsPedComponentVariationGen9Exclusive	c	CFX	0xC767B581	boolean	ped:Ped,componentId:integer,drawableId:integer	
IsPedComponentVariationValid	c	PED	0xE825F6B6CEA7671D	boolean	ped:Ped,componentId:integer,drawableId:integer,textureId:integer	
IsPedCuffed	c	TASK	0x74E559B3BC910685	boolean	ped:Ped	
IsPedCurrentWeaponSilenced	c	WEAPON	0x65F0C5AE05943EC7	boolean	ped:Ped	
IsPedDeadOrDying	c	PED	0x3317DEDB88C95038	boolean	ped:Ped,checkMeleeDeathFlags:boolean	
IsPedDefensiveAreaActive	c	PED	0xBA63D9FE45412247	boolean	ped:Ped,p1:boolean	
IsPedDiving	c	PED	0x5527B8246FEF9B11	boolean	ped:Ped	
IsPedDoingBeastJump	c	PED	0x451D05012CCEC234	boolean	ped:Ped	
IsPedDoingDriveby	c	PED	0xB2C086CC1BF8F2BF	boolean	ped:Ped	
IsPedDucking	c	PED	0xD125AE748725C6BC	boolean	ped:Ped	
IsPedEvasiveDiving	c	PED	0x414641C26E105898	boolean,Entity	ped:Ped,evadingEntity?:Entity	
IsPedExclusiveDriverOfVehicle	c	VEHICLE	0xB09D25E77C33EB3F	boolean,integer	ped:Ped,vehicle:Vehicle,outIndex?:integer	
IsPedFacingPed	c	PED	0xD71649DB0A545AA3	boolean	ped:Ped,otherPed:Ped,angle:number	
IsPedFalling	c	PED	0xFB92A102F1C4DFA3	boolean	ped:Ped	
IsPedFatallyInjured	c	PED	0xD839450756ED5A80	boolean	ped:Ped	
IsPedFleeing	c	PED	0xBBCCE00B381F8482	boolean	ped:Ped	
IsPedGettingIntoAVehicle	c	PED	0xBB062B2B5722478E	boolean	ped:Ped	
IsPedGettingUp	c	TASK	0x2A74E1D5F2F00EEC	boolean	ped:Ped	
IsPedGoingIntoCover	c	PED	0x9F65DBC537E59AD5	boolean	ped:Ped	
IsPedGroupMember	c	PED	0x9BB01E3834671191	boolean	ped:Ped,groupId:integer	
IsPedHairColorValid	c	PED	0xE0D36E5D9E99CC21	boolean	colorID:integer	
IsPedHairColorValid_2	c	PED	0xED6D8E27A43B8CDE	boolean	colorId:integer	
IsPedHandcuffed	s	CFX	0x25865633	boolean	ped:Ped	
IsPedHangingOnToVehicle	c	PED	0x1C86D8AEF8254B78	boolean	ped:Ped	
IsPedHeadingTowardsPosition	c	PED	0xFCF37A457CB96DC0	boolean	ped:Ped,x:number,y:number,z:number,p4:number	
IsPedHeadtrackingEntity	c	PED	0x813A0A7C9D2E831F	boolean	ped:Ped,entity:Entity	
IsPedHeadtrackingPed	c	PED	0x5CD3CB88A7F8850D	boolean	ped1:Ped,ped2:Ped	
IsPedHelmetUnk	c	PED	0xB9496CE47546DB2C	boolean	ped:Ped	
IsPedHuman	c	PED	0xB980061DA992779D	boolean	ped:Ped	
IsPedHurt	c	PED	0x5983BB449D7FDB12	boolean	ped:Ped	
IsPedInAnyBoat	c	PED	0x2E0E1C2B4F6CB339	boolean	ped:Ped	
IsPedInAnyHeli	c	PED	0x298B91AE825E5705	boolean	ped:Ped	
IsPedInAnyPlane	c	PED	0x5FFF4CFC74D8FB80	boolean	ped:Ped	
IsPedInAnyPoliceVehicle	c	PED	0x0BD04E29640C9C12	boolean	ped:Ped	
IsPedInAnySub	c	PED	0xFBFC01CCFB35D99E	boolean	ped:Ped	
IsPedInAnyTaxi	c	PED	0x6E575D6A898AB852	boolean	ped:Ped	
IsPedInAnyTrain	c	PED	0x6F972C1AB75A1ED0	boolean	ped:Ped	
IsPedInAnyVehicle	b	PED	0x997ABD671D25CA0B	boolean	ped:Ped,atGetIn:boolean		0x3B0171EE	boolean	ped:Ped
IsPedInCombat	c	PED	0x4859F1FC66A6278E	boolean	ped:Ped,target:Ped	
IsPedInCover	c	PED	0x60DFD0691A170B88	boolean	ped:Ped,exceptUseWeapon:boolean	
IsPedInCoverFacingLeft	c	PED	0x845333B3150583AB	boolean	ped:Ped	
IsPedInCurrentConversation	c	AUDIO	0x049E937F18F4020C	boolean	ped:Ped	
IsPedInFlyingVehicle	c	PED	0x9134873537FA419C	boolean	ped:Ped	
IsPedInGroup	c	PED	0x5891CAC5D4ACFF74	boolean	ped:Ped	
IsPedInHighCover	c	PED	0x6A03BF943D767C93	boolean	ped:Ped	
IsPedInMeleeCombat	c	PED	0x4E209B2C1EAD5159	boolean	ped:Ped	
IsPedInModel	c	PED	0x796D90EFB19AA332	boolean	ped:Ped,modelHash:Hash	
IsPedInParachuteFreeFall	c	PED	0x7DCE8BDA0F1C1200	boolean	ped:Ped	
IsPedInSphereAreaOfAnyEnemyPeds	c	PED	0x082D79E15302F0C2	boolean	ped:Ped,x:number,y:number,z:number,range:number	
IsPedInVehicle	b	PED	0xA3EE4A07279BB9DB	boolean	ped:Ped,vehicle:Vehicle,atGetIn:boolean		0x7DA6BC83	boolean	ped:Ped,vehicle:Vehicle
IsPedInWrithe	c	TASK	0xDEB6D52126E7D640	boolean	ped:Ped	
IsPedInjured	c	PED	0x84A2DD9AC37C35C1	boolean	ped:Ped	
IsPedJacking	c	PED	0x4AE4FF911DFB61DA	boolean	ped:Ped	
IsPedJumping	c	PED	0xCEDABC5900A0BF97	boolean	ped:Ped	
IsPedJumpingOutOfVehicle	c	PED	0x433DDFFE2044B636	boolean	ped:Ped	
IsPedLipstickColorValid	c	PED	0x0525A2C2562F3CD4	boolean	colorID:integer	
IsPedLipstickColorValid_2	c	PED	0x3E802F11FBE27674	boolean	colorId:integer	
IsPedMale	c	PED	0x6D9F5FAA7488BA46	boolean	ped:Ped	
IsPedModel	c	PED	0xC9D55B1A358A5BF7	boolean	ped:Ped,modelHash:Hash	
IsPedOnAnyBike	c	PED	0x94495889E22C6479	boolean	ped:Ped	
IsPedOnFoot	c	PED	0x01FEE67DB37F59B2	boolean	ped:Ped	
IsPedOnMount	c	PED	0x460BC76A0E10655E	boolean	ped:Ped	
IsPedOnSpecificVehicle	c	PED	0xEC5F66E459AF3BB2	boolean	ped:Ped,vehicle:Vehicle	
IsPedOnVehicle	c	PED	0x67722AEB798E5FAB	boolean	ped:Ped	
IsPedOpeningADoor	c	PED	0x26AF0E8E30BD2A2C	boolean	ped:Ped	
IsPedPerformingDependentComboLimit	c	PED	0xEBD0EDBA5BE957CF	boolean	ped:Ped	
IsPedPerformingMeleeAction	c	PED	0xDCCA191DF9980FD7	boolean	ped:Ped	
IsPedPerformingStealthKill	c	PED	0xFD4CCDBCC59941B7	boolean	ped:Ped	
IsPedPlantingBomb	c	PED	0xC70B5FAE151982D8	boolean	ped:Ped	
IsPedPlayingBaseClipInScenario	c	TASK	0x621C6E4729388E41	boolean	ped:Ped	
IsPedProne	c	PED	0xD6A86331A537A7B9	boolean	ped:Ped	
IsPedPropValid	c	PED	0x2B16A3BFF1FBCE49	boolean	ped:Ped,componentId:integer,drawableId:integer,textureId:integer	SetPedPreloadPropData
IsPedRagdoll	b	PED	0x47E4E977581C5B55	boolean	ped:Ped	
IsPedReloading	c	PED	0x24B100C68C645951	boolean	ped:Ped	
IsPedRespondingToEvent	c	PED	0x625B774D75C87068	boolean	ped:Ped,event:any	
IsPedRingtonePlaying	c	AUDIO	0x1E8E5E20937E3137	boolean	ped:Ped	
IsPedRunning	c	TASK	0xC5286FFC176F28A2	boolean	ped:Ped	
IsPedRunningArrestTask	c	TASK	0x3DC52677769B4AE0	boolean	ped:Ped	
IsPedRunningMeleeTask	c	PED	0xD1871251F3B5ACD7	boolean	ped:Ped	
IsPedRunningMobilePhoneTask	c	PED	0x2AFE52F782F25775	boolean	ped:Ped	
IsPedRunningRagdollTask	c	PED	0xE3B6097CC25AA69E	boolean	ped:Ped	
IsPedShaderEffectValid	c	PED	0x81AA517FBBA05D39	boolean	ped:Ped	
IsPedSheltered	c	PED	0xB8B52E498014F5B0	boolean	ped:Ped	
IsPedShooting	c	PED	0x34616828CD07F1A1	boolean	ped:Ped	
IsPedShootingInArea	c	PED	0x7E9DFE24AC1E58EF	boolean	ped:Ped,x1:number,y1:number,z1:number,x2:number,y2:number,z2:number,p7:boolean,p8:boolean	
IsPedSittingInAnyVehicle	c	PED	0x826AA586EDB9FEF8	boolean	ped:Ped	
IsPedSittingInVehicle	c	PED	0xA808AA1D79230FC2	boolean	ped:Ped,vehicle:Vehicle	
IsPedSprinting	c	TASK	0x57E457CD2C0FC168	boolean	ped:Ped	
IsPedStandingInCover	c	PED	0x6A03BF943D767C93	boolean	ped:Ped	IsPedInHighCover
IsPedStill	c	TASK	0xAC29253EEF8F0180	boolean	ped:Ped	
IsPedStopped	c	PED	0x530944F6F4B8A214	boolean	ped:Ped	
IsPedStrafing	b	TASK	0xE45B7F222DE47E09	boolean	ped:Ped	
IsPedSwappingWeapon	c	PED	0x3795688A307E1EB6	boolean	Ped:Ped	
IsPedSwimming	c	PED	0x9DE327631295B4C2	boolean	ped:Ped	
IsPedSwimmingUnderWater	c	PED	0xC024869A53992F34	boolean	ped:Ped	
IsPedTakingOffHelmet	c	PED	0x14590DDBEDB1EC85	boolean	ped:Ped	
IsPedTracked	c	PED	0x4C5E1F087CD10BB7	boolean	ped:Ped	
IsPedTryingToEnterALockedVehicle	c	PED	0x44D28D5DDFE5F68C	boolean	ped:Ped	
IsPedUsingActionMode	b	PED	0x00E73468D085F745	boolean	ped:Ped	
IsPedUsingAnyScenario	c	PED	0x57AB4A3080F85143	boolean	ped:Ped	
IsPedUsingScenario	c	PED	0x1BF094736DD62C2E	boolean	ped:Ped,scenario:string	
IsPedVaulting	c	PED	0x117C70D1F5730B5E	boolean	ped:Ped	
IsPedWalking	c	TASK	0xDE4C184B2B9B071A	boolean	ped:Ped	
IsPedWeaponComponentActive	c	WEAPON	0x0D78DE0572D3969E	boolean	ped:Ped,weaponHash:Hash,componentHash:Hash	
IsPedWeaponReadyToShoot	c	WEAPON	0xB80CA294F2F26749	boolean	ped:Ped	
IsPedWearingHelmet	c	PED	0xF33BDFE19B309B19	boolean	ped:Ped	
IsPedheadshotImgUploadAvailable	c	PED	0xEBB376779A760AA8	boolean		
IsPedheadshotReady	c	PED	0x7085228842B13A67	boolean	id:integer	
IsPedheadshotValid	c	PED	0xA0A9668F158129A2	boolean	id:integer	
IsPickupWeaponObjectValid	c	OBJECT	0x11D1E53A726891FE	boolean	object:Object	
IsPickupWithinRadius	c	OBJECT	0xF9C36251F6E48E33	boolean	pickupHash:Hash,x:number,y:number,z:number,radius:number	DoesPickupOfTypeExistInArea
IsPlaneLandingGearIntact	c	VEHICLE	0x4198AB0022B15F87	boolean	plane:Vehicle	
IsPlaybackGoingOnForVehicle	c	VEHICLE	0x1C8A4C2C19E68EEC	boolean	vehicle:Vehicle	
IsPlaybackUsingAiGoingOnForVehicle	c	VEHICLE	0xAEA8FD591FAD4106	boolean	vehicle:Vehicle	
IsPlayerAceAllowed	s	CFX	0xDEDAE23D	boolean	playerSrc:string,object:string	
IsPlayerBanned	c	NETWORK	0x5F91D5D0B36AA310	boolean		NetworkHaveRosMultiplayerPriv
IsPlayerBattleAware	c	PLAYER	0x38D28DA81E4E9BF9	boolean	player:Player	
IsPlayerBeingArrested	c	PLAYER	0x388A47C51ABDAC8E	boolean	player:Player,atArresting:boolean	
IsPlayerBluetoothEnable	c	PLAYER	0x65FAEE425DE637B0	boolean	player:Player	
IsPlayerCamControlDisabled	c	PLAYER	0x7C814D2FB49F40C0	boolean		GetAreCameraControlsDisabled
IsPlayerClimbing	c	PLAYER	0x95E8F73DC65EFB9C	boolean	player:Player	
IsPlayerCommerceInfoLoaded	s	CFX	0xBEFE93F4	boolean	playerSrc:string	
IsPlayerCommerceInfoLoadedExt	s	CFX	0x1D14F4FE	boolean	playerSrc:string	
IsPlayerControlOn	c	PLAYER	0x49C32D60007AFA47	boolean	player:Player	
IsPlayerDead	c	PLAYER	0x424D4687FA1E5652	boolean	player:Player	
IsPlayerDrivingDangerously	c	PLAYER	0xF10B44FD479D69F3	boolean	player:Player,type:integer	
IsPlayerEntirelyInsideGarage	c	OBJECT	0x024A60DEB0EA69F0	boolean	garageHash:Hash,player:Player,p2:number,p3:integer	
IsPlayerEvadingWantedLevel	s	CFX	0x89A3881A	boolean	playerSrc:string	
IsPlayerFreeAiming	c	PLAYER	0x2E397FD2ECD37C87	boolean	player:Player	
IsPlayerFreeAimingAtEntity	c	PLAYER	0x3C06B5C839B38F7B	boolean	player:Player,entity:Entity	
IsPlayerFreeForAmbientTask	c	PLAYER	0xDCCFD3F106C36AB4	boolean	player:Player	
IsPlayerInCutscene	c	NETWORK	0xE73092F4157CD126	boolean	player:Player	
IsPlayerInFreeCamMode	s	CFX	0x1F14F2AC	boolean	playerSrc:string	
IsPlayerLoggingInNp	c	PLAYER	0x74556E1420867ECA	boolean		
IsPlayerOnline	c	PLAYER	0xF25D331DC2627BBC	boolean		
IsPlayerPartiallyInsideGarage	c	OBJECT	0x1761DC5D8471CBAA	boolean	garageHash:Hash,player:Player,p2:integer	
IsPlayerPlaying	c	PLAYER	0x5E9564D8246B909A	boolean	player:Player	
IsPlayerPressingHorn	c	PLAYER	0xFA1E2BF8B10598F9	boolean	player:Player	
IsPlayerReadyForCutscene	c	PLAYER	0x908CBECC2CAA3690	boolean	player:Player	
IsPlayerRidingTrain	c	PLAYER	0x4EC12697209F2196	boolean	player:Player	
IsPlayerScriptControlOn	c	PLAYER	0x8A876A65283DD7D7	boolean	player:Player	
IsPlayerSwitchInProgress	c	STREAMING	0xD9D2CFFF49FAB35F	boolean		
IsPlayerTargettingAnything	c	PLAYER	0x78CFE51896B6B8A4	boolean	player:Player	
IsPlayerTargettingEntity	c	PLAYER	0x7912F7FC4F6264B6	boolean	player:Player,entity:Entity	
IsPlayerTeleportActive	c	PLAYER	0x02B15662D7F8886F	boolean		
IsPlayerUsingSuperJump	s	CFX	0xC7D2C20C	boolean	playerSrc:string	
IsPlayerVehRadioEnable	c	AUDIO	0x5F43D83FD6738741	boolean		
IsPlayerVehicleRadioEnabled	c	AUDIO	0x5F43D83FD6738741	boolean		IsPlayerVehRadioEnable
IsPlayerWantedLevelGreater	c	PLAYER	0x238DB2A2C23EE9EF	boolean	player:Player,wantedLevel:integer	
IsPlayingPhoneGestureAnim	c	TASK	0xB8EBB1E9D3588C10	boolean	ped:Ped	
IsPlaylistUnk	c	GRAPHICS	0x1F710BFF7DAE6261	boolean	tvChannel:integer,p1:any	
IsPointInAngledArea	c	OBJECT	0x2A70BAE8883E4C81	boolean	xPos:number,yPos:number,zPos:number,x1:number,y1:number,z1:number,x2:number,y2:number,z2:number,width:number,p10:boolean,includez:boolean	
IsPointInsideColshape	b	CFX	0x324DCFA6	boolean	colShapeId:integer,x:number,y:number,z:number	
IsPointObscuredByAMissionEntity	c	MISC	0xE54E209C35FFA18D	boolean	p0:number,p1:number,p2:number,p3:number,p4:number,p5:number,p6:any	
IsPointOnRoad	c	PATHFIND	0x125BF4ABFC536B09	boolean	x:number,y:number,z:number,vehicle:Vehicle	
IsPopMultiplierAreaUnk	c	MISC	0x1312F4B242609CE3	boolean	id:integer	
IsPositionOccupied	c	MISC	0xADCDE75E1C60F32D	boolean	x:number,y:number,z:number,range:number,p4:boolean,checkVehicles:boolean,checkPeds:boolean,p7:boolean,p8:boolean,ignoreEntity:Entity,p10:boolean	
IsPrevWeatherType	c	MISC	0x44F28F86433B10A9	boolean	weatherType:string	
IsPrincipalAceAllowed	b	CFX	0x37CF52CE	boolean	principal:string,object:string	
IsProjectileInArea	c	MISC	0x5270A8FBC098C3F8	boolean	x1:number,y1:number,z1:number,x2:number,y2:number,z2:number,ownedByPlayer:boolean	
IsProjectileTypeInAngledArea	c	MISC	0xF0BC12401061DEA0	boolean	x1:number,y1:number,z1:number,x2:number,y2:number,z2:number,width:number,p7:number,weaponHash:Hash,ownedByPlayer:boolean	
IsProjectileTypeInArea	c	MISC	0x2E0DC353342C4A6D	boolean	x1:number,y1:number,z1:number,x2:number,y2:number,z2:number,type:integer,ownedByPlayer:boolean	
IsProjectileTypeInRadius	c	MISC	0x34318593248C8FB2	boolean	x:number,y:number,z:number,projHash:Hash,radius:number,ownedByPlayer:boolean	IsProjectileTypeWithinDistance
IsProjectileTypeWithinDistance	c	MISC	0x34318593248C8FB2	boolean	x:number,y:number,z:number,projHash:Hash,radius:number,ownedByPlayer:boolean	
IsPs3Version	c	MISC	0xCCA1072C29D096C2	boolean		
IsRadarEnabled	c	HUD	0xAF754F20EB5CD51A	boolean		IsMinimapRendering
IsRadarHidden	c	HUD	0x157F93B036700462	boolean		
IsRadarPreferenceSwitchedOn	c	HUD	0x9EB6522EA68F22FE	boolean		
IsRadioFadedOut	c	AUDIO	0x0626A247D2405330	boolean		
IsRadioRetuning	c	AUDIO	0xA151A7394A214E65	boolean		
IsRadioStationFavourited	c	AUDIO	0x2B1784DB08AFEA79	boolean	radioStation:string	
IsRadioStationVisible	c	AUDIO	0x2B1784DB08AFEA79	boolean	radioStation:string	IsRadioStationFavourited
IsRawKeyDown	c	CFX	0xD95A7387	boolean	rawKeyIndex:integer	
IsRawKeyPressed	c	CFX	0x69F7C29E	boolean	rawKeyIndex:integer	
IsRawKeyReleased	c	CFX	0xEAA50861	boolean	rawKeyIndex:integer	
IsRawKeyUp	c	CFX	0x36F4E505	boolean	rawKeyIndex:integer	
IsRecording	c	RECORDING	0x1897CA71995A90B4	boolean		
IsReportugcMenuOpen	c	HUD	0x9135584D09A3437E	boolean		
IsRockstarBanned	c	NETWORK	0x8020A73847E0CA7D	boolean		NetworkHaveRosBannedPriv
IsRockstarMessageReadyForScript	c	SOCIALCLUB	0xBC1CC91205EC8D6E	boolean		
IsScInboxValid	c	SOCIALCLUB	0x93028F1DB42BFD08	boolean	msgIndex:integer	ScInboxGetMessageIsReadAtIndex
IsScaleformMovieDeleting	c	GRAPHICS	0x86255B1FC929E33E	boolean	scaleformIndex:integer	
IsScaleformMovieMethodReturnValueReady	c	GRAPHICS	0x768FF8961BA904D6	boolean	method_return:integer	
IsScenarioGroupEnabled	c	TASK	0x367A09DED4E05B99	boolean	scenarioGroup:string	
IsScenarioOccupied	c	TASK	0x788756D73AC2E07C	boolean	p0:number,p1:number,p2:number,p3:number,p4:boolean	
IsScenarioTypeEnabled	c	TASK	0x3A815DB3EA088722	boolean	scenarioType:string	
IsScreenFadedIn	c	CAM	0x5A859503B0C08678	boolean		
IsScreenFadedOut	c	CAM	0xB16FCE9DDC7BA182	boolean		
IsScreenFadingIn	c	CAM	0x5C544BC6C57AC575	boolean		
IsScreenFadingOut	c	CAM	0x797AC7CB535BA28F	boolean		
IsScreenblurFadeRunning	c	GRAPHICS	0x7B226C785A52A0A9	boolean		
IsScriptGlobalShaking	c	CAM	0xC912AF078AF19212	boolean		
IsScriptedConversationLoaded	c	AUDIO	0xDF0D54BE7A776737	boolean		
IsScriptedConversationOngoing	c	AUDIO	0x16754C556D2EDE3D	boolean		
IsScriptedHudComponentActive	c	HUD	0xDD100EB17A94FF65	boolean	id:integer	
IsScriptedHudComponentHiddenThisFrame	c	HUD	0x09C0403ED9A751C2	boolean	id:integer	
IsScriptedScenarioPedUsingConditionalAnim	c	PED	0x6EC47A344923E1ED	boolean	ped:Ped,animDict:string,anim:string	
IsScriptedSpeechPlaying	c	AUDIO	0xCC9AA18DCC7084F4	boolean	ped:Ped	
IsScubaGearLightEnabled	c	PED	0x88274C11CF0D866D	boolean	ped:Ped	
IsSeatWarpOnly	c	VEHICLE	0xF7F203E31F96F6A1	boolean	vehicle:Vehicle,seatIndex:integer	
IsSeethroughActive	c	GRAPHICS	0x44B80ABAB9D80BD3	boolean		GetUsingseethrough
IsShockingEventInSphere	c	EVENT	0x1374ABB7C15BAB92	boolean	eventType:integer,x:number,y:number,z:number,radius:number	
IsSniperBulletInArea	c	MISC	0xFEFCF11B01287125	boolean	x1:number,y1:number,z1:number,x2:number,y2:number,z2:number	
IsSniperInverted	c	MISC	0x61A23B7EDA9BDA24	boolean		
IsSocialClubActive	c	HUD	0xC406BE343FC4B9AF	boolean		
IsSocialclubBanned	c	NETWORK	0xA0AD7E2AF5349F61	boolean		NetworkHaveRosCreateTicketPriv
IsSpecialAbilityActive	c	PLAYER	0x3E5F7FC85D854E15	boolean	player:Player	
IsSpecialAbilityEnabled	c	PLAYER	0xB1D200FE26AEF3CB	boolean	player:Player	
IsSpecialAbilityMeterFull	c	PLAYER	0x05A1FE504B7F2587	boolean	player:Player	
IsSpecialAbilityUnlocked	c	PLAYER	0xC6017F6A6CDFA694	boolean	playerModel:Hash	
IsSphereVisible	c	CAM	0xE33D59DA70B58FDF	boolean	x:number,y:number,z:number,radius:number	
IsSphereVisibleToAnotherMachine	c	NETWORK	0xD82CF8E64C8729D8	boolean	p0:number,p1:number,p2:number,p3:number	
IsSphereVisibleToPlayer	c	NETWORK	0xDC3A310219E5DA62	boolean	p0:any,p1:number,p2:number,p3:number,p4:number	
IsSrlLoaded	c	STREAMING	0xD0263801A4C5B0BB	boolean		
IsSteamVersion	c	MISC	0x0A27B2B6282F7169	boolean		
IsStoreAvailableToUser	c	NETWORK	0x883D79C4071E18B3	boolean		
IsStreamPlaying	c	AUDIO	0xD11FA52EB849D978	boolean		
IsStreamingAdditionalText	c	HUD	0x8B6817B71B85EBF0	boolean	p0:integer	
IsStreamingFileReady	c	CFX	0xA194934D	boolean	registerAs:string	
IsStreamvolActive	c	STREAMING	0xBC9823AB80A3DCAC	boolean		
IsStringNull	c	MISC	0xF22B6C47C6EAB066	boolean	string:string	
IsStringNullOrEmpty	c	MISC	0xCA042B6957743895	boolean	string:string	
IsStuntJumpInProgress	c	MISC	0x7A3F19700A4D0525	boolean		
IsStuntJumpMessageShowing	c	MISC	0x2272B0A1343129F4	boolean		
IsSubtitlePreferenceSwitchedOn	c	HUD	0xAD6DACA4BA53E0A4	boolean		
IsSwitchReadyForDescent	c	STREAMING	0xDFA80CB25D0A19B3	boolean		
IsSwitchSkippingDescent	c	STREAMING	0x5B74EA8CFD5E3E7E	boolean		
IsSynchronizedSceneHoldLastFrame	c	PED	0x7F2F4F13AC5257EF	boolean	sceneID:integer	
IsSynchronizedSceneLooped	c	PED	0x62522002E0C391BA	boolean	sceneID:integer	
IsSynchronizedSceneRunning	c	PED	0x25D39B935A038A26	boolean	sceneId:integer	
IsSystemUiBeingDisplayed	c	PLAYER	0x5D511E3867C87139	boolean		
IsTaskMoveNetworkActive	c	TASK	0x921CE12C489C4C41	boolean	ped:Ped	
IsTaskMoveNetworkReadyForTransition	c	TASK	0x30ED88D5E0C56A37	boolean	ped:Ped	
IsTaxiLightOn	c	VEHICLE	0x7504C0F113AB50FC	boolean	vehicle:Vehicle	
IsTennisMode	c	MISC	0x5D5479D115290C3F	boolean	ped:Ped	
IsTextChatActive	c	HUD	0xB118AF58B5F332A1	boolean		IsMultiplayerChatActive
IsThisAMinigameScript	c	MISC	0x7B30F65D7B710098	boolean		
IsThisModelABicycle	c	VEHICLE	0xBF94DD42F63BDED2	boolean	model:Hash	
IsThisModelABike	c	VEHICLE	0xB50C0B0CEDC6CE84	boolean	model:Hash	
IsThisModelABoat	c	VEHICLE	0x45A9187928F4B9E3	boolean	model:Hash	
IsThisModelACar	c	VEHICLE	0x7F6DB52EEFC96DF8	boolean	model:Hash	
IsThisModelAHeli	c	VEHICLE	0xDCE4334788AF94EA	boolean	model:Hash	
IsThisModelAJetski	c	VEHICLE	0x9537097412CF75FE	boolean	model:Hash	
IsThisModelAPlane	c	VEHICLE	0xA0948AB42D7BA0DE	boolean	model:Hash	
IsThisModelAQuadbike	c	VEHICLE	0x39DAC362EE65FA28	boolean	model:Hash	
IsThisModelASubmersible	c	VEHICLE	0x9537097412CF75FE	boolean	model:Hash	IsThisModelAJetski
IsThisModelATrain	c	VEHICLE	0xAB935175B22E822B	boolean	model:Hash	
IsThisModelAnAmphibiousCar	c	VEHICLE	0x633F6F44A537EBB6	boolean	model:Hash	
IsThisModelAnAmphibiousQuadbike	c	VEHICLE	0xA1A9FC1C76A6730D	boolean	model:Hash	
IsThisModelAnEmergencyBoat	c	VEHICLE	0x9537097412CF75FE	boolean	model:Hash	IsThisModelAJetski
IsThreadActive	c	SCRIPT	0x46E9AE36D8FA6417	boolean	threadId:integer	
IsTimeEqualTo	c	NETWORK	0xF5BC95857BD6D512	boolean	timeA:integer,timeB:integer	
IsTimeLessThan	c	NETWORK	0xCB2CF5148012C8D0	boolean	timeA:integer,timeB:integer	
IsTimeMoreThan	c	NETWORK	0xDE350F8651E4346C	boolean	timeA:integer,timeB:integer	
IsToggleModOn	c	VEHICLE	0x84B233A8C8FC8AE7	boolean	vehicle:Vehicle,modType:integer	
IsTrackEnabled	c	CFX	0x31E695CB	boolean	track:integer	
IsTrackSwitchedOff	c	CFX	0xE0C53765	boolean	track:integer	
IsTrackedPedVisible	c	PED	0x91C8E617F64188AC	boolean	ped:Ped	
IsTrackedPointVisible	c	GRAPHICS	0xC45CCDAAC9221CA8	boolean	point:integer	
IsTrainCaboose	s	CFX	0xFA9336E5	boolean	train:Vehicle	
IsTurretSeat	c	VEHICLE	0xE33FFA906CE74880	boolean	vehicle:Vehicle,seatIndex:integer	
IsTvPlaylistItemPlaying	c	GRAPHICS	0x0AD973CA1E077B60	boolean	videoCliphash:Hash	
IsUiLoadingMultiplayer	c	LOADINGSCREEN	0xC6DC823253FBB366	boolean		LoadingscreenIsLoadingFreemode
IsUpdatingMpGamerTagNameAndCrewDetails	c	HUD	0xEB709A36958ABE0D	boolean	playerId:integer	
IsUsingKeyboard	c	PAD	0xA571D46727E2B718	boolean	padIndex:integer	
IsUsingKeyboard_2	c	PAD	0x13337B38DB572509	boolean	padIndex:integer	
IsValidInterior	c	INTERIOR	0x26B0E73D7EAAF4D3	boolean	interior:integer	
IsValidMpGamerTagMovie	c	HUD	0xEB709A36958ABE0D	boolean	playerId:integer	IsUpdatingMpGamerTagNameAndCrewDetails
IsVehicleAConvertible	c	VEHICLE	0x52F357A30698BCCE	boolean	vehicle:Vehicle,checkRoofExtras:boolean	
IsVehicleAlarmActivated	c	VEHICLE	0x4319E335B71FFF34	boolean	vehicle:Vehicle	
IsVehicleAlarmSet	c	CFX	0xDC921211	boolean	vehicle:Vehicle	
IsVehicleAttachedToCargobob	c	VEHICLE	0xD40148F22E81A1D9	boolean	cargobob:Vehicle,vehicleAttached:Vehicle	
IsVehicleAttachedToTowTruck	c	VEHICLE	0x146DF9EC4C4B9FD4	boolean	towTruck:Vehicle,vehicle:Vehicle	
IsVehicleAttachedToTrailer	c	VEHICLE	0xE7CF3C4F9F489F0C	boolean	vehicle:Vehicle	
IsVehicleAudiblyDamaged	c	AUDIO	0x5DB8010EE71FDEF2	boolean	vehicle:Vehicle	
IsVehicleBeingHalted	c	VEHICLE	0xC69BB1D832A710EF	boolean	vehicle:Vehicle	
IsVehicleBumperBouncing	c	VEHICLE	0x27B926779DEB502D	boolean	vehicle:Vehicle,frontBumper:boolean	
IsVehicleBumperBrokenOff	c	VEHICLE	0x468056A6BB6F3846	boolean	vehicle:Vehicle,front:boolean	
IsVehicleDamaged	c	VEHICLE	0xBCDC5017D3CE1E9E	boolean	vehicle:Vehicle	
IsVehicleDoorDamaged	c	VEHICLE	0xB8E181E559464527	boolean	veh:Vehicle,doorID:integer	
IsVehicleDoorFullyOpen	c	VEHICLE	0x3E933CFF7B111C22	boolean	vehicle:Vehicle,doorIndex:integer	
IsVehicleDriveable	c	VEHICLE	0x4C241E39B23DF959	boolean	vehicle:Vehicle,isOnFireCheck:boolean	
IsVehicleEngineOn	c	VEHICLE	0xAE31E7DF9B5B132E	boolean	vehicle:Vehicle	GetIsVehicleEngineRunning
IsVehicleEngineOnFire	c	VEHICLE	0xEC69ADF931AAE0C3	boolean	vehicle:Vehicle	
IsVehicleEngineStarting	b	CFX	0xBB340D04	boolean	vehicle:Vehicle	
IsVehicleExtraTurnedOn	b	VEHICLE	0xD2E6822DBFD6C8BD	boolean	vehicle:Vehicle,extraId:integer	
IsVehicleHighDetail	c	VEHICLE	0x1F25887F3C104278	boolean	vehicle:Vehicle	
IsVehicleInBurnout	c	VEHICLE	0x1297A88E081430EB	boolean	vehicle:Vehicle	
IsVehicleInGarageArea	c	VEHICLE	0xCEE4490CD57BB3C2	boolean	garageName:string,vehicle:Vehicle	
IsVehicleInSubmarineMode	c	VEHICLE	0xA77DC70BD689A1E5	boolean	vehicle:Vehicle	
IsVehicleInteriorLightOn	c	CFX	0xA411F72C	boolean	vehicle:Vehicle	
IsVehicleModGen9Exclusive	c	VEHICLE	0x00834EAC4A96E010	boolean	vehicle:Vehicle,modType:integer,modIndex:integer	
IsVehicleModHswExclusive	c	VEHICLE	0x00834EAC4A96E010	boolean	vehicle:Vehicle,modType:integer,modIndex:integer	IsVehicleModGen9Exclusive
IsVehicleModLoadDone	c	VEHICLE	0x9A83F5F9963775EF	boolean	vehicle:Vehicle	HaveVehicleModsStreamedIn
IsVehicleModel	c	VEHICLE	0x423E8DE37D934D89	boolean	vehicle:Vehicle,model:Hash	
IsVehicleNearEntity	c	VEHICLE	0x57715966069157AD	boolean	vehicle:Vehicle,entity:Entity	IsEntityAttachedToHandlerFrame
IsVehicleNeedsToBeHotwired	c	CFX	0xF9933BF4	boolean	vehicle:Vehicle	
IsVehicleNeonLightEnabled	c	VEHICLE	0x8C4B92553E4766A5	boolean	vehicle:Vehicle,index:integer	
IsVehicleNodeIdValid	c	PATHFIND	0x1EAF30FCFBF5AF74	boolean	vehicleNodeId:integer	
IsVehicleOnAllWheels	c	VEHICLE	0xB104CD1BABF302E2	boolean	vehicle:Vehicle	
IsVehicleOnBoostPad	c	VEHICLE	0x71C6302CBCA6CA35	boolean	vehicle:Vehicle	
IsVehicleParachuteActive	c	VEHICLE	0x3DE51E9C80B116CF	boolean	vehicle:Vehicle	
IsVehiclePreviouslyOwnedByPlayer	c	CFX	0xF849ED67	boolean	vehicle:Vehicle	
IsVehicleRadioEnabled	c	AUDIO	0x0BE4BE946463F917	boolean	vehicle:Vehicle	IsVehicleRadioOn
IsVehicleRadioLoud	c	AUDIO	0x032A116663A4D5AC	boolean	vehicle:Vehicle	CanVehicleReceiveCbRadio
IsVehicleRadioOn	c	AUDIO	0x0BE4BE946463F917	boolean	vehicle:Vehicle	
IsVehicleRocketBoostActive	c	VEHICLE	0x3D34E80EED4AE3BE	boolean	vehicle:Vehicle	
IsVehicleSearchlightOn	c	VEHICLE	0xC0F97FCE55094987	boolean	vehicle:Vehicle	
IsVehicleSeatAccessible	c	VEHICLE	0x639431E895B9AA57	boolean	ped:Ped,vehicle:Vehicle,seatIndex:integer,checkSide:boolean,leftSide:boolean	IsEntryPointForSeatClear
IsVehicleSeatFree	c	VEHICLE	0x22AC59A870E6A669	boolean	vehicle:Vehicle,seatIndex:integer	
IsVehicleShopResprayAllowed	c	VEHICLE	0x8D474C8FAEFF6CDE	boolean	vehicle:Vehicle	IsVehicleSprayable
IsVehicleSirenAudioOn	c	VEHICLE	0xB5CC40FBCB586380	boolean	vehicle:Vehicle	
IsVehicleSirenOn	b	VEHICLE	0x4C9BF537BE2634B2	boolean	vehicle:Vehicle	
IsVehicleSirenSoundOn	c	VEHICLE	0xB5CC40FBCB586380	boolean	vehicle:Vehicle	IsVehicleSirenAudioOn
IsVehicleSlipstreamLeader	c	VEHICLE	0x48C633E94A8142A7	boolean	vehicle:Vehicle	
IsVehicleSprayable	c	VEHICLE	0x8D474C8FAEFF6CDE	boolean	vehicle:Vehicle	
IsVehicleStolen	c	VEHICLE	0x4AF9BD80EEBEB453	boolean	vehicle:Vehicle	
IsVehicleStopped	c	VEHICLE	0x5721B434AD84D57A	boolean	vehicle:Vehicle	
IsVehicleStoppedAtTrafficLights	c	VEHICLE	0x2959F696AE390A99	boolean	vehicle:Vehicle	
IsVehicleStuckOnRoof	c	VEHICLE	0xB497F06B288DCFDF	boolean	vehicle:Vehicle	
IsVehicleStuckTimerUp	c	VEHICLE	0x679BE1DAF71DA874	boolean	vehicle:Vehicle,p1:integer,p2:integer	
IsVehicleTyreBurst	b	VEHICLE	0xBA291848A0815CA9	boolean	vehicle:Vehicle,wheelID:integer,isBurstToRim:boolean	
IsVehicleVisible	c	VEHICLE	0xAA0A52D24FB98293	boolean	vehicle:Vehicle	
IsVehicleWanted	c	CFX	0xA7DAF7C	boolean	vehicle:Vehicle	
IsVehicleWeaponDisabled	c	VEHICLE	0x563B65A643ED072E	boolean	weaponHash:Hash,vehicle:Vehicle,owner:Ped	
IsVehicleWheelBrokenOff	c	CFX	0xCF1BC668	boolean	vehicle:Vehicle,wheelIndex:integer	
IsVehicleWindowIntact	b	VEHICLE	0x46E571A0E20D01F1	boolean	vehicle:Vehicle,windowIndex:integer	
IsWarningMessageActive	c	HUD	0xE18B138FABC53103	boolean		
IsWarningMessageActive_2	c	HUD	0xAF42195A42C63BBA	boolean		IsWarningMessageReadyForControl
IsWarningMessageReadyForControl	c	HUD	0xAF42195A42C63BBA	boolean		
IsWaypointActive	c	HUD	0x1DD1F58F493F1DA5	boolean		
IsWaypointPlaybackGoingOnForPed	c	TASK	0xE03B3F2D3DC59B64	boolean	p0:any	
IsWaypointPlaybackGoingOnForVehicle	c	TASK	0xF5134943EA29868C	boolean	vehicle:Vehicle	
IsWeaponValid	c	WEAPON	0x937C71165CF334B3	boolean	weaponHash:Hash	
IsWorldPointWithinBrainActivationRange	c	BRAIN	0xC5042CC6F5E3D450	boolean		
IsXbox360Version	c	MISC	0xF6201B4DAF662A9D	boolean		
JitterVehicle	c	VEHICLE	0xC59872A5134879C7		vehicle:Vehicle,toggle:boolean,depth1:number,depth2:number,depth3:number	SetSubmarineCrushDepths
KeyHudColour	c	HUD	0x1A5CD7752DD28CD3		toggle:boolean,ped:Ped	SetMinimapInSpectatorMode
KnockOffPedProp	c	PED	0x6FD7816A36615F48		ped:Ped,p1:boolean,p2:boolean,p3:boolean,p4:boolean	
KnockPedOffVehicle	c	PED	0x45BBCBA77C29A841		ped:Ped	
LandingMenuIsActive	c	MISC	0x3BBBD13E5041A79E	boolean		
Leaderboards2ReadByHandle	c	STATS	0xC30713A383BFBF0E	boolean,integer,integer		
Leaderboards2ReadByPlatform	c	STATS	0xF1AE5DCDBFCA2721	boolean,integer	gamerHandleCsv:string,platformName:string	
Leaderboards2ReadByRadius	c	STATS	0x5CE587FB5A42C8C4	boolean,integer,integer	p1:any	
Leaderboards2ReadByRank	c	STATS	0xBA2C7DB0C129449A	boolean,integer	p1:any,p2:any	
Leaderboards2ReadByRow	c	STATS	0xA9CDB1E3F0A49883	boolean,integer,integer,integer,integer	p2:any,p4:any,p6:any	
Leaderboards2ReadByScoreFloat	c	STATS	0xE662C8B759D08F3C	boolean,integer	p1:number,p2:any	
Leaderboards2ReadByScoreInt	c	STATS	0x7EEC7E4F6984A16A	boolean,integer	p1:any,p2:any	
Leaderboards2ReadFriendsByRow	c	STATS	0x918B101666F9CB83	boolean,integer,integer	p2:any,p3:boolean,p4:any,p5:any	
Leaderboards2ReadRankPrediction	c	STATS	0xC38DC1E90D22547C	boolean,integer,integer,integer		
Leaderboards2WriteData	c	STATS	0xAE2206545888AE49	boolean,integer	p0?:integer	
Leaderboards2WriteDataForEventType	c	STATS	0xC980E62E33DF1D5C	boolean,integer,integer		
LeaderboardsCacheDataRow	c	STATS	0xB9BB18E2C40142ED	boolean,integer	p0?:integer	
LeaderboardsClearCacheData	c	STATS	0xD4B02A6B476E1FDC			
LeaderboardsDeaths	c	STATS	0x428EAF89E24F6C36		statName:Hash,value:number	
LeaderboardsGetCacheDataRow	c	STATS	0x9120E8DBA3D69273	boolean,integer	p0:any,p1:any,p2?:integer	
LeaderboardsGetCacheExists	c	STATS	0x9C51349BE6CDFE2C	boolean	p0:any	
LeaderboardsGetCacheNumberOfRows	c	STATS	0x58A651CD201D89AD	integer	p0:any	
LeaderboardsGetCacheTime	c	STATS	0xF04C1C27DA35F6C8	any	p0:any	
LeaderboardsGetColumnId	c	STATS	0xC4B5467A1886EA7E	any	p0:any,p1:any,p2:any	
LeaderboardsGetColumnType	c	STATS	0xBF4FEF46DB7894D3	any	p0:any,p1:any,p2:any	
LeaderboardsGetNumberOfColumns	c	STATS	0x117B45156D7EFF2E	any	p0:any,p1:any	
LeaderboardsReadAnyPending	c	STATS	0xA31FD15197B192BD	boolean		
LeaderboardsReadClear	c	STATS	0x7CCE5C737A665701	any	p0:any,p1:any,p2:any	
LeaderboardsReadClearAll	c	STATS	0xA34CB6E6F0DF4A0B	any		
LeaderboardsReadPending	c	STATS	0xAC392C8483342AC2	boolean	p0:any,p1:any,p2:any	
LeaderboardsReadSuccessful	c	STATS	0x2FB19228983E832C	boolean	p0:any,p1:any,p2:any	
LeaderboardsWriteAddColumn	c	STATS	0x0BCA1D2C47B0D269		p0:any,p1:any,p2:number	
LeaderboardsWriteAddColumnLong	c	STATS	0x2E65248609523599		p0:any,p1:any,p2:any	
LeaveCursorMode	c	CFX	0xADECF19E			
LinkNamedRendertarget	c	HUD	0xF6C09E276AEB3F2D		modelHash:Hash	
LinkStaticEmitterToEntity	c	AUDIO	0x651D3228960D08AF		emitterName:string,entity:Entity	
LoadAllObjectsNow	c	STREAMING	0xBD6E84632DD4CB3F			
LoadAllPathNodes	c	PATHFIND	0x80E4A6EDDB0BE8D9	boolean	keepInMemory:boolean	
LoadCloudHat	c	MISC	0xFC4842A34657BFCB		name:string,transitionTime:number	
LoadContentChangeSetGroup	c	FILES	0x6BEDF5769AC2DC07		hash:Hash	
LoadGlobalWaterType	c	STREAMING	0x7E3F55ED251B76D3		waterType:integer	
LoadInterior	c	INTERIOR	0x2CA429C029CCF247		interior:integer	PinInteriorInMemory
LoadMissionCreatorData	c	STREAMING	0xB5A4DB34FE89B88A			InitCreatorBudget
LoadMissionCreatorPhoto	c	GRAPHICS	0x4862437A486F91B0	boolean,integer,integer	p0:string,p3:boolean	
LoadMovieMeshSet	c	GRAPHICS	0xB66064452270E8F1	integer	movieMeshSetName:string	
LoadMpDlcMaps	c	DLC	0x0888C3502DBBEEF5			OnEnterMp
LoadPlayerCommerceData	s	CFX	0xA8F63EAB		playerSrc:string	
LoadPlayerCommerceDataExt	s	CFX	0x7995539E		playerSrc:string	
LoadResourceFile	b	CFX	0x76A9EE1F	string	resourceName:string,fileName:string	
LoadRopeData	c	PHYSICS	0xCBB203C04D1ABD27		ropeId:integer,rope_preset:string	
LoadScene	c	STREAMING	0x4448EB75B4904BDB		x:number,y:number,z:number	
LoadSpDlcMaps	c	DLC	0xD7C10C4A637992C9			OnEnterSp
LoadStream	c	AUDIO	0x1F1F957154EC51DF	boolean	streamName:string,soundSet:string	
LoadStreamWithStartOffset	c	AUDIO	0x59C16B79F53B3712	boolean	streamName:string,startOffset:integer,soundSet:string	
LoadTvChannel	c	GRAPHICS	0x0AD973CA1E077B60	boolean	videoCliphash:Hash	IsTvPlaylistItemPlaying
LoadTvChannelSequence	c	GRAPHICS	0xF7B38B8305F1FE8B		tvChannel:integer,playlistName:string,restart:boolean	SetTvChannelPlaylist
LoadUgcFile	c	DATAFILE	0xC5238C011AF405E4	boolean	filename:string	DatafileLoadOfflineUgc
LoadWaterFromPath	c	CFX	0xF5102568	boolean	resourceName:string,fileName:string	
LoadingscreenGetLoadFreemode	c	LOADINGSCREEN	0xEF7D17BC6C85264C	boolean		
LoadingscreenGetLoadFreemodeWithEventName	c	LOADINGSCREEN	0x8AA464D4E0F6ACCD	boolean		
LoadingscreenIsLoadingFreemode	c	LOADINGSCREEN	0xC6DC823253FBB366	boolean		
LoadingscreenSetIsLoadingFreemode	c	LOADINGSCREEN	0xC7E7181C09F33B69		toggle:boolean	
LoadingscreenSetLoadFreemode	c	LOADINGSCREEN	0xB0C56BD3D808D863		toggle:boolean	
LoadingscreenSetLoadFreemodeWithEventName	c	LOADINGSCREEN	0xFC309E94546FCDB5		toggle:boolean	
LocalizationGetSystemDateFormat	c	LOCALIZATION	0xA8AE43AEC1A61314	integer		
LocalizationGetSystemLanguage	c	LOCALIZATION	0x497420E022796B3F	integer		
LockLoadingScreenButtons	c	SCRIPT	0xB1577667C3708F9B			
LockMinimapAngle	c	HUD	0x299FAEBB108AE05B		angle:integer	
LockMinimapPosition	c	HUD	0x1279E861A329E73F		x:number,y:number	
LockRadioStation	c	AUDIO	0x477D9DB48F889591		radioStationName:string,toggle:boolean	
LockRadioStationTrackList	c	AUDIO	0xFF5E5EA2DCEEACF3		radioStation:string,trackListName:string	
Log10	c	SYSTEM	0xE816E655DE37FE20	number	value:number	
LogDebugInfo	c	HUD	0x2162C446DFDF38FD		p0:string	
LowerConvertibleRoof	c	VEHICLE	0xDED51F703D0FA83D		vehicle:Vehicle,instantlyLower:boolean	
LowerMapPropDensity	c	MISC	0x9BAE5AD2508DF078		toggle:integer	SetInstancePriorityMode
LowerRetractableWheels	c	VEHICLE	0x5335BE58C083E74E		vehicle:Vehicle	
MakePedReload	c	WEAPON	0x20AE33F3AC9C0033	boolean	ped:Ped	
MarkObjectForDeletion	c	OBJECT	0xADBE4809F19F927A		object:Object	
MaxRadioStationIndex	c	AUDIO	0xF1620ECB50E01DE7	integer		GetNumUnlockedRadioStations
ModifyVehicleTopSpeed	c	VEHICLE	0x93A3996368C94158		vehicle:Vehicle,percentChange:number	
ModifyWater	c	WATER	0xC443FD757C3BA637		x:number,y:number,height:number,radius:number	
MoveFinger	c	MOBILE	0x95C9E72F3D7DEC9B		direction:integer	CellCamMoveFinger
MoveVehicleDecals	c	GRAPHICS	0x84C8D7C2D30D3280		p0:any,p1:any	
MumbleAddVoiceChannelListen	c	CFX	0xC79F44BF		channel:integer	
MumbleAddVoiceTargetChannel	c	CFX	0x4D386C9E		targetId:integer,channel:integer	
MumbleAddVoiceTargetPlayer	c	CFX	0x32C5355A		targetId:integer,player:Player	
MumbleAddVoiceTargetPlayerByServerId	c	CFX	0x25F2B65F		targetId:integer,serverId:integer	
MumbleClearVoiceChannel	c	CFX	0xBF847807			
MumbleClearVoiceTarget	c	CFX	0x8555DCBA		targetId:integer	
MumbleClearVoiceTargetChannels	c	CFX	0x5EA72E76		targetId:integer	
MumbleClearVoiceTargetPlayers	c	CFX	0x912E21DA		targetId:integer	
MumbleCreateChannel	s	CFX	0x262663C5		id:integer	
MumbleDoesChannelExist	c	CFX	0xCC8CA25	boolean	channel:integer	
MumbleGetTalkerProximity	c	CFX	0x84E02A32	number		
MumbleGetVoiceChannelFromServerId	c	CFX	0x221C09F1	integer	serverId:integer	
MumbleIsActive	c	CFX	0xE820BC10	boolean		
MumbleIsConnected	c	CFX	0xB816370A	boolean		
MumbleIsPlayerMuted	s	CFX	0x1D5D50C2	boolean	playerSrc:integer	
MumbleIsPlayerTalking	c	CFX	0x33EEF97F	boolean	player:Player	
MumbleRemoveVoiceChannelListen	c	CFX	0x231523B7		channel:integer	
MumbleRemoveVoiceTargetChannel	c	CFX	0x268DB867		targetId:integer,channel:integer	
MumbleRemoveVoiceTargetPlayer	c	CFX	0x88CD646F		targetId:integer,player:Player	
MumbleRemoveVoiceTargetPlayerByServerId	c	CFX	0x930BD34B		targetId:integer,serverId:integer	
MumbleSetActive	c	CFX	0xD932A3F3		state:boolean	
MumbleSetAudioInputDistance	c	CFX	0x1B1052E2		distance:number	
MumbleSetAudioInputIntent	c	CFX	0x6383526B		intentHash:Hash	
MumbleSetAudioOutputDistance	c	CFX	0x74C597D9		distance:number	
MumbleSetPlayerMuted	s	CFX	0xCC6C2EB1		playerSrc:integer,toggle:boolean	
MumbleSetServerAddress	c	CFX	0xE6EB2CD8		address:string,port:integer	
MumbleSetSubmixForServerId	c	CFX	0xFE3A3054		serverId:integer,submixId:integer	
MumbleSetTalkerProximity	c	CFX	0x74E927B0		value:number	
MumbleSetVoiceChannel	c	CFX	0x8737EEE8		channel:integer	
MumbleSetVoiceTarget	c	CFX	0x960A4A95		targetId:integer	
MumbleSetVolumeOverride	c	CFX	0x61C309E3		player:Player,volume:number	
MumbleSetVolumeOverrideByServerId	c	CFX	0xCE8E25B4		serverId:integer,volume:number	
N_0x0032a6dba562c518	c	PLAYER	0x0032A6DBA562C518			
N_0x0035bb914316f1e3	c	MONEY	0x0035BB914316F1E3		p0:any,p1:any,p2:any,p3:any	NetworkSpentBusiness
N_0x003e92ba477f9d7f	c	HUD	0x003E92BA477F9D7F	integer	blip:Blip	GetBlipRotation
N_0x006e4b040ed37ec3	c	OBJECT	0x006E4B040ED37EC3		p0:any	
N_0x0077f15613d36993	c	STATS	0x0077F15613D36993		p0:any,p1:any,p2:any,p3:any	
N_0x00834eac4a96e010	c	VEHICLE	0x00834EAC4A96E010	boolean	vehicle:Vehicle,modType:integer,modIndex:integer	IsVehicleModGen9Exclusive
N_0x00c09f246abedd82	c	VEHICLE	0x00C09F246ABEDD82	number	vehicleClass:integer	GetVehicleClassEstimatedMaxSpeed
N_0x01095c95cd46b624	c	DATAFILE	0x01095C95CD46B624	boolean	p0:integer	DatafileSelectCreatorStats
N_0x011883f41211432a	c	CUTSCENE	0x011883F41211432A		x1:number,y1:number,z1:number,x2:number,y2:number,z2:number,p6:integer	SetCutsceneOriginAndOrientation
N_0x013e5cfc38cd5387	c	PED	0x013E5CFC38CD5387	integer,integer,integer	makeupColorIndex:integer	GetPedMakeupRgbColor
N_0x0150b6ff25a9e2e5	c	AUDIO	0x0150B6FF25A9E2E5			UnrequestTennisBanks
N_0x015b03ee1c43e6ec	c	STATS	0x015B03EE1C43E6EC		p0:any	
N_0x015c49a93e3e086e	c	MOBILE	0x015C49A93E3E086E		toggle:boolean	CellCamActivateSelfieMode
N_0x01708e8dd3ff8c65	c	PATHFIND	0x01708E8DD3FF8C65	integer	posMinX:number,posMinY:number,posMinZ:number,posMaxX:number,posMaxY:number,posMaxZ:number	GetNumNavmeshesExistingInArea
N_0x017568a8182d98a6	c	FILES	0x017568A8182D98A6	integer	componentHash:Hash	GetShopPedApparelForcedPropCount
N_0x01a358d9128b7a86	c	HUD	0x01A358D9128B7A86	integer		GetCurrentWebpageId
N_0x01abce5e7cbda196	c	NETWORK	0x01ABCE5E7CBDA196	integer		NetworkGetPlatformPartyUnk
N_0x01bb4d577d38bd9e	c	AUDIO	0x01BB4D577D38BD9E		vehicle:Vehicle,intensity:number	SetVehicleAudioBodyDamageFactor
N_0x0205f5365292d2eb	c	VEHICLE	0x0205F5365292D2EB		vehicle:Vehicle,p1:number	
N_0x0218ba067d249dea	c	GRAPHICS	0x0218BA067D249DEA			
N_0x0225778816fdc28c	c	CAM	0x0225778816FDC28C		p0:number	
N_0x02369d5c8a51fdcf	c	GRAPHICS	0x02369D5C8A51FDCF		toggle:boolean	
N_0x02398b627547189c	c	VEHICLE	0x02398B627547189C		vehicle:Vehicle,toggle:boolean	SetVehicleHasBeenDrivenFlag
N_0x023acab2dc9dc4a4	c	NETWORK	0x023ACAB2DC9DC4A4	any		
N_0x024a60deb0ea69f0	c	OBJECT	0x024A60DEB0EA69F0	boolean	garageHash:Hash,player:Player,p2:number,p3:integer	IsPlayerEntirelyInsideGarage
N_0x02a8bec6fd9af660	c	NETWORK	0x02A8BEC6FD9AF660	boolean,integer	p1:any	NetworkGetGamerStatusResult
N_0x02ac28f3a01fa04a	c	GRAPHICS	0x02AC28F3A01FA04A		p0:number	CascadeShadowsSetDynamicDepthValue
N_0x02ada21ea2f6918f	c	NETWORK	0x02ADA21EA2F6918F	boolean		UgcHasGetFinished
N_0x02c40bf885c567b6	c	NETWORK	0x02C40BF885C567B6	integer	netSceneId:integer	NetworkGetLocalSceneFromNetworkId
N_0x02deaac8f8ea7fe7	c	MISC	0x02DEAAC8F8EA7FE7		overrideSettingsName:string	SetCloudSettingsOverride
N_0x02e93c796abd3a97	c	AUDIO	0x02E93C796ABD3A97		p0:boolean	
N_0x031acb6aba18c729	c	AUDIO	0x031ACB6ABA18C729		radioStation:string,trackListName:string	UnlockRadioStationTrackList
N_0x03300b57fcac6ddb	c	GRAPHICS	0x03300B57FCAC6DDB		p0:boolean	
N_0x0350e7e17ba767d0	c	AUDIO	0x0350E7E17BA767D0		vehicle:Vehicle,value:integer	SetVehicleHornVariation
N_0x0378c08504160d0d	c	OBJECT	0x0378C08504160D0D	boolean	object:Object	IsObjectAPortablePickup
N_0x0379daf89ba09aa5	c	NETWORK	0x0379DAF89BA09AA5		object:Object,enabled:boolean	NetworkSetObjectForceStaticBlend
N_0x0395cb47b022e62c	c	NETSHOPPING	0x0395CB47B022E62C	boolean,integer	p0?:integer	
N_0x03a93ff1a2ca0864	c	SOCIALCLUB	0x03A93FF1A2CA0864	integer		ScInboxGetTotalNumMessages
N_0x03c27e13b42a0e82	c	OBJECT	0x03C27E13B42A0E82		doorHash:Hash,rate:number,requestDoor:boolean,forceUpdate:boolean	DoorSystemSetAutomaticRate
N_0x03c2eebb04b3fb72	c	STATS	0x03C2EEBB04B3FB72		p0:any,p1:any,p2:any,p3:any,p4:any,p5:any,p6:any	
N_0x03ea03af85a85cb7	c	PED	0x03EA03AF85A85CB7	boolean	ped:Ped,p1:boolean,p2:boolean,p3:boolean,p4:boolean,p5:boolean,p6:boolean,p7:boolean,p8:any	
N_0x03f1a106bda7dd3e	c	STREAMING	0x03F1A106BDA7DD3E			
N_0x03fc694ae06c5a20	c	GRAPHICS	0x03FC694AE06C5A20			CascadeShadowsInitSession
N_0x040addcbafa1018a	c	SOCIALCLUB	0x040ADDCBAFA1018A		offset:integer,limit:integer	ScInboxGetEmails
N_0x0419b167ee128f33	c	VEHICLE	0x0419B167EE128F33	any	p0:any,p1:any	
N_0x041c7f2a6c9894e6	c	NETWORK	0x041C7F2A6C9894E6	any	p0:any,p1:any,p2:any	
N_0x042e4b70b93e6054	c	NETWORK	0x042E4B70B93E6054			NetworkGetPrimaryClanDataCancel
N_0x044dbad7a7fa2be5	c	AUDIO	0x044DBAD7A7FA2BE5		oldPortalSettingsName:string,newPortalSettingsName:string	SetPortalSettingsOverride
N_0x04655f9d075d0ae5	c	HUD	0x04655F9D075D0AE5		toggle:boolean	
N_0x0467c11ed88b7d28	c	NETWORK	0x0467C11ED88B7D28	boolean		NetworkIsTunableCloudRequestPending
N_0x047cbed6f6f8b63c	c	STATS	0x047CBED6F6F8B63C			StatSetCheatIsActive
N_0x04918a41bc9b8157	c	NETWORK	0x04918A41BC9B8157	any	p0:any,p1:any,p2:any	
N_0x0499d7b09fc9b407	c	PAD	0x0499D7B09FC9B407	string	padIndex:integer,control:integer,p2:boolean	GetControlInstructionalButton
N_0x04d90ba8207ada2d	c	STATS	0x04D90BA8207ADA2D	integer	data?:integer	PlaystatsRecoverContraband
N_0x0525a2c2562f3cd4	c	PED	0x0525A2C2562F3CD4	boolean	colorID:integer	IsPedLipstickColorValid
N_0x052837721a854ec7	c	SHAPETEST	0x052837721A854EC7	integer	entity:Entity,flags1:integer,flags2:integer	StartShapeTestBoundingBox
N_0x052991e59076e4e4	c	HUD	0x052991E59076E4E4	boolean,integer	p0:Hash,p1?:integer	GetMenuPedBoolStat
N_0x0546524ade2e9723	c	CUTSCENE	0x0546524ADE2E9723		cutsceneEntName:string,componentId:integer,drawableId:integer,textureId:integer,modelHash:Hash	SetCutscenePedPropVariation
N_0x0564b9ff9631b82c	c	FILES	0x0564B9FF9631B82C	boolean	hash:Hash	IsDlcVehicleMod
N_0x0581730ab9380412	c	VEHICLE	0x0581730AB9380412		p0:any,p1:any,p2:any,p3:any,p4:any,p5:any	
N_0x058f43ec59a8631a	c	NETWORK	0x058F43EC59A8631A			NetworkClearFollowers
N_0x0596843b34b95ce5	c	OBJECT	0x0596843B34B95CE5		p0:any,p1:any	
N_0x05b7a89bd78797fc	c	INTERIOR	0x05B7A89BD78797FC	integer	x:number,y:number,z:number,interiorType:string	GetInteriorAtCoordsWithType
N_0x05f04155a226fbbf	c	MONEY	0x05F04155A226FBBF		p0:any,p1:any,p2:any,p3:any	NetworkSpentOrderWarehouseVehicle
N_0x06087579e7aa85a9	c	PED	0x06087579E7AA85A9	boolean	p0:any,p1:any,p2:number,p3:number,p4:number,p5:number	
N_0x061cb768363d6424	c	PED	0x061CB768363D6424		ped:Ped,toggle:boolean	
N_0x0626a247d2405330	c	AUDIO	0x0626A247D2405330	boolean		IsRadioFadedOut
N_0x062d5ead4da2fa6a	c	AUDIO	0x062D5EAD4DA2FA6A			ForcePedPanicWalla
N_0x063ae2b2cc273588	c	VEHICLE	0x063AE2B2CC273588		vehicle:Vehicle,p1:boolean	
N_0x06462a961e94b67c	c	MISC	0x06462A961E94B67C			
N_0x0653b735bfbdfe87	c	AUDIO	0x0653B735BFBDFE87		ped:Ped,toggle:boolean	SetPedAudioFootstepLoud
N_0x06582aff74894c75	c	VEHICLE	0x06582AFF74894C75		vehicle:Vehicle,toggle:boolean	SetVehicleInactiveDuringPlayback
N_0x065d03a9d6b2c6b5	c	VEHICLE	0x065D03A9D6B2C6B5		p0:any,p1:any	
N_0x065d2aacad8cf7a4	c	WEAPON	0x065D2AACAD8CF7A4	number	weaponHash:Hash	GetWeaponTimeBetweenShots
N_0x068f64f2470f9656	c	VEHICLE	0x068F64F2470F9656		vehicle:Vehicle,toggle:boolean	SetVehicleDropsMoneyWhenBlownUp
N_0x06a320535f5f0248	c	HUD	0x06A320535F5F0248		maximumValue:integer	SetMaxArmourHudDisplay
N_0x06a3524161c502ba	c	CUTSCENE	0x06A3524161C502BA		cutsceneName:string	RequestCutFile
N_0x06c0023bed16dd6b	c	AUDIO	0x06C0023BED16DD6B		doorHash:Hash,toggle:boolean	SetScriptUpdateDoorAudio
N_0x06eaf70ae066441e	c	STATS	0x06EAF70AE066441E		p0:any	
N_0x06ee9048fd080382	c	CUTSCENE	0x06EE9048FD080382		p0:boolean	
N_0x06f761ea47c1d3ed	c	GRAPHICS	0x06F761EA47C1D3ED		p0:boolean	GolfTrailSetFacing
N_0x06faacd625d80caa	c	NETWORK	0x06FAACD625D80CAA		entity:Entity	NetworkRegisterEntityAsNetworked
N_0x071e2a839de82d90	c	MISC	0x071E2A839DE82D90	boolean	hash:Hash,amount:integer	HasButtonCombinationJustBeenEntered
N_0x073ca26b079f956e	c	FILES	0x073CA26B079F956E	integer	p0:any	GetShopPedOutfitLocate
N_0x075f1d57402c93ba	c	MISC	0x075F1D57402C93BA	boolean		HaveCreditsReachedEnd
N_0x07c313f94746702c	c	STREAMING	0x07C313F94746702C	boolean	unused:any	StreamvolIsValid
N_0x07c61676e5bb52cd	c	SOCIALCLUB	0x07C61676E5BB52CD	boolean	token:integer	ScLicenseplateGetAddIsPending
N_0x07dbd622d9533857	c	SOCIALCLUB	0x07DBD622D9533857	any	p0:any	
N_0x07dd29d5e22763f1	c	NETWORK	0x07DD29D5E22763F1	boolean,integer	networkHandle?:integer	NetworkCanPlayMultiplayerWithGamer
N_0x07eab372c8841d99	c	NETWORK	0x07EAB372C8841D99	any	p0:any,p1:any,p2:any	
N_0x07fb139b592fa687	c	PATHFIND	0x07FB139B592FA687	boolean	x1:number,y1:number,x2:number,y2:number	RequestPathsPreferAccurateBoundingstruct
N_0x0811381ef5062fec	c	STREAMING	0x0811381EF5062FEC		p0:Entity	
N_0x08a1b82b91900682	c	MONEY	0x08A1B82B91900682		p0:integer,p1:integer,amount:integer	NetworkSpentPayGoon
N_0x08b0ca7a6ab3ac32	c	MONEY	0x08B0CA7A6AB3AC32		p0:any,p1:any,p2:any	NetworkEarnBoss
N_0x08c2d6c52a3104bb	c	STREAMING	0x08C2D6C52A3104BB	integer		GetPlayerSwitchInterpOutDuration
N_0x08e8eeadfd0dc4a0	c	MONEY	0x08E8EEADFD0DC4A0	boolean	amount:integer	
N_0x08f96ca6c551ad51	c	OBJECT	0x08F96CA6C551AD51	Hash	pickupHash:Hash	GetWeaponTypeFromPickupType
N_0x0923dbf87dff735e	c	HUD	0x0923DBF87DFF735E		x:number,y:number,z:number	SetMinimapFowRevealCoordinate
N_0x098760c7461724cd	c	STATS	0x098760C7461724CD			PlaystatsStartOfflineMode
N_0x098ab65b9ed9a9ec	c	NETWORK	0x098AB65B9ED9A9EC	boolean	heistName:string,cashEarned:integer,xpEarned:integer	FacebookSetHeistComplete
N_0x09c0403ed9a751c2	c	HUD	0x09C0403ED9A751C2	boolean	id:integer	IsScriptedHudComponentHiddenThisFrame
N_0x09e7eca981d9b210	c	PED	0x09E7ECA981D9B210	boolean	colorID:integer	IsPedBodyBlemishValid
N_0x0a123435a26c36cd	c	GRAPHICS	0x0A123435A26C36CD			EndPetrolTrailDecals
N_0x0a24da3a41b718f5	c	HUD	0x0A24DA3A41B718F5		labelName:string	BeginTextCommandIsThisHelpMessageBeingDisplayed
N_0x0a3f820a9a9a9ac5	c	VEHICLE	0x0A3F820A9A9A9AC5		vehicle:Vehicle,x:number,y:number,z:number	SetHeliCombatOffset
N_0x0a436b8643716d14	c	VEHICLE	0x0A436B8643716D14			ClearVehicleGeneratorAreaOfInterest
N_0x0a46af8a78dc5e0a	c	GRAPHICS	0x0A46AF8A78DC5E0A			FreeMemoryForMissionCreatorPhoto
N_0x0a50d2604e05cb94	c	STATS	0x0A50D2604E05CB94		p0:any,p1:any,p2:any,p3:any,p4:any	PlaystatsChangeMcEmblem
N_0x0a60017f841a54f2	c	MISC	0x0A60017F841A54F2		numCheckpoints:integer,numLaps:integer,numPlayers:integer,localPlayer:Player	ScriptRaceInit
N_0x0a6a279f3aa4fd70	c	VEHICLE	0x0A6A279F3AA4FD70		vehicle:Vehicle,p1:boolean	SetBoatDisableAvoidance
N_0x0a6d923dffc9bd89	c	NETSHOPPING	0x0A6D923DFFC9BD89	integer		NetGameserverDeleteCharacterSlotGetStatus
N_0x0a9c7f36e5d7b683	c	STATS	0x0A9C7F36E5D7B683		p0:any	
N_0x0a9f2a468b328e74	c	CAM	0x0A9F2A468B328E74		cam:Cam,cam2:Cam,p2:integer,p3:integer	AddCamSplineNodeUsingCameraFrame
N_0x0aa27680a0bd43fa	c	CAM	0x0AA27680A0BD43FA			
N_0x0abc54de641dc0fc	c	CUTSCENE	0x0ABC54DE641DC0FC	integer	cutsceneName:string	GetCutFileNumSections
N_0x0abf535877897560	c	WEAPON	0x0ABF535877897560	boolean	zoneId:integer	RemoveAirDefenseZone
N_0x0ad9710cee2f590f	c	STREAMING	0x0AD9710CEE2F590F	any	p0:number,p1:number,p2:number,p3:number,p4:number,p5:number,p6:any	StreamvolCreateLine
N_0x0ad973ca1e077b60	c	GRAPHICS	0x0AD973CA1E077B60	boolean	videoCliphash:Hash	IsTvPlaylistItemPlaying
N_0x0ad9e8f87ff7c16f	c	VEHICLE	0x0AD9E8F87FF7C16F		vehicle:Vehicle,influenceWantedLevel:boolean	SetVehicleInfluencesWantedLevel
N_0x0ae1f1653b554ab9	c	NETWORK	0x0AE1F1653B554AB9	boolean	milestoneId:integer	FacebookSetMilestoneComplete
N_0x0ae73d8df3a762b2	c	GRAPHICS	0x0AE73D8DF3A762B2		p0:boolean	
N_0x0af7b437918103b3	c	CAM	0x0AF7B437918103B3		distance:number	SetFirstPersonAimCamNearClipThisUpdate
N_0x0afc4af510774b47	c	HUD	0x0AFC4AF510774B47			HudWeaponWheelIgnoreSelection
N_0x0afce529f69b21ff	c	NETWORK	0x0AFCE529F69B21FF	integer		GetMaxNumNetworkVehicles
N_0x0b0cc10720653f3b	c	NETWORK	0x0B0CC10720653F3B	boolean		CloudGetAvailabilityCheckResult
N_0x0b203b4afde53a4f	c	NETWORK	0x0B203B4AFDE53A4F	integer	FilePath:string,Name:string,p2:boolean	TitleTextureDownloadRequest
N_0x0b39cf0d53f1c883	c	MONEY	0x0B39CF0D53F1C883		p0:any,p1:any,p2:any	NetworkEarnFromBusinessHubSell
N_0x0b3e35ac043707d9	c	PED	0x0B3E35AC043707D9		p0:any,p1:any	
N_0x0b40ed49d7d6ff84	c	BRAIN	0x0B40ED49D7D6FF84			
N_0x0b565b0aae56a0e8	c	STATS	0x0B565B0AAE56A0E8		p0:any,p1:any,p2:any,p3:any,p4:any,p5:any,p6:any	
N_0x0b568201dd99f0eb	c	AUDIO	0x0B568201DD99F0EB		enable:boolean	SetConversationAudioControlledByAnim
N_0x0b8b7f74bf061c6d	c	STATS	0x0B8B7F74BF061C6D	any		
N_0x0b919e1fb47cc4e0	c	PATHFIND	0x0B919E1FB47CC4E0		multiplier:number	SetAmbientPedRangeMultiplierThisFrame
N_0x0bbb9a7a8ffe931b	c	VEHICLE	0x0BBB9A7A8FFE931B		vehicle:Vehicle,damageSection:integer,damageScale:number	SetPlaneSectionDamageScale
N_0x0bc3144deb678666	c	STREAMING	0x0BC3144DEB678666	boolean	modelHash:Hash	AddModelToCreatorBudget
N_0x0bca1d2c47b0d269	c	STATS	0x0BCA1D2C47B0D269		p0:any,p1:any,p2:number	LeaderboardsWriteAddColumn
N_0x0be4be946463f917	c	AUDIO	0x0BE4BE946463F917	boolean	vehicle:Vehicle	IsVehicleRadioOn
N_0x0bf3b3bd47d79c08	c	OBJECT	0x0BF3B3BD47D79C08		modelHash:Hash,p1:integer	SetMaxNumPortablePickupsCarriedByPlayer
N_0x0c0c4e81e1ac60a0	c	GRAPHICS	0x0C0C4E81E1AC60A0	integer		GetStatusOfSaveHighQualityPhoto
N_0x0c112765300c7e1e	c	PHYSICS	0x0C112765300C7E1E	boolean	object:Object	GetHasObjectFragInst
N_0x0c15b0e443b2349d	c	STREAMING	0x0C15B0E443B2349D	number		GetLodscale
N_0x0c1c5d756fb5f337	c	GRAPHICS	0x0C1C5D756FB5F337	boolean	scaleformName:string	HasScaleformMovieFilenameLoaded
N_0x0c1f7d49c39d2289	c	NETWORK	0x0C1F7D49C39D2289	integer		GetMaxNumNetworkPeds
N_0x0c4bbf625ca98c4e	c	HUD	0x0C4BBF625CA98C4E		ped:Ped,toggle:boolean	SetPedAiBlipForcedOn
N_0x0c5a80a9e096d529	c	HUD	0x0C5A80A9E096D529	boolean	index:integer,name:string,cash:integer,rp:integer,lvl:integer,colour:integer	SetWarningMessageOptionItems
N_0x0c698d8f099174c7	c	HUD	0x0C698D8F099174C7		p0:any	
N_0x0c82d21a77c22d49	c	MONEY	0x0C82D21A77C22D49		p0:any,p1:any,p2:any,p3:any	NetworkSpentUpgradeBunker
N_0x0c8fac83902a62df	c	GRAPHICS	0x0C8FAC83902A62DF		thickness:number	SeethroughSetMaxThickness
N_0x0c978fda19692c2c	c	NETWORK	0x0C978FDA19692C2C		p0:boolean,p1:boolean	NetworkSetTransitionVisibilityLock
N_0x0cb1be0633c024a8	c	MONEY	0x0CB1BE0633C024A8		p0:any,p1:any,p2:any,p3:any	NetworkEarnBossAgency
N_0x0cd9ab83489430ea	c	NETWORK	0x0CD9AB83489430EA	integer	p0:boolean	GetNumCreatedMissionVehicles
N_0x0cdda42f9e360ca6	c	VEHICLE	0x0CDDA42F9E360CA6		vehicle:Vehicle,toggle:boolean	SetVehicleCanDeformWheels
N_0x0cf54f20de43879c	c	HUD	0x0CF54F20DE43879C		p0:any	
N_0x0cf6cc51aa18f0f8	c	NETWORK	0x0CF6CC51AA18F0F8	any	p0:any,p1:any,p2:any	
N_0x0cf97f497fe7d048	c	MISC	0x0CF97F497FE7D048		transitionTimeInMs:integer	ClearWeatherTypeNowPersistNetwork
N_0x0d01d20616fc73fb	c	STATS	0x0D01D20616FC73FB		p0:any,p1:any	
N_0x0d30eb83668e63c5	c	MONEY	0x0D30EB83668E63C5		p0:any,p1:any,p2:any,p3:any	
N_0x0d5f65a8f4ebdab5	c	VEHICLE	0x0D5F65A8F4EBDAB5		vehicle:Vehicle,state:integer	SetCargobobPickupRopeType
N_0x0d6ca79eeebd8ca3	c	GRAPHICS	0x0D6CA79EEEBD8CA3	integer		GetStatusOfTakeHighQualityPhoto
N_0x0d77a82dc2d0da59	c	NETWORK	0x0D77A82DC2D0DA59	integer,integer		
N_0x0dbd5d7e3c5bec3b	c	NETWORK	0x0DBD5D7E3C5BEC3B	boolean		NetworkIsTransitionClosedCrew
N_0x0dd362f14f18942a	c	MONEY	0x0DD362F14F18942A		amount:integer,p1:any,p2:any	
N_0x0e3a041ed6ac2b45	c	NETWORK	0x0E3A041ED6AC2B45	number	player:Player	NetworkGetAverageLatencyForPlayer_2
N_0x0e4299c549f0d1f1	c	GRAPHICS	0x0E4299C549F0D1F1		toggle:boolean	
N_0x0e4c749ff9de9cc4	c	HUD	0x0E4C749FF9DE9CC4		value:integer,commaSeparated:boolean	AddTextComponentFormattedInteger
N_0x0e4f77f7b9d74d84	c	NETWORK	0x0E4F77F7B9D74D84		playerCount:integer	NetworkSetActivityPlayerMax
N_0x0eacdf8487d5155a	c	STATS	0x0EACDF8487D5155A	integer	data?:integer	PlaystatsGunrunMissionEnded
N_0x0eaeb0db4b132399	c	PATHFIND	0x0EAEB0DB4B132399	boolean	p0:any	DoesNavmeshBlockingObjectExist
N_0x0ede326d47cd0f3e	c	NETWORK	0x0EDE326D47CD0F3E	boolean	ped:Ped,player:Player	
N_0x0f1a4b45b7693b95	c	NETWORK	0x0F1A4B45B7693B95		p0:any,p1:any	
N_0x0f3b4d4e43177236	c	VEHICLE	0x0F3B4D4E43177236		vehicle:Vehicle,p1:boolean	GetBoatBoomPositionRatio_3
N_0x0f62619393661d6e	c	PED	0x0F62619393661D6E		p0:any,p1:any,p2:any	
N_0x0f6f1ebbc4e1d5e6	c	SCRIPT	0x0F6F1EBBC4E1D5E6	boolean	scriptIndex:integer,p1:string	
N_0x0f70731baccfbb96	c	PAD	0x0F70731BACCFBB96	boolean		GetIsUsingAlternateDriveby
N_0x0f73393bac7e6730	c	SOCIALCLUB	0x0F73393BAC7E6730	boolean,integer	plateText:string,tokenOut?:integer	ScLicenseplateIsvalid
N_0x0fb82563989cf4fb	c	CAM	0x0FB82563989CF4FB		cam:Cam,cam2:Cam,length:integer,p3:integer	AddCamSplineNodeUsingCamera
N_0x0fde9dbfc0a6bc65	c	STREAMING	0x0FDE9DBFC0A6BC65		name:string	SetPlayerSwitchEstablishingShot
N_0x0fe8e1fcd2b86b33	c	MONEY	0x0FE8E1FCD2B86B33		p0:any,p1:any,p2:any,p3:any	NetworkSpentPaServiceHeliPickup
N_0x0ff2862b61a58af9	c	NETWORK	0x0FF2862B61A58AF9		toggle:boolean	NetworkOverrideReceiveRestrictionsAll
N_0x0ffb3c758e8c07b9	c	TASK	0x0FFB3C758E8C07B9	any	ped:Ped,p1:boolean	
N_0x10144267dd22866c	c	FILES	0x10144267DD22866C	integer	character:integer,collection:integer,preset:integer	GetTattooShopDlcItemIndex
N_0x1033371fc8e842a7	c	VEHICLE	0x1033371FC8E842A7	boolean	speedzone:integer	RemoveRoadNodeSpeedZone
N_0x10655fab9915623d	c	VEHICLE	0x10655FAB9915623D		vehicle:Vehicle,hash:Hash	SetVehicleHandlingHashForAi
N_0x1072f115dab0717e	c	GRAPHICS	0x1072F115DAB0717E		p0:boolean,p1:boolean	DrawLowQualityPhotoToPhone
N_0x107a473d7a6647a9	c	VEHICLE	0x107A473D7A6647A9		vehicle:Vehicle	
N_0x1086127b3a63505e	c	GRAPHICS	0x1086127B3A63505E		red:integer,green:integer,blue:integer	SeethroughSetColorNear
N_0x1087bc8ec540daeb	c	VEHICLE	0x1087BC8EC540DAEB		vehicle:Vehicle,toggle:boolean	SetDisableVehicleWindowCollisions
N_0x108be26959a9d9bb	c	GRAPHICS	0x108BE26959A9D9BB		toggle:boolean	
N_0x1093408b4b9d1146	c	VEHICLE	0x1093408B4B9D1146		vehicle:Vehicle,speed:number	SetVehicleTurretSpeedThisFrame
N_0x109697e2ffbac8a1	c	AUDIO	0x109697E2FFBAC8A1	boolean		DoesPlayerVehHaveRadio
N_0x10bd227a753b0d84	c	NETWORK	0x10BD227A753B0D84	integer		NetworkGetTunableCloudCrc
N_0x10bddbfc529428dd	c	HUD	0x10BDDBFC529428DD	boolean	hudIndex:integer	EndTextCommandIsThisHelpMessageBeingDisplayed
N_0x10d373323e5b9c0d	c	HUD	0x10D373323E5B9C0D			BusyspinnerOff
N_0x110f526ab784111f	c	PED	0x110F526AB784111F		ped:Ped,p1:number	
N_0x1121bfa1a1a522a8	c	HUD	0x1121BFA1A1A522A8	any		ForceSonarBlipsThisFrame
N_0x112209ce0290c03a	c	MONEY	0x112209CE0290C03A		p0:any,p1:any,p2:any,p3:any	
N_0x112cef1615a1139f	c	NETSHOPPING	0x112CEF1615A1139F	boolean		NetGameserverDeleteSetTelemetryNonceSeed
N_0x113e6e3e50e286b0	c	NETWORK	0x113E6E3E50E286B0		p0:any	NetworkClanReleaseEmblem
N_0x1153fa02a659051c	c	NETWORK	0x1153FA02A659051C			
N_0x11579d940949c49e	c	AUDIO	0x11579D940949C49E		p0:any	
N_0x116fb94dc4b79f17	c	SOCIALCLUB	0x116FB94DC4B79F17		p0:string	
N_0x1171a97a3d3981b6	c	NETWORK	0x1171A97A3D3981B6	boolean,integer,integer	p2:any,p3:any	
N_0x1178e104409fe58c	c	MISC	0x1178E104409FE58C		p0:any,p1:any	
N_0x1185a8087587322c	c	HUD	0x1185A8087587322C		state:boolean	SetTextInputBoxEnabled
N_0x1187cb58d7f3bed7	c	STATS	0x1187CB58D7F3BED7		p0:any,p1:any,p2:any,p3:any	PlaystatsCarclubChallenge
N_0x11b0a20c493f7e36	c	MONEY	0x11B0A20C493F7E36		p0:any,p1:any,p2:any	NetworkEarnJobBonusFirstTimeBonus
N_0x11b56fbbf7224868	c	MISC	0x11B56FBBF7224868		name:string	PreloadCloudHat
N_0x11d1e53a726891fe	c	OBJECT	0x11D1E53A726891FE	boolean	object:Object	IsPickupWeaponObjectValid
N_0x11fa5d3479c7dd47	c	CAM	0x11FA5D3479C7DD47		vehicleModel:Hash	SetGameplayCamVehicleCameraName
N_0x11ff1c80276097ed	c	STATS	0x11FF1C80276097ED		statHash:Hash,value:integer,p2:integer	PresenceEventUpdatestatInt
N_0x1201e8a3290a3b98	c	VEHICLE	0x1201E8A3290A3B98		vehicle:Vehicle,toggle:boolean	SetCamberedWheelsDisabled
N_0x120364de2845daf8	c	NETWORK	0x120364DE2845DAF8	integer,integer	dataSize:integer	NetworkGetPlatformPartyMembers
N_0x1216e0bfa72cc703	c	PED	0x1216E0BFA72CC703		p0:any,p1:any	
N_0x121fb4dddc2d5291	c	STATS	0x121FB4DDDC2D5291		amount:integer,act:integer,player:Player,cm:number	PlaystatsRosBet
N_0x125494b98a21aaf7	c	OBJECT	0x125494B98A21AAF7	Object	pickupHash:Hash,x:number,y:number,z:number,placeOnGround:boolean,modelHash:Hash	CreateNonNetworkedPortablePickup
N_0x12561fcbb62d5b9c	c	AUDIO	0x12561FCBB62D5B9C		mode:integer	SetAudioSpecialEffectMode
N_0x125e6d638b8605d4	c	NETWORK	0x125E6D638B8605D4	vector3	player:Player	NetworkGetPlayerCoords
N_0x1280804f7cfd2d6c	c	PED	0x1280804F7CFD2D6C		ped:Ped	ClearPedParachutePackVariation
N_0x129466ed55140f8d	c	PED	0x129466ED55140F8D		ped:Ped,toggle:boolean	SetForceFootstepUpdate
N_0x12995f2e53ffa601	c	GRAPHICS	0x12995F2E53FFA601		p0:integer,p1:integer,p2:integer,p3:integer,p4:integer,p5:integer,p6:integer,p7:integer,p8:integer,p9:integer,p10:integer,p11:integer	GolfTrailSetColour
N_0x12b6281b6c6706c0	c	NETWORK	0x12B6281B6C6706C0	integer	p0:boolean	GetNumCreatedMissionObjects
N_0x12d148d26538d0f9	c	MONEY	0x12D148D26538D0F9		p0:any,p1:any,p2:any,p3:any	NetworkSpentBuyBunker
N_0x12ded8ca53d47ea5	c	CAM	0x12DED8CA53D47EA5		p0:number	
N_0x1312ddd8385aee4e	c	VEHICLE	0x1312DDD8385AEE4E		p0:any,p1:any	
N_0x1327e2fe9746baee	c	MISC	0x1327E2FE9746BAEE	boolean	id:integer	DoesPopMultiplierAreaExist
N_0x13337b38db572509	c	PAD	0x13337B38DB572509	boolean	padIndex:integer	IsUsingKeyboard_2
N_0x13518ff1c6b28938	c	NETWORK	0x13518FF1C6B28938	boolean	p0:any	NetworkClanRequestEmblem
N_0x1353f87e89946207	c	NETWORK	0x1353F87E89946207	boolean		NetworkHasAgeRestrictedProfile
N_0x135f9b7b7add2185	c	NETWORK	0x135F9B7B7ADD2185	boolean,integer	networkHandle?:integer	NetworkCanGamerPlayMultiplayerWithMe
N_0x137bc35589e34e1e	c	HUD	0x137BC35589E34E1E	integer,integer	crewTypeIsPrivate:boolean,crewTagContainsRockstar:boolean,rank:integer,isLeader:boolean,isImportant:boolean,clanHandle:integer,gamerStr:string,r:integer,g:integer,b:integer	EndTextCommandThefeedPostCrewtagWithGameName
N_0x1398582b7f72b3ed	c	NETWORK	0x1398582B7F72B3ED		p0:any	
N_0x13b350b8ad0eee10	c	RECORDING	0x13B350B8AD0EEE10			
N_0x13c4b962653a5280	c	HUD	0x13C4B962653A5280	integer		PauseMenuGetMouseHoverUniqueId
N_0x13f1fcb111b820b0	c	NETWORK	0x13F1FCB111B820B0		p0:boolean	
N_0x140e6a44870a11ce	c	NETWORK	0x140E6A44870A11CE			
N_0x144da052257ae7d8	c	NETWORK	0x144DA052257AE7D8		p0:any	
N_0x14590ddbedb1ec85	c	PED	0x14590DDBEDB1EC85	boolean	ped:Ped	IsPedTakingOffHelmet
N_0x1461b28a06717d68	c	PED	0x1461B28A06717D68	number	ped:Ped	GetPedEmissiveIntensity
N_0x14621bb1df14e2b2	c	HUD	0x14621BB1DF14E2B2			ReleaseControlOfFrontend
N_0x1464e17207cd36e2	c	MONEY	0x1464E17207CD36E2		p0:any,p1:any,p2:any,p3:any,p4:any	NetworkSpentCarclubMembership
N_0x14832bf2aba53fc5	c	MISC	0x14832BF2ABA53FC5	boolean		HasAsyncInstallFinished
N_0x148b08c2d2acb884	c	PED	0x148B08C2D2ACB884		ped:Ped,targetPed:Ped,p2:any	ClonePedToTargetEx
N_0x14922ed3e38761f0	c	NETWORK	0x14922ED3E38761F0	boolean		
N_0x149916f50c34a40d	c	CAM	0x149916F50C34A40D		cam:Cam,ped:Ped,boneIndex:integer,xRot:number,yRot:number,zRot:number,xOffset:number,yOffset:number,zOffset:number,isRelative:boolean	HardAttachCamToPedBone
N_0x149aee66f0cb3a99	c	AUDIO	0x149AEE66F0CB3A99		density:number,applyValue:number	SetPedWallaDensity
N_0x14c9fdcc41f81f63	c	HUD	0x14C9FDCC41F81F63		toggle:boolean	HudWeaponWheelIgnoreControlInput
N_0x14d29bb12d47f68c	c	PAD	0x14D29BB12D47F68C		p0:any,p1:any,p2:any,p3:any,p4:any	
N_0x14e0b2d1ad1044e0	c	STATS	0x14E0B2D1AD1044E0	integer,integer,integer,integer		
N_0x14eda9ee27bd1626	c	STATS	0x14EDA9EE27BD1626		p0:any	
N_0x14fc5833464340a8	c	GRAPHICS	0x14FC5833464340A8			
N_0x152d90e4c1b4738a	c	NETWORK	0x152D90E4C1B4738A	boolean,integer,integer		UgcCopyContent
N_0x153973ab99fe8980	c	AUDIO	0x153973AB99FE8980		entity:Entity,groupName:string,fadeIn:number	AddEntityToAudioMixGroup
N_0x155467aca0f55705	c	NETWORK	0x155467ACA0F55705	integer		
N_0x1563fe35e9928e67	c	HUD	0x1563FE35E9928E67		gamerTagId:integer,health:integer,maximumHealth:integer	SetMpGamerTagOverridePlayerHealth
N_0x15803fec3b9a872b	c	HUD	0x15803FEC3B9A872B		labelTitle:string,labelMsg:string,p2:integer,p3:integer,labelMsg2:string,p5:boolean,p6:integer,p7:integer,p8:string,p9:string,background:boolean,errorCode:integer	SetWarningMessageWithAlert
N_0x158ec424f35ec469	c	NETWORK	0x158EC424F35EC469	boolean	contentId:string,latestVersion:boolean,contentTypeName:string	UgcQueryByContentId
N_0x159b7318403a1cd8	c	AUDIO	0x159B7318403A1CD8		signalLevel:number	SetGlobalRadioSignalLevel
N_0x15cfa549788d35ef	c	HUD	0x15CFA549788D35EF			ThefeedDisplayLoadingScreenTips
N_0x15e33297c3e8dc60	c	GRAPHICS	0x15E33297C3E8DC60		p0:string	RemoveTcmodifierOverride
N_0x15e69e2802c24b8d	c	MOBILE	0x15E69E2802C24B8D		p0:number	CellCamSetRoll
N_0x15f944730c832252	c	PHYSICS	0x15F944730C832252		entity:Entity,toggle:boolean	SetEntityProofUnk
N_0x15ff52b809db2353	c	DATAFILE	0x15FF52B809DB2353	boolean	p0:any	DatafileHasLoadedFileData
N_0x1600fd8cf72ebc12	c	GRAPHICS	0x1600FD8CF72EBC12		level:number	OverrideInteriorSmokeLevel
N_0x160aa1b32f6139b8	c	OBJECT	0x160AA1B32F6139B8	integer	doorHash:Hash	DoorSystemGetDoorState
N_0x1612c45f9e3e0d44	c	GRAPHICS	0x1612C45F9E3E0D44			
N_0x162c23ca83ed0a62	c	NETWORK	0x162C23CA83ED0A62	boolean	p0:any	
N_0x162f9d995753dc19	c	CAM	0x162F9D995753DC19	number		GetFinalRenderedCamMotionBlurStrength
N_0x1636d7fc127b10d2	c	GRAPHICS	0x1636D7FC127B10D2		noise:number	SeethroughSetHiLightNoise
N_0x163e252de035a133	c	OBJECT	0x163E252DE035A133	vector3	xPos:number,yPos:number,zPos:number,heading:number,xOffset:number,yOffset:number,zOffset:number	GetOffsetFromCoordAndHeadingInWorldCoords
N_0x163f8b586bc95f2a	c	OBJECT	0x163F8B586BC95F2A	any,vector3,vector3	x:number,y:number,z:number,radius:number,modelHash:Hash,rotationOrder:integer	GetCoordsAndRotationOfClosestObjectOfType
N_0x164c5ff663790845	c	STATS	0x164C5FF663790845		p0:any	
N_0x1654f24a88a8e3fe	c	AUDIO	0x1654F24A88A8E3FE		radioStation:string	ClearCustomRadioTrackList
N_0x1670f8d05056f257	c	GRAPHICS	0x1670F8D05056F257	integer	p0:string	GetStatusOfLoadMissionCreatorPhoto
N_0x16a304e6cb2bfab9	c	HUD	0x16A304E6CB2BFAB9		r:integer,g:integer,b:integer,a:integer	SetScriptVariable_2HudColour
N_0x16b5e274bde402f8	c	VEHICLE	0x16B5E274BDE402F8		vehicle:Vehicle,trailer:Vehicle,offsetX:number,offsetY:number,offsetZ:number,coordsX:number,coordsY:number,coordsZ:number,rotationX:number,rotationY:number,rotationZ:number,disableColls:number	AttachVehicleOnToTrailer
N_0x16d3d49902f697bb	c	NETWORK	0x16D3D49902F697BB	boolean	player:Player	NetworkIsConnectionEndpointRelayServer
N_0x16da8172459434aa	c	SOCIALCLUB	0x16DA8172459434AA	any		
N_0x16f46fb18c8009e4	c	PATHFIND	0x16F46FB18C8009E4	boolean,vector3	x:number,y:number,z:number,p3:integer,outPosition?:vector3	GetPointOnRoadSide
N_0x170910093218c8b9	c	NETSHOPPING	0x170910093218C8B9	boolean,integer	p0?:integer	
N_0x170f541e1cadd1de	c	HUD	0x170F541E1CADD1DE		p0:boolean	UseFakeMpCash
N_0x171bafb3c60389f4	c	MISC	0x171BAFB3C60389F4	boolean	id:integer	DoesPopMultiplierSphereExist
N_0x171df6a0c07fb3dc	c	NETWORK	0x171DF6A0C07FB3DC	integer	p0:integer,p1:integer	UgcRequestContentDataFromIndex
N_0x17299b63c7683a2b	c	HUD	0x17299B63C7683A2B		gxtEntryHash:Hash	AddTextComponentSubstringTextLabelHashKey
N_0x172f75b6ee2233ba	c	NETWORK	0x172F75B6EE2233BA	integer		NetworkPlayerGetCheaterReason
N_0x17330ebf2f2124a8	c	NETWORK	0x17330EBF2F2124A8			ResetGhostedEntityAlpha
N_0x17430b918701c342	c	HUD	0x17430B918701C342		red:integer,green:integer,blue:integer,alpha:integer	ThefeedSetAnimpostfxColor
N_0x17440aa15d1d3739	c	NETWORK	0x17440AA15D1D3739			UgcClearCreateResult
N_0x1753344c770358ae	c	SOCIALCLUB	0x1753344C770358AE	boolean	token:integer	ScProfanityGetCheckIsValid
N_0x1761dc5d8471cbaa	c	OBJECT	0x1761DC5D8471CBAA	boolean	garageHash:Hash,player:Player,p2:integer	IsPlayerPartiallyInsideGarage
N_0x17ad8c9706bdd88a	c	HUD	0x17AD8C9706BDD88A		count:integer	ThefeedSetAnimpostfxCount
N_0x17c9e241111a674d	c	NETWORK	0x17C9E241111A674D		p0:any,p1:any	
N_0x17df68d720aa77f8	c	MISC	0x17DF68D720AA77F8	boolean	ped:Ped	GetTennisSwingAnimComplete
N_0x17e0198b3882c2cb	c	NETWORK	0x17E0198B3882C2CB			NetworkStartSoloTutorialSession
N_0x17f7471eaca78290	c	PLAYER	0x17F7471EACA78290		p0:any	SpecialAbilityDeplete
N_0x17fca7199a530203	c	CAM	0x17FCA7199A530203			
N_0x182f266c2d9e2beb	c	VEHICLE	0x182F266C2D9E2BEB		vehicle:Vehicle,p1:number	
N_0x187382f8a3e0a6c3	c	NETWORK	0x187382F8A3E0A6C3	integer	contentHash:Hash	NetworkGetContentModifierListId
N_0x1888694923ef4591	c	NETWORK	0x1888694923EF4591			NetworkClearGroupActivity
N_0x18eb48cfc41f2ea0	c	AUDIO	0x18EB48CFC41F2EA0		entity:Entity,fadeOut:number	RemoveEntityFromAudioMixGroup
N_0x190428512b240692	c	OBJECT	0x190428512B240692		garageHash:Hash,vehicles:boolean,peds:boolean,objects:boolean,isNetwork:boolean	ClearObjectsInsideGarage
N_0x192547247864dfdd	c	VEHICLE	0x192547247864DFDD		vehicle:Vehicle,toggle:boolean	SetVehicleCanLeakPetrol
N_0x1950dae9848a4739	c	NETWORK	0x1950DAE9848A4739	boolean,number	contextHash:Hash,nameHash:Hash,value?:number	NetworkRegisterTunableFloatHash
N_0x19853b5b17d77bca	c	SOCIALCLUB	0x19853B5B17D77BCA	boolean,integer	p0:any,p1?:integer	
N_0x1989c6e6f67e76a8	c	SOCIALCLUB	0x1989C6E6F67E76A8	boolean,integer	plateText:string,plateData:string,tokenOut?:integer	ScLicenseplateAdd
N_0x19af7ed9b9d23058	c	AUDIO	0x19AF7ED9B9D23058			
N_0x19bfed045c647c49	c	MISC	0x19BFED045C647C49	boolean	ped:Ped	
N_0x19cafa3c87f7c2ff	c	CAM	0x19CAFA3C87F7C2FF	integer		GetCamActiveViewModeContext
N_0x19d1b791cb3670fe	c	TASK	0x19D1B791CB3670FE		ped:Ped,ped2:Ped	TaskAgitatedAction
N_0x19e50eb6e33e1d28	c	GRAPHICS	0x19E50EB6E33E1D28		intensity:number	SeethroughSetHiLightIntensity
N_0x1a092bb0c3808b96	c	ENTITY	0x1A092BB0C3808B96		entity:Entity,p1:boolean	
N_0x1a31fe0049e542f6	c	CAM	0x1A31FE0049E542F6			DisableAimCamThisUpdate
N_0x1a330d297aac6bc1	c	PED	0x1A330D297AAC6BC1		ped:Ped,p1:integer	
N_0x1a67dfbf1f5c3835	c	STATS	0x1A67DFBF1F5C3835		p0:any	PlaystatsRobberyPrep
N_0x1a6cbb06e2d0d79d	c	OBJECT	0x1A6CBB06E2D0D79D		p0:any,p1:any	
N_0x1a78ad3d8240536f	c	VEHICLE	0x1A78AD3D8240536F		vehicle:Vehicle,bLatched:boolean	SetConvertibleRoofLatchState
N_0x1a7ce7cd3e653485	c	STATS	0x1A7CE7CD3E653485		p0:any	
N_0x1a8e2c8b9cf4549c	c	GRAPHICS	0x1A8E2C8B9CF4549C		modifierName1:string,modifierName2:string	AddTcmodifierOverride
N_0x1a8ea222f9c67dbb	c	STATS	0x1A8EA222F9C67DBB	any,number	p0?:number	
N_0x1aa8a837d2169d94	c	VEHICLE	0x1AA8A837D2169D94		vehicle:Vehicle,toggle:boolean	SetVehicleHasUnbreakableLights
N_0x1accfba3d8dab2ee	c	NETWORK	0x1ACCFBA3D8DAB2EE	any	p0:any,p1:any	UgcGetContentRating
N_0x1ad5b71586b94820	c	NETWORK	0x1AD5B71586B94820	boolean	player1:Player,script:string,player2:Player	NetworkIsPlayerAParticipantOnScript
N_0x1b0b4aeed5b9b41c	c	MOBILE	0x1B0B4AEED5B9B41C		p0:number	CellCamSetHorizontalOffset
N_0x1b212b26dd3c04df	c	VEHICLE	0x1B212B26DD3C04DF		vehicle:Vehicle,toggle:boolean	SetOpenRearDoorsOnExplosion
N_0x1b2366c3f2a5c8df	c	MISC	0x1B2366C3F2A5C8DF	integer		GetBenchmarkPassFromCommandLine
N_0x1b7abe26cbcbf8c7	c	AUDIO	0x1B7ABE26CBCBF8C7		ped:Ped,pedRace:integer,pvgHash:integer	SetPedRaceAndVoiceGroup
N_0x1b857666604b1a74	c	NETWORK	0x1B857666604B1A74		toggle:boolean	NetworkSetPlayerIsPassive
N_0x1bb299305c3e8c13	c	MISC	0x1BB299305C3E8C13		ped:Ped,checkpoint:integer,lap:integer,time:integer	ScriptRacePlayerHitCheckpoint
N_0x1bbac99c0bc53656	c	VEHICLE	0x1BBAC99C0BC53656		vehicle:Vehicle,toggle:boolean	SetVehicleRampSidewaysLaunchMotion
N_0x1bbc135a4d25edde	c	GRAPHICS	0x1BBC135A4D25EDDE		p0:boolean	
N_0x1c073274e065c6d2	c	AUDIO	0x1C073274E065C6D2		vehicle:Vehicle,enableFanbeltDamage:boolean	EnableVehicleFanbeltDamage
N_0x1c186837d0619335	c	PLAYER	0x1C186837D0619335	integer	achievement:integer	GetAchievementProgress
N_0x1c1b69fae509ba97	c	OBJECT	0x1C1B69FAE509BA97		p0:any,p1:any	SetPickupUncollectable
N_0x1c2473301b1c66ba	c	MONEY	0x1C2473301B1C66BA	boolean		NetworkCanShareJobCash
N_0x1c4fc5752bcd8e48	c	GRAPHICS	0x1C4FC5752BCD8E48		x:number,y:number,z:number,p3:number,rotation:number,p5:number,width:number,height:number,p8:number,scale:number,glowIntensity:number,normalHeight:number,heightDiff:number	TerraingridSetParams
N_0x1c57c94a6446492a	c	OBJECT	0x1C57C94A6446492A		p0:any,p1:any	
N_0x1c9d7949fa533490	c	CAM	0x1C9D7949FA533490		bStopImmediately:boolean	StopScriptGlobalShaking
N_0x1cae5d2e3f9a07f0	c	STATS	0x1CAE5D2E3F9A07F0		p0:any,p1:any,p2:any,p3:any,p4:any,p5:any	PlaystatsCrateDropMissionDone
N_0x1cba05ae7bd7ee05	c	GRAPHICS	0x1CBA05AE7BD7EE05		transitionTime:number	SetTransitionOutOfTimecycleModifier
N_0x1ccc708f0f850613	c	HUD	0x1CCC708F0F850613		hudColorIndex:integer,hudColorIndex2:integer	ReplaceHudColour
N_0x1ce592fdc749d6f5	c	GRAPHICS	0x1CE592FDC749D6F5		scaleform:integer,posX:number,posY:number,posZ:number,rotX:number,rotY:number,rotZ:number,p7:number,p8:number,p9:number,scaleX:number,scaleY:number,scaleZ:number,p13:any	DrawScaleformMovie_3dSolid
N_0x1cf38d529d7441d9	c	VEHICLE	0x1CF38D529D7441D9		vehicle:Vehicle,toggle:boolean	SetVehicleSt
N_0x1d12a56fc95be92e	c	SOCIALCLUB	0x1D12A56FC95BE92E	boolean		
N_0x1d4dc17c38feaff0	c	NETWORK	0x1D4DC17C38FEAFF0	boolean		
N_0x1d610eb0fea716d9	c	NETWORK	0x1D610EB0FEA716D9	boolean	p0:integer	
N_0x1d97d1e3a70a649f	c	VEHICLE	0x1D97D1E3A70A649F		vehicle:Vehicle,toggle:boolean	SetVehicleUseAlternateHandling
N_0x1da0da9cb3f0c8bf	c	VEHICLE	0x1DA0DA9CB3F0C8BF	boolean	vehicle:Vehicle	GetIsWheelsLoweredStateActive
N_0x1dc9b749e7ae282b	c	MONEY	0x1DC9B749E7AE282B		p0:any,p1:any,p2:any,p3:any	
N_0x1dd2139a9a20dce8	c	GRAPHICS	0x1DD2139A9A20DCE8	boolean		BeginTakeMissionCreatorPhoto
N_0x1dda078d12879eee	c	VEHICLE	0x1DDA078D12879EEE		vehicle:Vehicle,canBeLockedOn:boolean,unk:boolean	SetVehicleCanBeLockedOn
N_0x1de0f5f50d723caa	c	NETWORK	0x1DE0F5F50D723CAA	boolean	contentId:string,baseContentId:string,contentTypeName:string	UgcPublish
N_0x1e3f1b1b891a2aaa	c	OBJECT	0x1E3F1B1B891A2AAA		p0:any,p1:any	
N_0x1e45b34adebee48e	c	WEAPON	0x1E45B34ADEBEE48E			RemoveAllAirDefenseZones
N_0x1e6611149db3db6b	c	HUD	0x1E6611149DB3DB6B	integer	picTxd:string,picTxn:string,flash:boolean,iconType:integer,nameStr:string,subtitleStr:string,durationMultiplier:number	EndTextCommandThefeedPostMessagetextTu
N_0x1e77fa7a62ee6c4c	c	PED	0x1E77FA7A62EE6C4C	any	p0:any	
N_0x1e9057a74fd73e23	c	STREAMING	0x1E9057A74FD73E23			
N_0x1e98817b311ae98a	c	PED	0x1E98817B311AE98A	integer	ped:Ped	GetPedTimeOfDeath
N_0x1eac5f91bcbc5073	c	HUD	0x1EAC5F91BCBC5073		toggle:boolean	SetRaceTrackRender
N_0x1eae0a6e978894a2	c	MISC	0x1EAE0A6E978894A2		eventType:integer,enable:boolean	SupressRandomEventThisFrame
N_0x1eae6dd17b7a5efa	c	HUD	0x1EAE6DD17B7A5EFA		spriteId:integer	RaceGalleryNextBlipSprite
N_0x1ee7d8df4425f053	c	STREAMING	0x1EE7D8DF4425F053		unused:any	StreamvolDelete
N_0x1f1e9682483697c7	c	SOCIALCLUB	0x1F1E9682483697C7	boolean	attrHash:Hash,value:integer	ScPresenceAttrSetInt
N_0x1f2300cb7fa7b7f6	c	CAM	0x1F2300CB7FA7B7F6	any		
N_0x1f2e4e06dea8992b	c	VEHICLE	0x1F2E4E06DEA8992B		vehicle:Vehicle,p1:boolean	ForcePlaybackRecordedVehicleUpdate
N_0x1f34b0626c594380	c	VEHICLE	0x1F34B0626C594380		cargobob:Vehicle,entity:Entity	SetCargobobExcludeFromPickupEntity
N_0x1f351cf1c6475734	c	TASK	0x1F351CF1C6475734		p0:any,p1:any,p2:any,p3:any,p4:any,p5:any,p6:any,p7:any,p8:any,p9:any	
N_0x1f3f018bc3afa77c	c	STREAMING	0x1F3F018BC3AFA77C	any	p0:number,p1:number,p2:number,p3:number,p4:number,p5:number,p6:number,p7:any,p8:any	StreamvolCreateFrustum
N_0x1f471b79acc90bef	c	NETWORK	0x1F471B79ACC90BEF	integer		NetworkClanGetLocalMembershipsCount
N_0x1f7bc3539f9e0224	c	NETWORK	0x1F7BC3539F9E0224			
N_0x1f8e00fb18239600	c	NETWORK	0x1F8E00FB18239600		p0:any	
N_0x1f9fb66f3a3842d2	c	VEHICLE	0x1F9FB66F3A3842D2		vehicle:Vehicle,actHighSpeed:boolean	SetVehicleActAsIfHighSpeedForFragSmashing
N_0x1fc289a0c3ff470f	c	PATHFIND	0x1FC289A0C3FF470F		toggle:boolean	SetIgnoreSecondaryRouteNodes
N_0x1fd09e7390a74d54	c	VEHICLE	0x1FD09E7390A74D54		vehicle:Vehicle,flag:integer	SetVehicleHeadlightShadows
N_0x1fda0aa679c9919b	c	MONEY	0x1FDA0AA679C9919B		p0:any	NetworkEarnFromFmbbBossWork
N_0x1ff6bf9a63e5757f	c	MISC	0x1FF6BF9A63E5757F			ScriptRaceShutdown
N_0x2016c603d6b8987c	c	PED	0x2016C603D6B8987C		ped:Ped,toggle:boolean	
N_0x20194d48eaec9a41	c	MONEY	0x20194D48EAEC9A41	string,integer,integer	p2:string	ProcessCashGift
N_0x202a5ed9ce01d6e7	c	CAM	0x202A5ED9CE01D6E7		cam:Cam,entity:Entity,xRot:number,yRot:number,zRot:number,xOffset:number,yOffset:number,zOffset:number,isRelative:boolean	HardAttachCamToEntity
N_0x203b381133817079	c	STATS	0x203B381133817079	integer	data?:integer	PlaystatsPiMenuHideSettings
N_0x206bc5dc9d1ac70a	c	VEHICLE	0x206BC5DC9D1AC70A		vehicle:Vehicle,toggle:boolean	SetVehicleCanEngineOperateOnFire
N_0x20746f7b1032a3c7	c	CUTSCENE	0x20746F7B1032A3C7		p0:boolean,p1:boolean,p2:boolean,p3:boolean	
N_0x208784099002bc30	c	RECORDING	0x208784099002BC30		missionNameLabel:string,p1:any	
N_0x20ac25e781ae4a84	c	MISC	0x20AC25E781AE4A84	number		GetCloudHatOpacity
N_0x20c6c7e4eb082a7f	c	STREAMING	0x20C6C7E4EB082A7F		p0:boolean	
N_0x20fe7fdfeead38c0	c	HUD	0x20FE7FDFEEAD38C0			HideMinimapInteriorMapThisFrame
N_0x2107a3773771186d	c	MISC	0x2107A3773771186D	boolean		
N_0x21115bcd6e44656a	c	VEHICLE	0x21115BCD6E44656A		vehicle:Vehicle,toggle:boolean	SetVehicleActiveForPedNavigation
N_0x211c4ef450086857	c	HUD	0x211C4EF450086857			
N_0x213aeb2b90cba7ac	c	MISC	0x213AEB2B90CBA7AC	integer	src:any,size:integer	CopyMemory
N_0x214cd562a939246a	c	HUD	0x214CD562A939246A	boolean		
N_0x2162c446dfdf38fd	c	HUD	0x2162C446DFDF38FD		p0:string	LogDebugInfo
N_0x218297bf0cfd853b	c	VEHICLE	0x218297BF0CFD853B	Ped	vehicle:Vehicle,doorIndex:integer	GetPedUsingVehicleDoor
N_0x21973bbf8d17edfa	c	VEHICLE	0x21973BBF8D17EDFA		trackIndex:integer,frequency:integer	SetTrainTrackSpawnFrequency
N_0x219c7b8d53e429fd	c	STREAMING	0x219C7B8D53E429FD	any	x:number,y:number,z:number,rad:number,p4:any,p5:any	StreamvolCreateSphere
N_0x21c235bc64831e5a	c	MISC	0x21C235BC64831E5A	vector3	p0:number,p1:number,p2:number,p3:number,p4:number,p5:number,p6:number,p7:number,p8:number,p9:boolean	
N_0x21d04d7bc538c146	c	NETWORK	0x21D04D7BC538C146	boolean	entity:Entity	IsEntityGhostedToLocalPlayer
N_0x21e253a7f8da5dfb	c	CAM	0x21E253A7F8DA5DFB		vehicleName:string	SetGameplayCamVehicleCamera
N_0x2201c576facaebe8	c	GRAPHICS	0x2201C576FACAEBE8		tvChannel:integer,playlistName:string,hour:integer	SetTvChannelPlaylistAtHour
N_0x2208438012482a1a	c	PED	0x2208438012482A1A		ped:Ped,forceAiPreCameraUpdate:boolean,forceZeroTimestep:boolean	ForcePedAiAndAnimationUpdate
N_0x225798743970412b	c	SOCIALCLUB	0x225798743970412B	boolean,integer	p0?:integer	
N_0x226c284c830d0ca8	c	MONEY	0x226C284C830D0CA8		p0:any,p1:any,p2:any,p3:any	
N_0x2272b0a1343129f4	c	MISC	0x2272B0A1343129F4	boolean		IsStuntJumpMessageShowing
N_0x228e5c6ad4d74bfd	c	PATHFIND	0x228E5C6AD4D74BFD		toggle:boolean	SetAllPathsCacheBoundingstruct
N_0x22a249a53034450a	c	GRAPHICS	0x22A249A53034450A		p0:boolean	DontRenderInGameUi
N_0x22da66936e0fff37	c	DATAFILE	0x22DA66936E0FFF37	boolean	p0:any	DatafileSelectActiveFile
N_0x22e21fbcfc88c149	c	SCRIPT	0x22E21FBCFC88C149	integer	scriptIndex:integer,p1:string	
N_0x22fecb546c276a30	c	AUDIO	0xD53F3A29BCE2580E	integer	vehicle:Vehicle	GetVehicleHornSoundIndex
N_0x2302c0264ea58d31	c	NETWORK	0x2302C0264EA58D31			
N_0x2309595ad6145265	c	HUD	0x2309595AD6145265	Hash		GetCurrentFrontendMenuVersion
N_0x2310a8f9421ebf43	c	VEHICLE	0x2310A8F9421EBF43		p0:any	
N_0x2311dd7159f00582	c	VEHICLE	0x2311DD7159F00582		vehicle:Vehicle,p1:boolean	
N_0x23227df0b2115469	c	MISC	0x23227DF0B2115469			
N_0x236406f60cf216d6	c	NETWORK	0x236406F60CF216D6	integer	p1:integer	NetworkAddFollowers
N_0x237440e46d918649	c	PLAYER	0x237440E46D918649		p0:any	
N_0x23789e777d14ce44	c	NETSHOPPING	0x23789E777D14CE44	integer		NetGameserverTransferCashGetStatus
N_0x237d5336a9a54108	c	NETWORK	0x237D5336A9A54108	boolean	player:Player	NetworkHasCachedPlayerHeadBlendData
N_0x2382ab11450ae7ba	c	PLAYER	0x2382AB11450AE7BA		p0:any,p1:any	
N_0x23b59d8912f94246	c	INTERIOR	0x23B59D8912F94246			ClearRoomForGameViewport
N_0x23ba6b0c2ad7b0d3	c	GRAPHICS	0x23BA6B0C2AD7B0D3		toggle:boolean	SetBackfaceculling
N_0x23c3eb807312f01a	c	HUD	0x23C3EB807312F01A		blip:Blip,toggle:boolean	ShowFriendIndicatorOnBlip
N_0x23d69e0465570028	c	HUD	0x23D69E0465570028		p0:string	BeginTextCommandObjective
N_0x23dfb504655d0ce4	c	NETWORK	0x23DFB504655D0CE4	boolean		NetworkSessionWasInvited
N_0x23f09eadc01449d6	c	PAD	0x23F09EADC01449D6	boolean	padIndex:integer	
N_0x241fca5b1aa14f75	c	DLC	0x241FCA5B1AA14F75	boolean		
N_0x2432784aca090da4	c	HUD	0x2432784ACA090DA4	boolean	hudIndex:integer	IsFloatingHelpTextOnScreen
N_0x243296a510b562b6	c	HUD	0x243296A510B562B6			
N_0x24409fc4c55cb22d	c	NETWORK	0x24409FC4C55CB22D	string	p0:any	NetworkGetPresenceInviteContentId
N_0x2467a2d807d37ca3	c	VEHICLE	0x26C10ECBDA5D043B	boolean	boat:Vehicle	CanAnchorBoatHere
N_0x2472622ce1f2d45f	c	WEAPON	0x2472622CE1F2D45F		ped:Ped,ammoType:Hash,ammo:integer	AddAmmoToPedByType
N_0x247acbc4abbc9d1c	c	CAM	0x247ACBC4ABBC9D1C		p0:boolean	
N_0x247f0f73a182ea0b	c	NETSHOPPING	0x247F0F73A182EA0B	boolean	hash:Hash	NetGameserverCatalogItemExistsHash
N_0x2485d34e50a22e84	c	GRAPHICS	0x2485D34E50A22E84		p0:number,p1:number,p2:number	GolfTrailSetRadius
N_0x24a49beaf468dc90	c	HUD	0x24A49BEAF468DC90	boolean,integer	p0:any,p2:any,p3:any,p4:any	
N_0x24c024ba8379a70a	c	WEAPON	0x24C024BA8379A70A		p0:any,p1:any	
N_0x24da7d7667fd7b09	c	MISC	0x24DA7D7667FD7B09	string		GetGlobalCharBuffer
N_0x24e4e51fc16305f9	c	NETWORK	0x24E4E51FC16305F9	any		
N_0x252bdc06b73fa6ea	c	INTERIOR	0x252BDC06B73FA6EA	vector3,Hash	interior:integer	GetInteriorLocationAndNamehash
N_0x25361a96e0f7e419	c	PED	0x25361A96E0F7E419	any	p0:any,p1:any,p2:any,p3:any	
N_0x25367de49d64cf16	c	VEHICLE	0x25367DE49D64CF16		vehicle:Vehicle,toggle:boolean	SetDisablePretendOccupants
N_0x2542269291c6ac84	c	OBJECT	0x2542269291C6AC84	any	p0:any	
N_0x2555cf7da5473794	c	NETWORK	0x2555CF7DA5473794			
N_0x25615540d894b814	c	HUD	0x25615540D894B814		blip:Blip,toggle:boolean	SetRadiusBlipEdge
N_0x2570e26be63964e3	c	SOCIALCLUB	0x2570E26BE63964E3	boolean		
N_0x257ed0fadf750bcf	c	NETWORK	0x257ED0FADF750BCF	any		NetworkGetPositionHashOfThisScript
N_0x2587a48bc88dfadf	c	MISC	0x2587A48BC88DFADF		toggle:boolean	SetRiotModeEnabled
N_0x259ba6d4e6f808f1	c	GRAPHICS	0x259BA6D4E6F808F1		p0:any	
N_0x25aaa32bdc98f2a3	c	PAD	0x25AAA32BDC98F2A3	any		
N_0x25b99872d588a101	c	NETWORK	0x25B99872D588A101	any	p0:number,p1:number,p2:number,p3:number,p4:number,p5:number	NetworkAddEntityDisplayedBoundaries
N_0x25d990f8e0e3f13c	c	NETWORK	0x25D990F8E0E3F13C			
N_0x25f87b30c382fca7	c	HUD	0x25F87B30C382FCA7			ThefeedHideThisFrame
N_0x25fc3e33a31ad0c9	c	GRAPHICS	0x25FC3E33A31AD0C9		p0:boolean	
N_0x2605663bd4f23b5d	c	STATS	0x2605663BD4F23B5D	integer	data?:integer	PlaystatsDefendContraband
N_0x260be8f09e326a20	c	VEHICLE	0x260BE8F09E326A20		vehicle:Vehicle,distance:number,duration:integer,bControlVerticalVelocity:boolean	BringVehicleToHalt
N_0x260ee4fdbdf4db01	c	OBJECT	0x260EE4FDBDF4DB01	number	object:Object	GetRayfireMapObjectAnimPhase
N_0x2615aa2a695930c1	c	NETWORK	0x2615AA2A695930C1	boolean	p0:any	NetworkAreTransitionDetailsValid
N_0x261e97ad7bcf3d40	c	NETWORK	0x261E97AD7BCF3D40		p0:boolean	
N_0x2632482fd6b9ab87	c	HUD	0x2632482FD6B9AB87			SetDirectorModeClearTriggeredFlag
N_0x265559da40b3f327	c	NETWORK	0x265559DA40B3F327		p0:any	
N_0x265635150fb0d82e	c	NETWORK	0x265635150FB0D82E			
N_0x26695ec767728d84	c	PED	0x26695EC767728D84		ped:Ped,flags:integer	SetRagdollBlockingFlags
N_0x267c78c60e806b9a	c	NETWORK	0x267C78C60E806B9A		entity:Entity,toggle:boolean	NetworkAllowRemoteAttachmentModification
N_0x26903d9cd1175f2c	c	CAM	0x26903D9CD1175F2C	vector3	player:Player,rotationOrder:integer	GetFinalRenderedInWhenFriendlyRot
N_0x26af0e8e30bd2a2c	c	PED	0x26AF0E8E30BD2A2C	boolean	ped:Ped	IsPedOpeningADoor
N_0x26d7399b9587fe89	c	STATS	0x26D7399B9587FE89		p0:integer	
N_0x26d99d5a82fd18e8	c	VEHICLE	0x26D99D5A82FD18E8		disableExtraTrickForces:boolean	SetDisableBmxExtraTrickForces
N_0x26e13d440e7f6064	c	VEHICLE	0x26E13D440E7F6064		vehicle:Vehicle,disableExplode:boolean	SetDisableExplodeFromBodyDamageOnCollision
N_0x26e1cd96b0903d60	c	NETWORK	0x26E1CD96B0903D60	Hash	inviteIndex:integer	NetworkGetPresenceInviteSessionId
N_0x26f07dd83a5f7f98	c	NETWORK	0x26F07DD83A5F7F98	any		
N_0x2708fc083123f9ff	c	HUD	0x2708FC083123F9FF			ClearRaceGalleryBlips
N_0x271017b9ba825366	c	CAM	0x271017B9BA825366		p0:any,p1:boolean	
N_0x271401846bd26e92	c	CAM	0x271401846BD26E92		vehicles:boolean,peds:boolean	UseScriptCamForAmbientPopulationOriginThisFrame
N_0x271c9d3aca5d6409	c	PHYSICS	0x271C9D3ACA5D6409	boolean	ropeId:integer	DoesRopeBelongToThisScript
N_0x271cc6ab59ebf9a5	c	NETWORK	0x271CC6AB59EBF9A5		toggle:boolean	NetworkSessionMarkVisible
N_0x2735233a786b1bef	c	PED	0x2735233A786B1BEF		ped:Ped,p1:number	
N_0x274a1519dfc1094f	c	NETWORK	0x274A1519DFC1094F	boolean	contentId:string,bookmarked:boolean,contentTypeName:string	UgcSetBookmarked
N_0x278f76c3b0a8f109	c	FILES	0x278F76C3B0A8F109	integer	character:integer	GetNumTattooShopDlcItems
N_0x2790f4b17d098e26	c	HUD	0x2790F4B17D098E26		toggle:boolean	
N_0x279d50de5652d935	c	VEHICLE	0x279D50DE5652D935		vehicle:Vehicle,toggle:boolean	SetVehicleGeneratesEngineShockingEvents
N_0x27aa1c973cacfe63	c	STATS	0x27AA1C973CACFE63		p0:any,p1:any,p2:any,p3:any,p4:any,p5:any,p6:any,p7:any,p8:any,p9:any	
N_0x27b926779deb502d	c	VEHICLE	0x27B926779DEB502D	boolean	vehicle:Vehicle,frontBumper:boolean	IsVehicleBumperBouncing
N_0x27cb772218215325	c	GRAPHICS	0x27CB772218215325			CascadeShadowsClearShadowSampleType
N_0x27cfb1b1e078cb2d	c	GRAPHICS	0x27CFB1B1E078CB2D			
N_0x27e32866e9a5c416	c	GRAPHICS	0x27E32866E9A5C416		scale:number	SetParticleFxBulletImpactScale
N_0x27f248c3febfaad3	c	OBJECT	0x27F248C3FEBFAAD3		p0:any,p1:any	
N_0x27f76cc6c55ad30e	c	NETSHOPPING	0x27F76CC6C55AD30E	boolean		NetGameserverBasketIsFull
N_0x27feb5254759cde3	c	GRAPHICS	0x27FEB5254759CDE3	boolean	textureDict:string,p1:boolean	
N_0x2801d0012266df07	c	PATHFIND	0x2801D0012266DF07		index:integer	ClearGpsDisabledZoneAtIndex
N_0x280c7e3ac7f56e90	c	PED	0x280C7E3AC7F56E90	number,number,number	randomInt:integer	SpawnpointsGetSearchResult
N_0x2818ff6638cb09de	c	STATS	0x2818FF6638CB09DE		p0:any	
N_0x282b6739644f4347	c	STATS	0x282B6739644F4347		p0:any	
N_0x283b6062a2c01e9b	c	NETWORK	0x283B6062A2C01E9B			
N_0x287f1f75d2803595	c	SOCIALCLUB	0x287F1F75D2803595	boolean	attrHash:Hash,value:string	ScPresenceAttrSetString
N_0x288df530c92dad6f	c	PED	0x288DF530C92DAD6F		ped:Ped,value:number	
N_0x28b022a17b068a3a	c	CAM	0x28B022A17B068A3A		p0:number,p1:number	
N_0x28b18377eb6e25f6	c	VEHICLE	0x28B18377EB6E25F6		vehicle:Vehicle,toggle:boolean	SetHydraulicRaised
N_0x28ecb8ac2f607db2	c	STATS	0x28ECB8AC2F607DB2		p0:any,p1:any,p2:any,p3:any,p4:any	
N_0x2916a928514c9827	c	HUD	0x2916A928514C9827			ReloadMapMenu
N_0x291e373d483e7ee7	c	VEHICLE	0x291E373D483E7EE7	boolean	vehicle:Vehicle	IsAnyPedRappellingFromHeli
N_0x292564c735375edf	c	NETWORK	0x292564C735375EDF	boolean		NetworkIsTransitionMatchmaking
N_0x29280002282f1928	c	GRAPHICS	0x29280002282F1928		x1:number,y1:number,z1:number,x2:number,y2:number,z2:number,x3:number,y3:number,z3:number,red:integer,green:integer,blue:integer,alpha:integer,textureDict:string,textureName:string,u1:number,v1:number,w1:number,u2:number,v2:number,w2:number,u3:number,v3:number,w3:number	DrawTexturedPoly
N_0x293220da1b46cebc	c	RECORDING	0x293220DA1B46CEBC		p0:number,p1:number,p2:integer	
N_0x29682e2ccf21e9b5	c	TASK	0x29682E2CCF21E9B5		p0:any,p1:any,p2:any,p3:any,p4:any,p5:any,p6:any,p7:any,p8:any,p9:any,p10:any,p11:any,p12:any,p13:any	
N_0x2970eaa18fd5e42f	c	VEHICLE	0x2970EAA18FD5E42F		vehicle:Vehicle,toggle:boolean	SetVehicleWheelsDealDamage
N_0x299ef3c576773506	c	NETWORK	0x299EF3C576773506	boolean		UgcHasModifyFinished
N_0x29c24bfbed8ab8fb	c	PATHFIND	0x29C24BFBED8AB8FB	number	x:number,y:number	GetHeightmapTopZForPosition
N_0x29da3ca8d8b2692d	c	AUDIO	0x29DA3CA8D8B2692D		ped:Ped,enabled:boolean	SetPedClothEventsEnabled
N_0x2a2173e46daecd12	c	CAM	0x2A2173E46DAECD12		context:integer,viewMode:integer	SetCamViewModeForContext
N_0x2a251aa48b2b46db	c	GRAPHICS	0x2A251AA48B2B46DB			
N_0x2a25adc48f87841f	c	HUD	0x2A25ADC48F87841F	any		PauseMenuIsContextMenuActive
N_0x2a2a52824db96700	c	GRAPHICS	0x2A2A52824DB96700		name:string	OverrideInteriorSmokeName
N_0x2a56c06ebef2b0d9	c	CUTSCENE	0x2A56C06EBEF2B0D9		cutsceneEntName:string,ped:Ped,modelHash:Hash	SetCutscenePedComponentVariationFromPed
N_0x2a5e0621dd815a9a	c	NETWORK	0x2A5E0621DD815A9A		heli:Vehicle,isAudible:boolean,isInvisible:boolean,netScriptEntityId:integer	NetworkExplodeHeli
N_0x2a69ffd1b42bff9e	c	VEHICLE	0x2A69FFD1B42BFF9E		vehicle:Vehicle,instantly:boolean	TransformToCar
N_0x2a7776c709904ab0	c	NETWORK	0x2A7776C709904AB0	integer	index:integer	GetCommerceItemNumCats
N_0x2a7cec72c3443bcc	c	MONEY	0x2A7CEC72C3443BCC		p0:any,p1:any,p2:any	
N_0x2a86a0475b6a1434	c	VEHICLE	0x2A86A0475B6A1434		vehicle:Vehicle,health:number	SetPlaneEngineHealth
N_0x2a893980e96b659a	c	GRAPHICS	0x2A893980E96B659A	boolean	scanForSaving:boolean	QueueOperationToCreateSortedListOfPhotos
N_0x2a8f319b392e7b3f	c	VEHICLE	0x2A8F319B392E7B3F		vehicle:Vehicle,p1:number	SetTrailerInverseMassScale
N_0x2a93c46aab1eacc9	c	MONEY	0x2A93C46AAB1EACC9		p0:any,p1:any,p2:any,p3:any	
N_0x2acabed337622df2	c	AUDIO	0x2ACABED337622DF2		groupName:string	UnblockSpeechContextGroup
N_0x2aed6301f67007d5	c	CAM	0x2AED6301F67007D5		entity:Entity	DisableCamCollisionForEntity
N_0x2afc2d19b50797f2	c	MONEY	0x2AFC2D19B50797F2		p0:any,p1:any,p2:any,p3:any	
N_0x2b16a3bff1fbce49	c	PED	0x2B16A3BFF1FBCE49	boolean	ped:Ped,componentId:integer,drawableId:integer,textureId:integer	SetPedPreloadPropData
N_0x2b171e6b2f64d8df	c	MONEY	0x2B171E6B2F64D8DF	integer	p0:any,p2:boolean	NetworkEarnFromChallengeWin
N_0x2b1813aba29016c5	c	NETWORK	0x2B1813ABA29016C5		netID:integer,toggle:boolean	NetworkUseHighPrecisionBlending
N_0x2b1c623823db0d9d	c	NETWORK	0x2B1C623823DB0D9D	any	p0:any,p1:any,p2:any,p3:any,p4:any,p5:any,p6:any	
N_0x2b2a2cc86778b619	c	WATER	0x2B2A2CC86778B619	number		GetDeepOceanScaler
N_0x2b3334bca57cd799	c	SHAPETEST	0x2B3334BCA57CD799		entity:Entity	ReleaseScriptGuidFromEntity
N_0x2b3a8f7ca3a38fde	c	NETWORK	0x2B3A8F7CA3A38FDE			NetworkOpenTransitionMatchmaking
N_0x2b40a97646381508	c	GRAPHICS	0x2B40A97646381508		p0:any	
N_0x2b4cdca6f07ff3da	c	STATS	0x2B4CDCA6F07FF3DA	Hash	index:integer,spStat:boolean,charStat:boolean,character:integer,section:string	GetNgstatIntHash
N_0x2b51edbefc301339	c	NETWORK	0x2B51EDBEFC301339	boolean	p0:integer,p1:string	
N_0x2b5aa717a181fb4c	c	PED	0x2B5AA717A181FB4C		ped:Ped,toggle:boolean	SetPedAoBlobRendering
N_0x2b5e102e4a42f2bf	c	MISC	0x2B5E102E4A42F2BF	integer		GetStatusOfMissionRepeatSave
N_0x2b626a0150e4d449	c	MISC	0x2B626A0150E4D449	integer		GetReplayStatMissionType
N_0x2b6747faa9db9d6b	c	VEHICLE	0x2B6747FAA9DB9D6B		vehicle:Vehicle,toggle:boolean	SetVehicleDisableTowing
N_0x2b694afcf64e6994	c	PED	0x2B694AFCF64E6994		ped:Ped,p1:boolean	
N_0x2b69f5074c894811	c	STATS	0x2B69F5074C894811		p0:any,p1:any,p2:any,p3:any	PlaystatsImportExportMissionDone
N_0x2b6d467dab714e8d	c	HUD	0x2B6D467DAB714E8D		blip:Blip,toggle:boolean	SetBlipShrink
N_0x2b7e9a4eaaa93c89	c	HUD	0x2B7E9A4EAAA93C89	integer	statTitle:string,iconEnum:integer,stepVal:boolean,barValue:integer,isImportant:boolean,picTxd:string,picTxn:string	EndTextCommandThefeedPostStats
N_0x2b949a1e6aec8f6a	c	NETSHOPPING	0x2B949A1E6AEC8F6A	boolean		NetGameserverIsCatalogValid
N_0x2bc54a8188768488	c	GRAPHICS	0x2BC54A8188768488		textureDict:string,textureName:string,screenX:number,screenY:number,width:number,height:number,heading:number,red:integer,green:integer,blue:integer,alpha:integer	DrawInteractiveSprite
N_0x2be4bc731d039d5a	c	AUDIO	0x2BE4BC731D039D5A		vehicle:Vehicle,toggle:boolean	EnableVehicleExhaustPops
N_0x2bf66d2e7414f686	c	NETWORK	0x2BF66D2E7414F686	any		
N_0x2bf72ad5b41aa739	c	GRAPHICS	0x2BF72AD5B41AA739			DisableMoonCycleOverride
N_0x2c015348cf19ca1d	c	SOCIALCLUB	0x2C015348CF19CA1D	boolean	p0:integer	ScInboxMessagePop
N_0x2c173ae2bdb9385e	c	HUD	0x2C173AE2BDB9385E	integer	blip:Blip	
N_0x2c1d8b3b19e517cc	c	VEHICLE	0x2C1D8B3B19E517CC	boolean	cargobob:Vehicle,entity:Entity	CanCargobobPickUpEntity
N_0x2c2e3dc128f44309	c	ENTITY	0x2C2E3DC128F44309		entity:Entity,p1:boolean	SetEntityDecalsDisabled
N_0x2c328af17210f009	c	GRAPHICS	0x2C328AF17210F009		phase:number	EnableMoonCycleOverride
N_0x2c42340f916c5930	c	GRAPHICS	0x2C42340F916C5930	any	p0:any	
N_0x2c4a1590abf43e8b	c	VEHICLE	0x2C4A1590ABF43E8B		vehicle:Vehicle,p1:boolean	
N_0x2c654b4943bddf7c	c	CAM	0x2C654B4943BDDF7C		camera:Cam,p1:number	SetCamDofMaxNearInFocusDistanceBlendLevel
N_0x2c8cbfe1ea5fc631	c	VEHICLE	0x2C8CBFE1EA5FC631	integer	vehicle:Vehicle	GetVehicleNumberOfBrokenBones
N_0x2c8df5d129595281	c	NETWORK	0x2C8DF5D129595281		amount:integer	ReserveNetworkLocalPeds
N_0x2c96cdb04fca358e	c	AUDIO	0x2C96CDB04FCA358E		fadeTime:number	SetRadioFrontendFadeTime
N_0x2c9f302398e13141	c	HUD	0x2C9F302398E13141		blip:Blip,p1:any	
N_0x2ca429c029ccf247	c	INTERIOR	0x2CA429C029CCF247		interior:integer	PinInteriorInMemory
N_0x2cc848a861d01493	c	NETWORK	0x2CC848A861D01493	boolean		NetworkGetGamerStatusFromQueue
N_0x2cd90358f67d0aa8	c	STATS	0x2CD90358F67D0AA8		p0:any	
N_0x2ce056ff3723f00b	c	STATS	0x2CE056FF3723F00B	integer	statName:Hash	StatGetNumberOfSeconds
N_0x2ce544c68fb812a0	c	VEHICLE	0x2CE544C68FB812A0	integer	x:number,y:number,z:number,radius:number,speed:number,p5:boolean	AddRoadNodeSpeedZone
N_0x2ce9d95e4051aecd	c	NETWORK	0x2CE9D95E4051AECD		p0:any	
N_0x2cfc76e0d087c994	c	NETWORK	0x2CFC76E0D087C994	boolean	p0:integer,p1:integer,maxPlayers:integer,p3:boolean	NetworkSessionFriendMatchmaking
N_0x2d3b147afad49de0	c	GRAPHICS	0x2D3B147AFAD49DE0		textureDict:string,textureName:string,x:number,y:number,width:number,height:number,p6:number,red:integer,green:integer,blue:integer,alpha:integer,p11:integer	
N_0x2d4259f1feb81da9	c	MISC	0x2D4259F1FEB81DA9	any	x1:number,y1:number,x2:number,y2:number	AddDispatchSpawnBlockingArea
N_0x2d537ba194896636	c	TASK	0x2D537BA194896636		ped:Ped,task:string,multiplier:number,p3:boolean,animDict:string,flags:integer	TaskMoveNetworkByName
N_0x2d5dc831176d0114	c	NETWORK	0x2D5DC831176D0114	boolean	p0:any	
N_0x2d7a9b577e72385e	c	STATS	0x2D7A9B577E72385E		p0:any	
N_0x2d874d4ae612a65f	c	SOCIALCLUB	0x2D874D4AE612A65F	any		
N_0x2da41ed6e1fcd7a5	c	NETWORK	0x2DA41ED6E1FCD7A5	any,integer	p0:any,TypeOfWeapon?:integer	
N_0x2dd39bf3e2f9c47f	c	AUDIO	0x2DD39BF3E2F9C47F	any		
N_0x2de6c5e2e996f178	c	HUD	0x2DE6C5E2E996F178		enabled:boolean	PauseToggleFullscreenMap
N_0x2de7efa66b906036	c	GRAPHICS	0x2DE7EFA66B906036	integer	method_return:integer	GetScaleformMovieMethodReturnValueInt
N_0x2df9038c90ad5264	c	PED	0x2DF9038C90AD5264		p0:number,p1:number,p2:number,p3:number,p4:number,interiorFlags:integer,scale:number,duration:integer	SpawnpointsStartSearch
N_0x2dfc81c9b9608549	c	PED	0x2DFC81C9B9608549	boolean,integer	ped:Ped,p1?:integer	
N_0x2e0259babc27a327	c	STATS	0x2E0259BABC27A327		p0:any	
N_0x2e0bf682cc778d49	c	NETWORK	0x2E0BF682CC778D49	boolean	p0:any	
N_0x2e22fefa0100275e	c	HUD	0x2E22FEFA0100275E	boolean		HasMenuLayoutChangedEventOccurred
N_0x2e4c123d1c8a710e	c	NETWORK	0x2E4C123D1C8A710E	any,integer,integer	p2:any,p3:any,p4:any,p5:any,p6:any	
N_0x2e65248609523599	c	STATS	0x2E65248609523599		p0:any,p1:any,p2:any	LeaderboardsWriteAddColumnLong
N_0x2e89990ddff670c3	c	SOCIALCLUB	0x2E89990DDFF670C3	string	token:integer,plateIndex:integer	ScLicenseplateGetPlateData
N_0x2eac52b4019e2782	c	NETWORK	0x2EAC52B4019E2782	boolean		IsCommerceStoreOpen
N_0x2ed61456317b8178	c	DATAFILE	0x2ED61456317B8178			DatafileStoreMissionHeader
N_0x2f057596f2bd0061	c	HUD	0x2F057596F2BD0061	boolean		
N_0x2f074c904d85129e	c	PED	0x2F074C904D85129E		p0:number,p1:number,p2:number,p3:number,p4:number,p5:number,p6:number	
N_0x2f09f7976c512404	c	GRAPHICS	0x2F09F7976C512404	boolean	xCoord:number,yCoord:number,zCoord:number,radius:number	GetIsPetrolDecalInRange
N_0x2f137b508de238f2	c	CUTSCENE	0x2F137B508DE238F2		p0:boolean	
N_0x2f3c3d9f50681de4	c	PED	0x2F3C3D9F50681DE4		p0:any,p1:boolean	
N_0x2f41a3bae005e5fa	c	PLAYER	0x2F41A3BAE005E5FA		p0:any,p1:any	
N_0x2f41d51ba3bcd1f1	c	NETSHOPPING	0x2F41D51BA3BCD1F1	boolean	charSlot:integer	NetGameserverSessionApplyReceivedData
N_0x2f7ceb6520288061	c	PLAYER	0x2F7CEB6520288061		p0:boolean	
N_0x2f7f2b26dd3f18ee	c	CAM	0x2F7F2B26DD3F18EE		p0:number,p1:number	
N_0x2fa2494b47fdd009	c	VEHICLE	0x2FA2494B47FDD009		vehicle:Vehicle,enabled:boolean	SetTrailerAttachmentEnabled
N_0x2fa3173480008493	c	STATS	0x2FA3173480008493		p0:any,p1:any,p2:any,p3:any,p4:any	
N_0x2fab6614ce22e196	c	MONEY	0x2FAB6614CE22E196		p0:any,p1:any,p2:any,p3:any	
N_0x2fc5650b0271cb57	c	NETWORK	0x2FC5650B0271CB57	boolean		NetworkIsInPlatformParty
N_0x2fcb133ca50a49eb	c	GRAPHICS	0x2FCB133CA50A49EB	any	p0:any	
N_0x3001bef2feca3680	c	SOCIALCLUB	0x3001BEF2FECA3680	boolean		
N_0x300504b23bd3b711	c	VEHICLE	0x300504B23BD3B711		vehicle:Vehicle,toggle:boolean	SetVehicleCanBeUsedByFleeingPeds
N_0x302c91ab2d477f7e	c	GRAPHICS	0x302C91AB2D477F7E			GrassLodResetScriptAreas
N_0x3039ae5ad2c9c0c4	c	NETWORK	0x3039AE5AD2C9C0C4		player:Player,toggle:boolean	NetworkOverrideChatRestrictions
N_0x30432a0118736e00	c	GRAPHICS	0x30432A0118736E00	Hash		
N_0x3044240d2e0fa842	c	CAM	0x3044240D2E0FA842	boolean		
N_0x3054f114121c21ea	c	NETWORK	0x3054F114121C21EA	boolean	p0:any	UgcGetContentIsPublished
N_0x308f96458b7087cc	c	NETWORK	0x308F96458B7087CC	any,integer,integer	p1:any,p2:any,p3:any,p5:boolean	UgcTextureDownloadRequest
N_0x30a6614c1f7799b8	c	STATS	0x30A6614C1F7799B8		statHash:Hash,value:number,p2:integer	PresenceEventUpdatestatFloat
N_0x30b4fa1c82dd4b9f	c	SCRIPT	0x30B4FA1C82DD4B9F	integer		ScriptThreadIteratorGetNextThreadId
N_0x30ca2ef91d15adf8	c	AUDIO	0x30CA2EF91D15ADF8	boolean		IsAnyPositionalSpeechPlaying
N_0x30d779de7c4f6dd3	c	VEHICLE	0x30D779DE7C4F6DD3		vehicle:Vehicle,angleRatio:number	SetVehicleFlightNozzlePosition
N_0x30de938b516f0ad2	c	NETWORK	0x30DE938B516F0AD2		p0:any	NetworkSetTransitionActivityId
N_0x30ed88d5e0c56a37	c	TASK	0x30ED88D5E0C56A37	boolean	ped:Ped	IsTaskMoveNetworkReadyForTransition
N_0x30fd873ece50e9f6	c	MONEY	0x30FD873ECE50E9F6		p0:integer,p1:integer,p2:Hash,p3:boolean,p4:boolean	NetworkBuyContraband
N_0x31125fd509d9043f	c	MISC	0x31125FD509D9043F	integer	p0?:integer	
N_0x311438a071dd9b1a	c	HUD	0x311438A071DD9B1A		x:number,y:number,z:number	AddPointToGpsCustomRoute
N_0x3117d84efa60f77b	c	MOBILE	0x3117D84EFA60F77B		p0:number	CellCamSetVerticalOffset
N_0x312342e1a4874f3f	c	GRAPHICS	0x312342E1A4874F3F		p0:number,p1:number,p2:number,p3:number,p4:number,p5:number,p6:number,p7:number,p8:boolean	GolfTrailSetPath
N_0x3133b907d8b32053	c	WEAPON	0x3133B907D8B32053	number	weaponHash:Hash,componentHash:Hash	GetWeaponDamage
N_0x31574b1b41268673	c	OBJECT	0x31574B1B41268673		p0:any,p1:any	
N_0x3158c77a7e888ab4	c	HUD	0x3158C77A7E888AB4		gamerTagId:integer,hudColorIndex:integer	SetMpGamerTagHealthBarColour
N_0x31698aa80e0223f8	c	HUD	0x31698AA80E0223F8		gamerTagId:integer	RemoveMpGamerTag
N_0x316db59cd14c1774	c	STATS	0x316DB59CD14C1774		p0:any	
N_0x31727907b2c43c55	c	MISC	0x31727907B2C43C55		minAmplitude:number	WaterOverrideSetOceannoiseminamplitude
N_0x317eba71d7543f52	c	HUD	0x317EBA71D7543F52		txdString1:string,txnString1:string,txdString2:string,txnString2:string	ThefeedUpdateItemTexture
N_0x318516e02de3ece2	c	OBJECT	0x318516E02DE3ECE2		multiplier:number	SetPickupGenerationRangeMultiplier
N_0x3195f8dd0d531052	c	NETWORK	0x3195F8DD0D531052	boolean,integer,integer	p0:any,p1:any	UgcGetMyContent
N_0x31ba138f6304fb9f	c	MONEY	0x31BA138F6304FB9F		p0:any,p1:any	
N_0x31e90b8873a4cd3b	c	PLAYER	0x31E90B8873A4CD3B		player:Player,p1:number	
N_0x31f924b53eaddf65	c	OBJECT	0x31F924B53EADDF65		p0:boolean	
N_0x324c5aa411da7737	c	CAM	0x324C5AA411DA7737		p0:any	
N_0x3270f67eed31fbc1	c	STATS	0x3270F67EED31FBC1	boolean	contentId:Hash,srcPlatform:string,srcGamerHandle:string	StatSaveMigrationConsumeContentUnlock
N_0x32888337579a5970	c	HUD	0x32888337579A5970			ThefeedDisableLoadingScreenTips
N_0x32c27a11307b01cc	c	PED	0x32C27A11307B01CC	Entity	ped:Ped,p1:any	GetPedTaskCombatTarget
N_0x32c7a7e8c43a1f80	c	MISC	0x32C7A7E8C43A1F80	integer	x:number,y:number,z:number,radius:number,pedMultiplier:number,vehicleMultiplier:number,p6:boolean,p7:boolean	AddPopMultiplierSphere
N_0x32cac93c9de73d32	c	STATS	0x32CAC93C9DE73D32	any		
N_0x32caedf24a583345	c	VEHICLE	0x32CAEDF24A583345		vehicle:Vehicle	DisableVehicleTurretMovementThisFrame
N_0x32dd916f3f7c9672	c	NETWORK	0x32DD916F3F7C9672	any	p0:any	UgcGetContentLanguage
N_0x32ebd154cb6b8b99	c	NETWORK	0x32EBD154CB6B8B99		p0:any,p1:any,p2:any	
N_0x32f34ff7f617643b	c	GRAPHICS	0x32F34FF7F617643B		scaleformMovieId:integer,useLargeRT:boolean	SetScaleformMovieToUseLargeRt
N_0x3311e47b91edcbbc	c	PED	0x3311E47B91EDCBBC	integer	ped:Ped,p1:any,p2:number,p3:number,p4?:integer	ApplyPedBloodByZone
N_0x33506883545ac0df	c	VEHICLE	0x33506883545AC0DF		vehicle:Vehicle,toggle:boolean	ForceSubmarineSurfaceMode
N_0x3353d13f09307691	c	REPLAY	0x3353D13F09307691			ResetEditorValues
N_0x336511a34f2e5185	c	PATHFIND	0x336511A34F2E5185	number	x:number,y:number	GetHeightmapBottomZForPosition
N_0x336b3d200ab007cb	c	PED	0x336B3D200AB007CB	any	p0:any,p1:number,p2:number,p3:number,p4:number	
N_0x33981d6804e62f49	c	MONEY	0x33981D6804E62F49		amount:integer,data:any,p2:boolean,p3:boolean	NetworkSpentPurchaseWarehouse
N_0x33a60d8bdd6e508c	c	PED	0x33A60D8BDD6E508C		ped:Ped,p1:boolean	SetPedCanPlayInjuredAnims
N_0x33d47e85b476abcd	c	RECORDING	0x33D47E85B476ABCD	boolean	p0:boolean	
N_0x33d72899e24c3365	c	STATS	0x33D72899E24C3365	any	p0:any,p1:any	
N_0x33de49edf4dde77a	c	NETWORK	0x33DE49EDF4DDE77A	vector3	entity:Entity	NetworkGetLastVelocityReceived
N_0x33df47cc0642061b	c	SOCIALCLUB	0x33DF47CC0642061B	boolean		
N_0x33e3c6c6f2f0b506	c	AUDIO	0x33E3C6C6F2F0B506		speakerConversationIndex:integer,x:number,y:number,z:number	SetPositionForNullConvPed
N_0x33ee12743ccd6343	c	HUD	0x33EE12743CCD6343	any	chTitle:string,iconType:integer,chSubtitle:string	EndTextCommandThefeedPostUnlock
N_0x341de7ed1d2a1bfd	c	FILES	0x341DE7ED1D2A1BFD	boolean	componentHash:Hash,restrictionTagHash:Hash,componentId:integer	DoesShopPedApparelHaveRestrictionTag
N_0x3430676b11cdf21d	c	OBJECT	0x3430676B11CDF21D		x:number,y:number,z:number,colorIndex:integer	RenderFakePickupGlow
N_0x34318593248c8fb2	c	MISC	0x34318593248C8FB2	boolean	x:number,y:number,z:number,projHash:Hash,radius:number,ownedByPlayer:boolean	IsProjectileTypeWithinDistance
N_0x3441cad2f2231923	c	VEHICLE	0x3441CAD2F2231923		vehicle:Vehicle,p1:boolean	
N_0x346ef3ecaaab149e	c	GRAPHICS	0x346EF3ECAAAB149E			
N_0x34770b9ce0e03b91	c	STATS	0x34770B9CE0E03B91	boolean,integer	p0:any,p1?:integer	
N_0x34d66bc058019ce0	c	AUDIO	0x34D66BC058019CE0	Hash	radioStationName:string	GetCurrentTrackSoundName
N_0x350aa5ebc03d3bd2	c	NETSHOPPING	0x350AA5EBC03D3BD2	integer		NetGameserverTransferCashGetStatus_2
N_0x350c23949e43686c	c	NETWORK	0x350C23949E43686C	number	player:Player	NetworkGetAveragePacketLossForPlayer
N_0x352e2b5cf420bf3b	c	ENTITY	0x352E2B5CF420BF3B		p0:any,p1:any	
N_0x3556041742a0dc74	c	VEHICLE	0x3556041742A0DC74		vehicle:Vehicle	CloseBombBayDoors
N_0x357b152ef96c30b6	c	NETSHOPPING	0x357B152EF96C30B6	any		
N_0x3599d741c9ac6310	c	PATHFIND	0x3599D741C9AC6310	number	x1:number,y1:number,x2:number,y2:number	GetHeightmapBottomZForArea
N_0x359af31a4b52f5ed	c	HUD	0x359AF31A4B52F5ED	integer		PauseMenuGetMouseHoverIndex
N_0x35a1b3e1d1315cfa	c	NETSHOPPING	0x35A1B3E1D1315CFA	boolean	inventory:boolean,playerbalance:boolean	NetGameserverGetBalance
N_0x35a3cd97b2c0a6d2	c	HUD	0x35A3CD97B2C0A6D2		blip:Blip	
N_0x35bb21de06784373	c	VEHICLE	0x35BB21DE06784373		p0:any,p1:any	
N_0x35e0654f4bad7971	c	VEHICLE	0x35E0654F4BAD7971		p0:boolean	
N_0x35edd5b2e3ff01c0	c	HUD	0x35EDD5B2E3FF01C0			SetMinimapGolfCourseOff
N_0x35f0b98a8387274d	c	NETWORK	0x35F0B98A8387274D	boolean		NetworkIsTutorialSessionChangePending
N_0x35f7dd45e8c0a16d	c	INTERIOR	0x35F7DD45E8C0A16D	boolean	interior:integer,entitySetName:string	IsInteriorEntitySetActive
N_0x35fb78dc42b7bd21	c	GRAPHICS	0x35FB78DC42B7BD21	boolean		GetRequestingnightvision
N_0x36391f397731595d	c	NETWORK	0x36391F397731595D	any	p0:any	
N_0x36492c2f0d134c56	c	VEHICLE	0x36492C2F0D134C56	number	vehicle:Vehicle	GetVehicleCurrentSlipstreamDraft
N_0x3658e8cd94fc121a	c	NETWORK	0x3658E8CD94FC121A	integer,integer	p1:any,p2:any	NetworkGetNumScriptParticipants
N_0x365e877c61d6988b	c	MONEY	0x365E877C61D6988B		p0:any,p1:any,p2:any,p3:any	NetworkSpentUpgradeTruck
N_0x3669f1b198dcaa4f	c	GRAPHICS	0x3669F1B198DCAA4F			DisableOcclusionThisFrame
N_0x367ef5e2f439b4c6	c	NETWORK	0x367EF5E2F439B4C6		p0:integer	
N_0x36a7fd5a7194b03e	c	MONEY	0x36A7FD5A7194B03E		p0:any,p1:any	NetworkEarnFromAutoshopBusiness
N_0x36b77bb84687c318	c	PED	0x36B77BB84687C318	integer	ped:Ped,weaponHash:Hash	GetTimeOfLastPedWeaponDamage
N_0x36c1451a88a09630	c	HUD	0x36C1451A88A09630	integer,integer		GetPauseMenuSelection
N_0x36c6984c3ed0c911	c	PED	0x36C6984C3ED0C911		ped:Ped	SetPedScubaGearVariation
N_0x36ccb9be67b970fd	c	PHYSICS	0x36CCB9BE67B970FD		ropeId:integer,p1:boolean	
N_0x36de109527a2c0c4	c	VEHICLE	0x36DE109527A2C0C4		toggle:boolean	
N_0x36f1b38855f2a8df	c	PLAYER	0x36F1B38855F2A8DF		player:Player	
N_0x36f32de87082343e	c	ENTITY	0x36F32DE87082343E		p0:any,p1:any	
N_0x36f6626459d91457	c	GRAPHICS	0x36F6626459D91457		p0:number	
N_0x37025b27d9b658b1	c	NETWORK	0x37025B27D9B658B1	any	p0:any,p1:any	UgcGetContentFileVersion
N_0x37181417ce7c8900	c	SHAPETEST	0x37181417CE7C8900	integer	entity:Entity,flags1:integer,flags2:integer	StartShapeTestBound
N_0x372ef6699146a1e4	c	OBJECT	0x372EF6699146A1E4	boolean	garageHash:Hash,entity:Entity,p2:number,p3:integer	IsObjectEntirelyInsideGarage
N_0x374706271354cb18	c	VEHICLE	0x374706271354CB18		vehicle:Vehicle,entity:Entity,p2:number	StabiliseEntityAttachedToHeli
N_0x375a706a5c2fd084	c	MOBILE	0x375A706A5C2FD084		toggle:boolean	SetMobilePhoneDofState
N_0x375e7fc44f21c8ab	c	VEHICLE	0x375E7FC44F21C8AB	Vehicle	entity:Entity	FindVehicleCarryingThisEntity
N_0x3765c3a3e8192e10	c	NETWORK	0x3765C3A3E8192E10	integer	player:Player	NetworkGetUnreliableResendCountForPlayer
N_0x376c6375ba60293a	c	NETWORK	0x376C6375BA60293A	any	x1:number,y1:number,z1:number,x2:number,y2:number,z2:number,width:number	NetworkAddEntityAngledArea
N_0x3795688a307e1eb6	c	PED	0x3795688A307E1EB6	boolean	Ped:Ped	IsPedSwappingWeapon
N_0x37a4494483b9f5c9	c	NETWORK	0x37A4494483B9F5C9	boolean		NetworkIsTransitionOpenToMatchmaking
N_0x37d5f739fd494675	c	NETWORK	0x37D5F739FD494675	integer	p0:any	
N_0x37deb0aa183fb6d8	c	MISC	0x37DEB0AA183FB6D8			SaveBenchmarkRecording
N_0x37ebbf3117bd6a25	c	VEHICLE	0x37EBBF3117BD6A25		vehicle:Vehicle,height:number	SetForkliftForkHeight
N_0x380b4968d1e09e55	c	CAM	0x380B4968D1E09E55			
N_0x38491439b6ba7f7d	c	STATS	0x38491439B6BA7F7D	number	p0:any,p1:any	
N_0x3855fb5eb2c5e8b2	c	NETWORK	0x3855FB5EB2C5E8B2	any	p0:any	
N_0x38b55259c2e078ed	c	HUD	0x38B55259C2E078ED		headerTextLabel:string,line1TextLabel:string,buttonsBitField:integer,buttonsBitFieldUpper:integer,line2TextLabel:string,addNumber:boolean,numberToAdd:integer,firstSubstring:string,secondSubstring:string,showBackground:boolean,errorCode:integer	SetWarningMessageWithHeaderExtended
N_0x38b7c51ab1edc7d8	c	NETWORK	0x38B7C51AB1EDC7D8		entity:Entity,toggle:boolean	
N_0x38baaa5dd4c9d19f	c	STATS	0x38BAAA5DD4C9D19F		value:integer	
N_0x38c1cb1cb119a016	c	INTERIOR	0x38C1CB1CB119A016		p0:any,p1:any	
N_0x38d28da81e4e9bf9	c	PLAYER	0x38D28DA81E4E9BF9	boolean	player:Player	IsPlayerBattleAware
N_0x3910051ccecdb00c	c	ENTITY	0x3910051CCECDB00C		entity:Entity,toggle:boolean	SetEntityCleanupByEngine
N_0x392183bb9ea57697	c	VEHICLE	0x392183BB9EA57697		vehicle:Vehicle,wheelIndex:integer,multiplier:number	SetTyreSoftnessMultiplier
N_0x393bd2275ceb7793	c	GRAPHICS	0x393BD2275CEB7793	any		
N_0x39455bf4f4f55186	c	MISC	0x39455BF4F4F55186	any	p0:any,p1:any,p2:any,p3:any,p4:any,p5:any,p6:any,p7:any,p8:any,p9:any,p10:any,p11:any,p12:any	
N_0x394b9cd12435c981	c	PED	0x394B9CD12435C981		sceneID:integer,toggle:boolean	SetSynchronizedSceneHoldLastFrame
N_0x394bde2a7bba031e	c	ENTITY	0x394BDE2A7BBA031E	any	entity1:Entity,entity2:Entity,traceType:integer	HasEntityClearLosToEntity_2
N_0x394cd08e31313c28	c	OBJECT	0x394CD08E31313C28			
N_0x397baa01068baa96	c	MISC	0x397BAA01068BAA96	integer		
N_0x39917e1b4cb0f911	c	NETWORK	0x39917E1B4CB0F911		p0:boolean	
N_0x39a5fb7eaf150840	c	OBJECT	0x39A5FB7EAF150840		p0:any,p1:any	
N_0x39bbf623fc803eac	c	HUD	0x39BBF623FC803EAC		hudColor:integer	SetColourOfNextTextComponent
N_0x39be7cea8d9cc8e6	c	NETSHOPPING	0x39BE7CEA8D9CC8E6	boolean	transactionId:integer	NetGameserverCheckoutStart
N_0x39d55a620fcb6a3a	c	PED	0x39D55A620FCB6A3A	any	ped:Ped,slot:integer,drawableId:integer,textureId:integer	SetPedPreloadVariationData
N_0x3a17a27d75c74887	c	NETWORK	0x3A17A27D75C74887	Hash		UgcGetContentHash
N_0x3a3d5568af297cd5	c	NETWORK	0x3A3D5568AF297CD5	boolean	handle:integer	CloudDidRequestSucceed
N_0x3a48ab4445d499be	c	AUDIO	0x3A48AB4445D499BE	integer		GetMusicVolSlider
N_0x3a54e33660ded67f	c	MONEY	0x3A54E33660DED67F	boolean	amount:integer	NetworkCanBet
N_0x3a8b55fda4c8ddef	c	NETWORK	0x3A8B55FDA4C8DDEF	boolean,integer	contextHash:Hash,nameHash:Hash,value?:integer	NetworkRegisterTunableIntHash
N_0x3a9128352eac9e85	c	VEHICLE	0x3A9128352EAC9E85	boolean	vehicle:Vehicle	AreOutriggerLegsDeployed
N_0x3b2fd68db5f8331c	c	OBJECT	0x3B2FD68DB5F8331C		object:Object,toggle:boolean,R:integer,G:integer,B:integer	
N_0x3b39236746714134	c	NETWORK	0x3B39236746714134	integer	player:Player	NetworkGetPlayerTutorialSessionInstance
N_0x3b458ddb57038f08	c	VEHICLE	0x3B458DDB57038F08		vehicle:Vehicle,doorIndex:integer,toggle:boolean	
N_0x3bab9a4e4f2ff5c7	c	HUD	0x3BAB9A4E4F2FF5C7	boolean		IsFrontendReadyForControl
N_0x3bbbd13e5041a79e	c	MISC	0x3BBBD13E5041A79E	boolean		LandingMenuIsActive
N_0x3bd770d281982db5	c	OBJECT	0x3BD770D281982DB5	any	p0:any,p1:any	
N_0x3c4487461e9b0dcb	c	NETSHOPPING	0x3C4487461E9B0DCB	boolean		NetGameserverCatalogIsReady
N_0x3c5c1e2c2ff814b1	c	NETWORK	0x3C5C1E2C2FF814B1		toggle:boolean	
N_0x3c5fd37b5499582e	c	NETSHOPPING	0x3C5FD37B5499582E	boolean,integer	categoryHash:Hash,itemHash:Hash,actionTypeHash:Hash,value:integer,flags:integer	NetGameserverBeginService
N_0x3c67506996001f5e	c	PED	0x3C67506996001F5E	boolean		SpawnpointsIsSearchActive
N_0x3c788e7f6438754d	c	GRAPHICS	0x3C788E7F6438754D		checkpointHandle:integer,x:number,y:number,z:number	
N_0x3c891a251567dfce	c	NETWORK	0x3C891A251567DFCE	any,integer	p0?:integer	NetworkQueryRespawnResults
N_0x3ca6050692bc61b0	c	HUD	0x3CA6050692BC61B0		state:boolean	SetPauseMenuPedLighting
N_0x3d120012440e6683	c	AUDIO	0x845FFC3A4FEEFA3E	boolean		AudioIsScriptedMusicPlaying
N_0x3d3d15af7bcaaf83	c	HUD	0x3D3D15AF7BCAAF83		hudColor:integer,routeFromPlayer:boolean,displayOnFoot:boolean	StartGpsMultiRoute
N_0x3d3d8b3be5a83d35	c	STREAMING	0x3D3D8B3BE5A83D35	number		GetUsedCreatorModelMemoryPercentage
N_0x3d42b92563939375	c	PAD	0x3D42B92563939375	boolean	name:string	SwitchToInputMappingScheme
N_0x3d9acb1eb139e702	c	HUD	0x3D9ACB1EB139E702	boolean		IsMouseRolledOverInstructionalButtons
N_0x3da5ecd1a56cba6d	c	MONEY	0x3DA5ECD1A56CBA6D		wallet:integer,bank:integer	NetworkInitializeCash
N_0x3dbf2df0aeb7d289	c	NETWORK	0x3DBF2DF0AEB7D289	boolean	p0:any	NetworkGetPresenceInviteFromAdmin
N_0x3dda37128dd1aca8	c	HUD	0x3DDA37128DD1ACA8		toggle:boolean	SetGpsMultiRouteRender
N_0x3de3aa516fb126a4	c	STATS	0x3DE3AA516FB126A4		p0:any	
N_0x3de51e9c80b116cf	c	VEHICLE	0x3DE51E9C80B116CF	boolean	vehicle:Vehicle	IsVehicleParachuteActive
N_0x3dec726c25a11bac	c	GRAPHICS	0x3DEC726C25A11BAC	boolean	unused:integer	SaveHighQualityPhoto
N_0x3dff319a831e0cdb	c	VEHICLE	0x3DFF319A831E0CDB	integer	vehicle:Vehicle	GetVehicleXenonLightsColor
N_0x3e200c2bcf4164eb	c	NETWORK	0x3E200C2BCF4164EB		p0:integer,textLabel:string	NetworkSetRichPresenceString
N_0x3e38e28a1d80ddf6	c	TASK	0x3E38E28A1D80DDF6	boolean	ped:Ped	
N_0x3e45765f3fbb582f	c	AUDIO	0x3E45765F3FBB582F		vehicle:Vehicle	SetVehHasRadioOverride
N_0x3e4adaff1830f146	c	MONEY	0x3E4ADAFF1830F146			NetworkEarnFromWarehouse
N_0x3e65cde5215832c1	c	AUDIO	0x3E65CDE5215832C1	integer	radioStationName:string	GetCurrentRadioTrackPlaybackTime
N_0x3e802f11fbe27674	c	PED	0x3E802F11FBE27674	boolean	colorId:integer	IsPedLipstickColorValid_2
N_0x3e9679c1dfcf422c	c	PED	0x3E9679C1DFCF422C		p0:any,p1:any	
N_0x3ebeac6c3f81f6bd	c	STATS	0x3EBEAC6C3F81F6BD		p0:any	
N_0x3ec8bf18aa453fe9	c	VEHICLE	0x3EC8BF18AA453FE9		heli:Vehicle,toggle:boolean	SetHeliTailBoomCanBreakOff
N_0x3ed1438c1f5c6612	c	MISC	0x3ED1438C1F5C6612		fontBitField:integer	NextOnscreenKeyboardResultWillDisplayUsingTheseFonts
N_0x3ed2b83ab2e82799	c	OBJECT	0x3ED2B83AB2E82799		p0:any,p1:any	SetPickupHiddenWhenUncollectable
N_0x3f0cf9cb7e589b88	c	HUD	0x3F0CF9CB7E589B88	Blip		GetNorthRadarBlip
N_0x3f4d00167e41e0ad	c	MONEY	0x3F4D00167E41E0AD		p0:any,p1:any,p2:any,p3:any,p4:any,p5:any,p6:any,p7:any,p8:any	NetworkEarnFromPersonalVehicle
N_0x3f52e880aaf6c8ca	c	NETWORK	0x3F52E880AAF6C8CA		p0:boolean	NetworkSessionSetMatchmakingPropertyId
N_0x3f5cc444dcaaa8f2	c	HUD	0x3F5CC444DCAAA8F2		health:integer,capacity:integer,wasAdded:boolean	SetHealthHudDisplayValues
N_0x3f7325574e41b44d	c	PED	0x3F7325574E41B44D		ped:Ped,p1:boolean,p2:integer,p3:integer	SetPedHelmetUnk
N_0x3f9990bf5f22759c	c	NETWORK	0x3F9990BF5F22759C	boolean,integer	networkHandle?:integer	NetworkHasTransitionInviteBeenAcked
N_0x3fa36981311fa4ff	c	NETWORK	0x3FA36981311FA4FF		netId:integer,state:boolean	
N_0x3fc795691834481d	c	NETWORK	0x3FC795691834481D		p0:any,p1:any	
N_0x4008edf7d6e48175	c	CAM	0x4008EDF7D6E48175		p0:boolean	
N_0x402f9ed62087e898	c	HUD	0x402F9ED62087E898			DisplayHudWhenPausedThisFrame
N_0x405591ec8fd9096d	c	MISC	0x405591EC8FD9096D		amplitude:number	WaterOverrideSetOceanwaveamplitude
N_0x4056ea1105f5abd7	c	VEHICLE	0x4056EA1105F5ABD7		vehicle:Vehicle,health:number	SetHeliMainRotorHealth
N_0x405dc2aef6af95b9	c	INTERIOR	0x405DC2AEF6AF95B9		roomHashKey:Hash	
N_0x407091cf6037118e	c	NETWORK	0x407091CF6037118E		netID:integer	NetworkDisableProximityMigration
N_0x40763ea7b9b783e7	c	AUDIO	0x40763EA7B9B783E7	boolean	bankName:string,bOverNetwork:boolean,playerBits:integer	HintMissionAudioBank
N_0x407dc5e97db1a4d3	c	VEHICLE	0x407DC5E97DB1A4D3		p0:any,p1:any	
N_0x40aefd1a244741f2	c	STREAMING	0x40AEFD1A244741F2		toggle:boolean	SetRenderHdOnly
N_0x40afb081f8add4ee	c	GRAPHICS	0x40AFB081F8ADD4EE	integer	p0:integer	ReturnTwo
N_0x40cf0d12d142a9e8	c	AUDIO	0x40CF0D12D142A9E8		ped:Ped	SetPedVoiceFull
N_0x40f7e66472df3e5c	c	NETWORK	0x40F7E66472DF3E5C	string	p0:any,p1:any	UgcGetCachedDescription
N_0x40fce03e50e8dbe8	c	NETWORK	0x40FCE03E50E8DBE8	boolean,integer	tunableContext:Hash,tunableName:Hash,value?:integer	NetworkAccessTunableIntHash
N_0x41062318f23ed854	c	VEHICLE	0x41062318F23ED854		vehicle:Vehicle,toggle:boolean	SetVehicleExclusiveDriver
N_0x4128464231e3ca0b	c	MONEY	0x4128464231E3CA0B		p0:any,p1:any,p2:any,p3:any	
N_0x41290b40fa63e6da	c	VEHICLE	0x41290B40FA63E6DA		p0:any	
N_0x412f1364fa066cfb	c	PED	0x412F1364FA066CFB	any	p0:any	
N_0x41350b4fc28e3941	c	HUD	0x41350B4FC28E3941		isActive:boolean	SetPmWarningscreenActive
N_0x4167efe0527d706e	c	HUD	0x4167EFE0527D706E	boolean		IsHoveringOverMissionCreatorBlip
N_0x418dc16fae452c1c	c	SOCIALCLUB	0x418DC16FAE452C1C	boolean	achievement:integer	ScGetHasAchievementBeenPassed
N_0x419594e137637120	c	NETWORK	0x419594E137637120		toggle:boolean,playerPed:Ped,p2:boolean	NetworkSetInSpectatorModeExtended
N_0x419615486bbf1956	c	STATS	0x419615486BBF1956		p0:any	
N_0x4198ab0022b15f87	c	VEHICLE	0x4198AB0022B15F87	boolean	plane:Vehicle	IsPlaneLandingGearIntact
N_0x41b9fb92eded32a6	c	VEHICLE	0x41B9FB92EDED32A6		vehicle:Vehicle,useAlternateInput:boolean	SetTransformToSubmarineUsesAlternateInput
N_0x41faa8fb2ece8720	c	CUTSCENE	0x41FAA8FB2ECE8720		p0:boolean	SetCutsceneCanBeSkipped
N_0x420bd37289eee162	c	INTERIOR	0x420BD37289EEE162		interior:integer,entitySetName:string	DeactivateInteriorEntitySet
N_0x42156508606de65e	c	CAM	0x42156508606DE65E		distance:number	SetThirdPersonAimCamNearClipThisUpdate
N_0x422d396f80a96547	c	NETWORK	0x422D396F80A96547	boolean		NetworkHaveRosLeaderboardWritePriv
N_0x422f32cc7e56abad	c	NETWORK	0x422F32CC7E56ABAD	boolean	entity:Entity	NetworkIsEntityFading
N_0x4237e822315d8ba9	c	NETWORK	0x4237E822315D8BA9	boolean		
N_0x425a920fdb9a0dda	c	CAM	0x425A920FDB9A0DDA		camName:string	SetGameplayCamHash
N_0x425aecf167663f48	c	PED	0x425AECF167663F48		ped:Ped,p1:boolean	
N_0x42613035157e4208	c	NETWORK	0x42613035157E4208		amount:integer	ReserveNetworkLocalVehicles
N_0x4282e08174868be3	c	RECORDING	0x4282E08174868BE3	any		
N_0x428ad3e26c8d9eb0	c	VEHICLE	0x428AD3E26C8D9EB0		vehicle:Vehicle,x:number,y:number,z:number,p4:number	
N_0x428baccdf5e26ead	c	VEHICLE	0x428BACCDF5E26EAD		vehicle:Vehicle,toggle:boolean	SetVehicleCanSaveInGarage
N_0x428eaf89e24f6c36	c	STATS	0x428EAF89E24F6C36		statName:Hash,value:number	LeaderboardsDeaths
N_0x42a4beb35d372407	c	VEHICLE	0x42A4BEB35D372407	integer	vehicle:Vehicle	GetVehicleNumberOfBrokenOffBones
N_0x42b65deef2edf2a1	c	SYSTEM	0x42B65DEEF2EDF2A1		priority:integer	SetThreadPriority
N_0x42fb3b532d526e6c	c	NETWORK	0x42FB3B532D526E6C			NetworkRequestCloudTunables
N_0x42fce14f50f27291	c	MONEY	0x42FCE14F50F27291		p0:any	NetworkEarnFromBusinessBattle
N_0x430a7631a84c9be7	c	VEHICLE	0x430A7631A84C9BE7		p0:any	
N_0x4337511fa8221d36	c	MONEY	0x4337511FA8221D36		amount:integer	NetworkEarnFromNotBadsport
N_0x4348bfda56023a2f	c	NETWORK	0x4348BFDA56023A2F	any	p0:any,p1:any	
N_0x437138b6a830166a	c	MISC	0x437138B6A830166A			ResetBenchmarkRecording
N_0x43865688ae10f0d7	c	NETWORK	0x43865688AE10F0D7	boolean		FacebookIsAvailable
N_0x438822c279b73b93	c	MISC	0x438822C279B73B93		player:Player	SetBeastModeActive
N_0x438b3d7ca026fe91	c	VEHICLE	0x438B3D7CA026FE91		vehicle:Vehicle,state:number	SetSpecialFlightModeTargetRatio
N_0x439bfde3cd0610f6	c	NETWORK	0x439BFDE3CD0610F6	any		NetworkClearFollowInvite
N_0x43c677f1e1158005	c	OBJECT	0x43C677F1E1158005	boolean	entity:Object,p1:any	GetIsArenaPropPhysicsDisabled
N_0x43d1680c6d19a8e9	c	STREAMING	0x43D1680C6D19A8E9			AllowPlayerSwitchPan
N_0x43e4111189e54f0e	c	HUD	0x43E4111189E54F0E	integer	string:string	GetLengthOfLiteralStringInBytes
N_0x43f4dba69710e01e	c	NETWORK	0x43F4DBA69710E01E			NetworkCloseTransitionMatchmaking
N_0x43fa0dfc5df87815	c	AUDIO	0x43FA0DFC5DF87815		vehicle:Vehicle,p1:boolean	
N_0x43fa7cbe20dab219	c	GRAPHICS	0x43FA7CBE20DAB219		p0:any	
N_0x4419966c9936071a	c	VEHICLE	0x4419966C9936071A		vehicle:Vehicle	
N_0x444c4525ece0a4b9	c	NETWORK	0x444C4525ECE0A4B9			
N_0x44621483ff966526	c	GRAPHICS	0x44621483FF966526		checkpoint:integer,scale:number	SetCheckpointIconScale
N_0x44919cc079bb60bf	c	STATS	0x44919CC079BB60BF		p0:any	
N_0x44a0bdc559b35f6e	c	MISC	0x44A0BDC559B35F6E	boolean		QueueMissionRepeatSave
N_0x44aca259d67651db	c	SOCIALCLUB	0x44ACA259D67651DB	integer	p1:any	
N_0x44b37cdcae765aae	c	NETWORK	0x44B37CDCAE765AAE	boolean,integer	friendDataIndex:integer,networkHandle?:integer	NetworkCheckDataManagerSucceededForHandle
N_0x44cd1f493db2a0a6	c	VEHICLE	0x44CD1F493DB2A0A6		vehicle:Vehicle,weaponIndex:integer,ammoCount:integer	SetVehicleWeaponRestrictedAmmo
N_0x44f1012b69313374	c	WEAPON	0x44F1012B69313374		zoneId:integer,x:number,y:number,z:number	FireAirDefenseWeapon
N_0x450819d8cf90c416	c	SOCIALCLUB	0x450819D8CF90C416	boolean		
N_0x451294e859ecc018	c	PED	0x451294E859ECC018	integer	ped:Ped	GetPedHelmetStoredHatPropIndex
N_0x451d05012ccec234	c	PED	0x451D05012CCEC234	boolean	ped:Ped	IsPedDoingBeastJump
N_0x4593cf82aa179706	c	VEHICLE	0x4593CF82AA179706	Hash	vehicle:Vehicle,modType:integer,modIndex:integer	GetVehicleModIdentifierHash
N_0x459fd2c8d0ab78bc	c	GRAPHICS	0x459FD2C8D0AB78BC	integer		GetTimecycleTransitionModifierIndex
N_0x45a561a9421ab6ad	c	VEHICLE	0x45A561A9421AB6AD		vehicle:Vehicle,multiplier:number	SetVehicleUnkDamageMultiplier
N_0x45a83257ed02d9bc	c	NETWORK	0x45A83257ED02D9BC			NetworkQuitMpToDesktop
N_0x45e816772e93a9db	c	NETWORK	0x45E816772E93A9DB	any		
N_0x45f35c0edc33b03b	c	NETWORK	0x45F35C0EDC33B03B		netScene:integer,modelHash:Hash,x:number,y:number,z:number,animDict:string,animName:string,blendInSpeed:number,blendOutSpeed:number,flags:integer	NetworkAddMapEntityToSynchronisedScene
N_0x46326e13da4e0546	c	STATS	0x46326E13DA4E0546	integer	p0?:integer	PlaystatsDirectorMode
N_0x4645de9980999e93	c	DATAFILE	0x4645DE9980999E93	boolean	contentId:string,contentName:string,description:string,tagsCsv:string,contentTypeName:string	UgcUpdateMission
N_0x46494a2475701343	c	OBJECT	0x46494A2475701343	boolean	x:number,y:number,z:number,radius:number,modelHash:Hash,p5:boolean	HasClosestObjectOfTypeBeenCompletelyDestroyed
N_0x465bf26ab9684352	c	VEHICLE	0x465BF26AB9684352		vehicle:Vehicle,toggle:boolean	SetDisableVehiclePetrolTankFires
N_0x4668d80430d6c299	c	PED	0x4668D80430D6C299		ped:Ped	FinalizeHeadBlend
N_0x4669b3ed80f24b4e	c	PLAYER	0x4669B3ED80F24B4E		player:Player	
N_0x466da42c89865553	c	MOBILE	0x466DA42C89865553		p0:number	CellCamSetHeadHeight
N_0x46718aceedeafc84	c	NETWORK	0x46718ACEEDEAFC84	boolean		HasNetworkTimeStarted
N_0x4683149ed1dde7a1	c	PAD	0x4683149ED1DDE7A1	boolean	name:string	SwitchToInputMappingScheme_2
N_0x469f2ecdec046337	c	CAM	0x469F2ECDEC046337		p0:boolean	
N_0x46b05bcae43856b0	c	PED	0x46B05BCAE43856B0	boolean	ped:Ped,flag:integer	
N_0x46d1a61a21f566fc	c	GRAPHICS	0x46D1A61A21F566FC		p0:number	
N_0x46f3add1e2d5baf2	c	OBJECT	0x46F3ADD1E2D5BAF2		p0:any,p1:any	
N_0x46f8696933a63c9b	c	ENTITY	0x46F8696933A63C9B	vector3	entity:Entity,boneIndex:integer	GetEntityBonePosition_2
N_0x46fb3ed415c7641c	c	NETWORK	0x46FB3ED415C7641C	boolean	player:Player,p1:integer,scriptHash:Hash	TriggerScriptCrcCheckOnPlayer
N_0x472397322e92a856	c	STREAMING	0x472397322E92A856			
N_0x472841a026d26d8b	c	NETWORK	0x472841A026D26D8B	boolean		RemoteCheatDetected
N_0x473151ebc762c6da	c	GRAPHICS	0x473151EBC762C6DA	integer		GetCurrentNumberOfCloudPhotos
N_0x4737980e8a283806	c	SOCIALCLUB	0x4737980E8A283806	boolean,integer	p0:integer,p1?:integer	
N_0x4750fc27570311ec	c	MISC	0x4750FC27570311EC	integer		GetBenchmarkIterationsFromCommandLine
N_0x4757f00bc6323cfe	c	WEAPON	0x4757F00BC6323CFE		weaponHash:Hash,damageMultiplier:number	SetWeaponDamageModifier
N_0x4759cc730f947c81	c	PED	0x4759CC730F947C81			InstantlyFillPedPopulation
N_0x47b32f5611e6e483	c	STATS	0x47B32F5611E6E483		id:integer	PlaystatsAwardBadsport
N_0x47b595d60664cffa	c	CAM	0x47B595D60664CFFA		camera:Cam,multiplier:number	SetCamDofFocalLengthMultiplier
N_0x4811bbac21c5fcd5	c	NETWORK	0x4811BBAC21C5FCD5		p0:any	
N_0x483aca1176ca93f1	c	INTERIOR	0x483ACA1176CA93F1			
N_0x4852fc386e2e1bb5	c	PED	0x4852FC386E2E1BB5	integer,integer,integer	hairColorIndex:integer	GetPedHairRgbColor
N_0x48608c3464f58ab4	c	CAM	0x48608C3464F58AB4		roll:number,pitch:number,yaw:number	SetGameplayCamRelativeRotation
N_0x48621c9fca3ebd28	c	RECORDING	0x48621C9FCA3EBD28		p0:integer	
N_0x4862437a486f91b0	c	GRAPHICS	0x4862437A486F91B0	boolean,integer,integer	p0:string,p3:boolean	LoadMissionCreatorPhoto
N_0x487912fd248efddf	c	SOCIALCLUB	0x487912FD248EFDDF	boolean	p0:any,p1:number	
N_0x4879e4fe39074cdf	c	CAM	0x4879E4FE39074CDF	boolean		
N_0x487a82c650eb7799	c	CAM	0x487A82C650EB7799		p0:number	CustomMenuCoordinates
N_0x488043841bbe156f	c	HUD	0x488043841BBE156F			HudDisplayLoadingScreenTips
N_0x4895bdea16e7c080	c	HUD	0x4895BDEA16E7C080		p0:integer	PauseMenuRedrawInstructionalButtons
N_0x48adc8a773564670	c	VEHICLE	0x48ADC8A773564670			InstantlyFillVehiclePopulation
N_0x48c633e94a8142a7	c	VEHICLE	0x48C633E94A8142A7	boolean	vehicle:Vehicle	IsVehicleSlipstreamLeader
N_0x48f069265a0e4bec	c	MISC	0x48F069265A0E4BEC	integer	name:string	
N_0x490861b88f4fd846	c	ENTITY	0x490861B88F4FD846		p0:any	
N_0x49482f9fcd825aaa	c	CAM	0x49482F9FCD825AAA		entity:Entity	DisableCamCollisionForObject
N_0x4962cc4aa2f345b7	c	NETWORK	0x4962CC4AA2F345B7	string	inviteIndex:integer	NetworkGetPresenceInviteInviter
N_0x4967a516ed23a5a1	c	VEHICLE	0x4967A516ED23A5A1	string	vehicle:Vehicle	GetVehicleModColor_2Name
N_0x497420e022796b3f	c	LOCALIZATION	0x497420E022796B3F	integer		LocalizationGetSystemLanguage
N_0x498218259fb7c72d	c	VEHICLE	0x498218259FB7C72D		vehicle:Vehicle,transformRate:number	SetTransformRateForAnimation
N_0x498c1e05ce5f7877	c	NETSHOPPING	0x498C1E05CE5F7877	boolean		NetGameserverTransferCashSetTelemetryNonceSeed
N_0x49b856b1360c47c7	c	PLAYER	0x49B856B1360C47C7		player:Player,wantedLevel:integer,lossTime:integer	SetWantedLevelHiddenEvasionTime
N_0x49b99bf3fda89a7a	c	AUDIO	0x49B99BF3FDA89A7A	boolean	ped:Ped,speechName:string,allowBackupPVGs:boolean	DoesContextExistForThisPed
N_0x49da8145672b2725	c	REPLAY	0x49DA8145672B2725			ActivateRockstarEditor
N_0x49e50bdb8ba4dab2	c	PED	0x49E50BDB8BA4DAB2		ped:Ped,toggle:boolean	
N_0x49ec8030f5015f8b	c	NETWORK	0x49EC8030F5015F8B		matchmakingGroup:integer	NetworkSessionSetMatchmakingGroup
N_0x4a0c7c9bb10abb36	c	HUD	0x4A0C7C9BB10ABB36		toggle:boolean	ThefeedSetAnimpostfxSound
N_0x4a2d4e8bf4265b0f	c	NETWORK	0x4A2D4E8BF4265B0F	boolean	areaHandle:integer	NetworkEntityAreaIsOccupied
N_0x4a39db43e47cf3aa	c	OBJECT	0x4A39DB43E47CF3AA		object:Object	RemoveObjectHighDetailModel
N_0x4a7d6e727f941747	c	SOCIALCLUB	0x4A7D6E727F941747	any,integer	p0?:integer	
N_0x4a9923385bdb9dad	c	HUD	0x4A9923385BDB9DAD	integer		GetStandardBlipEnumId
N_0x4a9fde3a5a6d0437	c	NETWORK	0x4A9FDE3A5A6D0437		toggle:boolean	
N_0x4ad280eb48b2d8e6	c	VEHICLE	0x4AD280EB48B2D8E6		vehicle:Vehicle,togle:boolean	
N_0x4ad490ae1536933b	c	NETWORK	0x4AD490AE1536933B	any	p0:any,p1:any	
N_0x4ada3f19be4a6047	c	AUDIO	0x4ADA3F19BE4A6047		opponentPed:Ped	RequestTennisBanks
N_0x4af92acd3141d96c	c	GRAPHICS	0x4AF92ACD3141D96C			
N_0x4aff7e02e485e92b	c	STATS	0x4AFF7E02E485E92B			
N_0x4b5b4da5d79f1943	c	GRAPHICS	0x4B5B4DA5D79F1943		checkpoint:integer,height_multiplier:number	SetCheckpointIconHeight
N_0x4b5b620c9b59ed34	c	HUD	0x4B5B620C9B59ED34		p0:any,p1:any	
N_0x4b5cfc83122df602	c	GRAPHICS	0x4B5CFC83122DF602			SetDisableDecalRenderingThisFrame
N_0x4ba166079d658ed4	c	NETWORK	0x4BA166079D658ED4		entity:Entity,p1:boolean	NetworkSetEntityGhostedWithOwner
N_0x4ba92a18502bca61	c	NETWORK	0x4BA92A18502BCA61	boolean	player:Player,x1:number,y1:number,z1:number,x2:number,y2:number,z2:number,width:number,p8:number,p9:number,p10:number,flags:integer	NetworkStartRespawnSearchInAngledAreaForPlayer
N_0x4bc2854478f3a749	c	OBJECT	0x4BC2854478F3A749	integer	doorHash:Hash	DoorSystemGetDoorPendingState
N_0x4c134b4df76025d0	c	OBJECT	0x4C134B4DF76025D0		p0:any,p1:any	
N_0x4c2330e61d3deb56	c	INTERIOR	0x4C2330E61D3DEB56	any	interior:integer	
N_0x4c2a9fdc22377075	c	NETWORK	0x4C2A9FDC22377075			
N_0x4c3b75694f7e0d9c	c	MONEY	0x4C3B75694F7E0D9C		p0:any,p1:any,p2:any	
N_0x4c61b39930d045da	c	NETWORK	0x4C61B39930D045DA	boolean	handle:integer	CloudHasRequestCompleted
N_0x4c61c75bee8184c2	c	CUTSCENE	0x4C61C75BEE8184C2		cutsceneEntName:string,p1:integer,p2:integer	SetCutsceneEntityStreamingFlags
N_0x4c815eb175086f84	c	VEHICLE	0x4C815EB175086F84		plane:Vehicle,health:number	SetPlanePropellersHealth
N_0x4c89fe2bdeb3f169	c	STATS	0x4C89FE2BDEB3F169	any		
N_0x4c9034162368e206	c	NETWORK	0x4C9034162368E206	any		
N_0x4c9296cbcd1b971e	c	MISC	0x4C9296CBCD1B971E	integer		GetFakeWantedLevel
N_0x4caca84440fa26f6	c	NETWORK	0x4CACA84440FA26F6	boolean,Hash	p0:any,p1:any,weaponHash?:Hash	NetworkGetDestroyerOfEntity
N_0x4cebc1ed31e8925e	c	CUTSCENE	0x4CEBC1ED31E8925E	boolean	cutsceneName:string	
N_0x4d02279c83be69fe	c	NETWORK	0x4D02279C83BE69FE	any		
N_0x4d1cb8dc40208a17	c	WEAPON	0x4D1CB8DC40208A17	Hash	componentHash:Hash,extraComponentIndex:integer	GetWeaponComponentVariantExtraComponentModel
N_0x4d89d607cb3dd1d2	c	OBJECT	0x4D89D607CB3DD1D2		object:Object,toggle:boolean	SetObjectAllowLowLodBuoyancy
N_0x4d953df78ebf8158	c	BRAIN	0x4D953DF78EBF8158			
N_0x4d9d109f63fee1d4	c	VEHICLE	0x4D9D109F63FEE1D4		p0:any,p1:boolean	
N_0x4dc416f246a41fc8	c	STATS	0x4DC416F246A41FC8		p0:any,p1:any,p2:any,p3:any,p4:any	
N_0x4dcdf92bf64236cd	c	MISC	0x4DCDF92BF64236CD		captionString:string,condensedCaptionString:string	ActivityFeedCreate
N_0x4df7cfff471a7fb1	c	NETWORK	0x4DF7CFFF471A7FB1	boolean	p0:any	
N_0x4dfdd9eb705f8140	c	DATAFILE	0x4DFDD9EB705F8140	boolean,boolean	p0?:boolean	DatafileUpdateSaveToCloud
N_0x4e096588b13ffeca	c	HUD	0x4E096588B13FFECA		justifyType:integer	SetTextJustification
N_0x4e0af9114608257c	c	AUDIO	0x4E0AF9114608257C		radioStation:string,trackListName:string,timeOffsetMilliseconds:integer	ForceMusicTrackList
N_0x4e20d2a627011e8e	c	VEHICLE	0x4E20D2A627011E8E	any	vehicle:Vehicle,p1:number	SetVehicleDamageModifier
N_0x4e3cd0ef8a489541	c	HUD	0x4E3CD0EF8A489541	any		IsNavigatingMenuContent
N_0x4e404a9361f75bb2	c	AUDIO	0x4E404A9361F75BB2		radioStation:string,trackListName:string,forceNow:boolean	SetCustomRadioTrackList
N_0x4e417c547182c84d	c	VEHICLE	0x4E417C547182C84D	boolean	vehicle:Vehicle	DoesVehicleAllowRappel
N_0x4e52e752c76e7e7a	c	STREAMING	0x4E52E752C76E7E7A		p0:any	
N_0x4e548c0d7ae39ff9	c	NETWORK	0x4E548C0D7AE39FF9	any	p0:any,p1:any	UgcGetContentRatingNegativeCount
N_0x4e74e62e0a97e901	c	VEHICLE	0x4E74E62E0A97E901		vehicle:Vehicle,p1:boolean	SetPoliceFocusWillTrackVehicle
N_0x4e90d746056e273d	c	PED	0x4E90D746056E273D		ped:Ped,intensity:number	SetPedEmissiveIntensity
N_0x4e929e7a5796fd26	c	HUD	0x4E929E7A5796FD26	boolean	gamerTagId:integer	IsMpGamerTagActive
N_0x4ebb7e87aa0dbed4	c	MISC	0x4EBB7E87AA0DBED4		toggle:boolean	SetPlayerIsInAnimalForm
N_0x4ed9c8d6da297639	c	SOCIALCLUB	0x4ED9C8D6DA297639	any		
N_0x4f0c413926060b38	c	AUDIO	0x4F0C413926060B38		vehicle:Vehicle,gameObjectName:string	ForceUseAudioGameObject
N_0x4f18196c8d38768d	c	NETWORK	0x4F18196C8D38768D			CloudCheckAvailability
N_0x4f32c0d5a90a9b40	c	CAM	0x4F32C0D5A90A9B40	boolean		IsInVehicleCamDisabled
N_0x4f5070aa58f69279	c	PATHFIND	0x4F5070AA58F69279	boolean	nodeID:integer	GetVehicleNodeIsSwitchedOff
N_0x4f8a26a890fd62fb	c	PAD	0x4F8A26A890FD62FB	number	padIndex:integer,control:integer	GetDisabledControlUnboundNormal
N_0x4fcd976da686580c	c	CUTSCENE	0x4FCD976DA686580C	any	p0:any	
N_0x4fcdbd3f0a813c25	c	STATS	0x4FCDBD3F0A813C25		p0:any,p1:any	
N_0x4fef53183c3c6414	c	STATS	0x4FEF53183C3C6414	boolean		StatSaveMigrationCancel
N_0x5006d96c995a5827	c	PLAYER	0x5006D96C995A5827		x:number,y:number,z:number	ExtendWorldBoundaryForPlayer
N_0x500873a45724c863	c	VEHICLE	0x500873A45724C863		vehicle:Vehicle,propeller:integer	DisableIndividualPlanePropeller
N_0x5009dfd741329729	c	STATS	0x5009DFD741329729		action:string,value:integer	PlaystatsBackgroundScriptAction
N_0x501478855a6074ce	c	STATS	0x501478855A6074CE		p0:any,p1:any,p2:any,p3:any,p4:any,p5:any	PlaystatsEarnedMcPoints
N_0x50276ef8172f5f12	c	WEAPON	0x50276EF8172F5F12		ped:Ped	SetPedCycleVehicleWeaponsOnly
N_0x503f5920162365b2	c	CAM	0x503F5920162365B2		cam:Cam,p1:number,p2:number,p3:number	SetFlyCamHorizontalResponse
N_0x504dfe62a1692296	c	HUD	0x504DFE62A1692296		toggle:boolean	SetInteriorZoomLevelIncreased
N_0x50634e348c8d44ef	c	VEHICLE	0x50634E348C8D44EF	boolean	vehicle:Vehicle	GetVehicleHasKers
N_0x5068f488ddb54dd8	c	STREAMING	0x5068F488DDB54DD8	any		
N_0x5099bc55630b25ae	c	OBJECT	0x5099BC55630B25AE	Object	pickup:Pickup	GetPickupObject
N_0x50a8a36201dbf83e	c	SOCIALCLUB	0x50A8A36201DBF83E	boolean		
N_0x50c375537449f369	c	INTERIOR	0x50C375537449F369		mapObjectHash:Hash	EnableScriptCullModelThisFrame
N_0x50f457823ce6eb5f	c	FILES	0x50F457823CE6EB5F	integer	p0:integer,p1:integer,p2:integer,p3:integer	SetupShopPedApparelQuery
N_0x511f1a683387c7e2	c	PED	0x511F1A683387C7E2	integer	ped:Ped	
N_0x515b4a22e4d3c6d7	c	MONEY	0x515B4A22E4D3C6D7		p0:any,p1:any	NetworkEarnFromAiTargetKill
N_0x516fc96eb88eefe5	c	STATS	0x516FC96EB88EEFE5		p0:integer	PlaystatsBanAlert
N_0x5182a339a3474510	c	MONEY	0x5182A339A3474510		p0:any,p1:any,p2:any	NetworkSpentVipUtilityCharges
N_0x51bb2d88d31a914b	c	VEHICLE	0x51BB2D88D31A914B		vehicle:Vehicle,toggle:boolean	SetVehicleCanLeakOil
N_0x51db102f4a3ba5e0	c	VEHICLE	0x51DB102F4A3BA5E0		toggle:boolean	
N_0x51f1a8e48c3d2f6d	c	NETSHOPPING	0x51F1A8E48C3D2F6D	boolean	slot:integer,transfer:boolean,reason:Hash	NetGameserverDeleteCharacterSlot
N_0x51f30db60626a20e	c	VEHICLE	0x51F30DB60626A20E	boolean	vehicle:Vehicle,x:number,y:number,z:number,rotX:number,rotY:number,rotZ:number,p7:integer,p8:any	
N_0x521638ada1ba0d18	c	NETWORK	0x521638ADA1BA0D18		p0:integer,p1:integer	NetworkApplyTransitionParameter
N_0x523a590c1a3cc0d3	c	HUD	0x523A590C1A3CC0D3			OpenReportugcMenu
N_0x523c79aeefcc4a2a	c	PED	0x523C79AEEFCC4A2A		ped:Ped,p1:integer,p2:string	ClearPedDamageDecalByZone
N_0x524ff0aeff9c3973	c	NETWORK	0x524FF0AEFF9C3973		toggle:boolean	NetworkSetLocalPlayerSyncLookAt
N_0x52818819057f2b40	c	DATAFILE	0x52818819057F2B40	boolean	p0:integer	DatafileSelectUgcPlayerData
N_0x52af537a0c5b8aad	c	OBJECT	0x52AF537A0C5B8AAD	boolean	object:Object	DoesRayfireMapObjectExist
N_0x52d59ab61ddc05dd	c	PED	0x52D59AB61DDC05DD		ped:Ped,toggle:boolean	SetPedHighlyPerceptive
N_0x5324a0e3e4ce3570	c	NETWORK	0x5324A0E3E4CE3570	boolean,integer,integer	p0:any,p1:any	
N_0x533073e8a596008c	c	MONEY	0x533073E8A596008C		p0:any,p1:any	NetworkEarnFromVehicleAutoshop
N_0x5335be58c083e74e	c	VEHICLE	0x5335BE58C083E74E		vehicle:Vehicle	LowerRetractableWheels
N_0x53409b5163d5b846	c	VEHICLE	0x53409B5163D5B846	number	modelHash:Hash	GetVehicleModelEstimatedAgility
N_0x534e36d4db9ecc5d	c	VEHICLE	0x534E36D4DB9ECC5D	boolean	vehicle:Vehicle,tyreIndex:integer	DoesVehicleTyreExist
N_0x5354c5ba2ea868a4	c	HUD	0x5354C5BA2EA868A4		toggle:boolean	RaceGalleryFullscreen
N_0x53af99baa671ca47	c	VEHICLE	0x53AF99BAA671CA47	number	vehicle:Vehicle	GetVehicleEstimatedMaxSpeed
N_0x53afd64c6758f2f9	c	NETWORK	0x53AFD64C6758F2F9	integer		NetworkSessionGetPrivateSlots
N_0x53c10c8bd774f2c9	c	NETWORK	0x53C10C8BD774F2C9	any		
N_0x53c31853ec9531ff	c	STATS	0x53C31853EC9531FF		p0:any	
N_0x53cae13e9b426993	c	STATS	0x53CAE13E9B426993		p0:any	
N_0x53ddc75bc3ac0a90	c	TASK	0x53DDC75BC3AC0A90		vehicle:Vehicle	
N_0x53f4892d18ec90a4	c	MOBILE	0x53F4892D18EC90A4		p0:number	CellCamSetDistance
N_0x5407b7288d0478b7	c	PED	0x5407B7288D0478B7	integer	p0:any	
N_0x54318c915d27e4ce	c	HUD	0x54318C915D27E4CE		blip:Blip,toggle:boolean	SetBlipHiddenOnLegend
N_0x544810ed9db6bbe6	c	AUDIO	0x544810ED9DB6BBE6	boolean		HasLoadedMpDataSet
N_0x544996c0081abdeb	c	VEHICLE	0x544996C0081ABDEB		vehicle:Vehicle,extend:boolean	SetOppressorTransformState
N_0x547237aa71ab44de	c	WATER	0x547237AA71AB44DE		p0:number	
N_0x54b0f614960f4a5f	c	VEHICLE	0x54B0F614960F4A5F	any	p0:number,p1:number,p2:number,p3:number,p4:number,p5:number,p6:number	AddVehicleCombatAngledAvoidanceArea
N_0x54e22ea2c1956a8d	c	GRAPHICS	0x54E22EA2C1956A8D		p0:number	
N_0x54f157e0336a3822	c	MISC	0x54F157E0336A3822		ped:Ped,p1:string,p2:number	
N_0x5501b7a5cdb79d37	c	PLAYER	0x5501B7A5CDB79D37		player:Player	
N_0x551df99658db6ee8	c	HUD	0x551DF99658DB6EE8	any	x:number,y:number,z:number	RaceGalleryAddBlip
N_0x552369f549563ad5	c	AUDIO	0x552369F549563AD5		shouldPlay:boolean	DistantCopCarSirens
N_0x55384438fc55ad8e	c	STATS	0x55384438FC55AD8E		value:integer	
N_0x5539c3ebf104a53a	c	NETWORK	0x5539C3EBF104A53A		p0:boolean	
N_0x55598d21339cb998	c	HUD	0x55598D21339CB998		pos:number	ThefeedSetScriptedMenuHeight
N_0x5574637681911fda	c	MONEY	0x5574637681911FDA		p0:any,p1:any,p2:any,p3:any	
N_0x557e43c447e700a8	c	MISC	0x557E43C447E700A8	boolean	hash:Hash	HasCheatStringJustBeenEntered
N_0x559ebf901a8c68e0	c	NETWORK	0x559EBF901A8C68E0	boolean,integer	gamerHandle?:integer	
N_0x55a1e095db052fa5	c	MONEY	0x55A1E095DB052FA5		p0:any,p1:any	
N_0x55a8becaf28a4eb7	c	STATS	0x55A8BECAF28A4EB7	any		
N_0x55aa95f481d694d2	c	NETWORK	0x55AA95F481D694D2	string	p0:integer	UgcGetContentId
N_0x55df6db45179236e	c	SOCIALCLUB	0x55DF6DB45179236E			ScEmailMessageClearRecipList
N_0x55e86af2712b36a1	c	INTERIOR	0x55E86AF2712B36A1		interior:integer,entitySetName:string	ActivateInteriorEntitySet
N_0x55ecf4d13d9903b0	c	AUDIO	0x55ECF4D13D9903B0		p0:any,p1:any,p2:any,p3:any	
N_0x55f5a5f07134de60	c	HUD	0x55F5A5F07134DE60			
N_0x55fcc0c390620314	c	PLAYER	0x55FCC0C390620314		player1:Player,player2:Player,toggle:boolean	
N_0x560b423d73015e77	c	NETWORK	0x560B423D73015E77	any	p0:any	
N_0x56105e599cab0efa	c	PLAYER	0x56105E599CAB0EFA	integer	player:Player	GetPlayerFakeWantedLevel
N_0x5615e0c5eb2bc6e2	c	PED	0x5615E0C5EB2BC6E2		group:Hash,p1:boolean	SetRelationshipGroupDontAffectWantedLevel
N_0x56176892826a4fe8	c	HUD	0x56176892826A4FE8	Blip	ped:Ped	GetAiBlip
N_0x5619bfa07cfd7833	c	PED	0x5619BFA07CFD7833		ped:Ped,collection:Hash,overlay:Hash	AddPedDecorationFromHashesInCorona
N_0x5626d9d6810730d5	c	NETWORK	0x5626D9D6810730D5			NetworkReportMyself
N_0x563b65a643ed072e	c	VEHICLE	0x563B65A643ED072E	boolean	weaponHash:Hash,vehicle:Vehicle,owner:Ped	IsVehicleWeaponDisabled
N_0x565e430db3b05bec	c	NETWORK	0x565E430DB3B05BEC	boolean	player:Player	NetworkPlayerIndexIsCheater
N_0x567384dfa67029e6	c	STATS	0x567384DFA67029E6	integer		StatGetCancelSaveMigrationStatus
N_0x5687c7f05b39e401	c	PED	0x5687C7F05B39E401		ped:Ped,animDict:string	SetFacialClipsetOverride
N_0x5688585e6d563cd8	c	STATS	0x5688585E6D563CD8		p0:integer	
N_0x56b94c6d7127dfba	c	VEHICLE	0x56B94C6D7127DFBA		vehicle:Vehicle,position:number,p2:boolean	SetVehicleTankTurretPosition
N_0x56c8b608cfd49854	c	HUD	0x56C8B608CFD49854			ThefeedAutoPostGametipsOn
N_0x56ce820830ef040b	c	NETWORK	0x56CE820830EF040B	integer	p0:integer	NetworkSessionGetMatchmakingGroupFree
N_0x56e3b78c5408d9f4	c	PED	0x56E3B78C5408D9F4		ped:Ped,p1:integer	ClearPedBloodDamageByZone
N_0x56eb5e94318d3fb6	c	VEHICLE	0x56EB5E94318D3FB6		vehicle:Vehicle,p1:boolean	
N_0x5702b917b99db1cd	c	PLAYER	0x5702B917B99DB1CD		targetLevel:integer	SetPlayerTargetLevel
N_0x570389d1c3de3c6b	c	PED	0x570389D1C3DE3C6B		ped:Ped	SetPedIncreasedAvoidanceRadius
N_0x571feb383f629926	c	VEHICLE	0x571FEB383F629926		cargobob:Vehicle,toggle:boolean	SetCargobobForceDontDetachVehicle
N_0x576594e8d64375e2	c	PED	0x576594E8D64375E2		ped:Ped,toggle:boolean	SetPedBlocksPathingWhenDead
N_0x577599cced639ca2	c	HUD	0x577599CCED639CA2		allow:boolean	SetAllowCommaOnTextInput
N_0x5776ed562c134687	c	NETWORK	0x5776ED562C134687	boolean	p0:integer	TextureDownloadHasFailed
N_0x57b192b4d4ad23d5	c	NETWORK	0x57B192B4D4AD23D5		toggle:boolean	NetworkOverrideSendRestrictionsAll
N_0x57d760d55f54e071	c	HUD	0x57D760D55F54E071		p0:integer	
N_0x583049884a2eee3c	c	HUD	0x583049884A2EEE3C			ThefeedForceRenderOff
N_0x5835d9cd92e83184	c	NETWORK	0x5835D9CD92E83184	boolean,integer	txdName:string	NetworkClanGetEmblemTxdName
N_0x583df8e3d4afbd98	c	CUTSCENE	0x583DF8E3D4AFBD98	integer		
N_0x5845066d8a1ea7f7	c	VEHICLE	0x5845066D8A1EA7F7		vehicle:Vehicle,x:number,y:number,z:number,p4:any	
N_0x584770794d758c18	c	NETWORK	0x584770794D758C18	boolean,integer	p0:any,p1?:integer	
N_0x58575ac3cf2ca8ec	c	NETWORK	0x58575AC3CF2CA8EC	Hash,integer	networkHandle?:integer	NetworkHashFromGamerHandle
N_0x585847c5e4e11709	c	WEAPON	0x585847C5E4E11709	boolean,integer	ped:Ped,ammoType:Hash,ammo?:integer	GetMaxAmmoByType
N_0x5873c14a52d74236	c	VEHICLE	0x5873C14A52D74236	integer	vehicleModel:Hash	GetVehicleModelValue
N_0x589f80b325cc82c5	c	OBJECT	0x589F80B325CC82C5	boolean,Hash	x:number,y:number,z:number,modelHash:Hash,doorOutPointer?:Hash	DoorSystemFindExistingDoor
N_0x58a39be597ce99cd	c	MISC	0x58A39BE597CE99CD			CancelOnscreenKeyboard
N_0x58a651cd201d89ad	c	STATS	0x58A651CD201D89AD	integer	p0:any	LeaderboardsGetCacheNumberOfRows
N_0x58bb377bec7cd5f4	c	AUDIO	0x58BB377BEC7CD5F4		p0:boolean,p1:boolean	
N_0x58c21165f6545892	c	NETWORK	0x58C21165F6545892		p0:string,p1:string	OpenCommerceStore
N_0x58cc181719256197	c	NETWORK	0x58CC181719256197	integer	p0:any,p1:any,p2:any	NetworkGetDisplaynamesFromHandles
N_0x59328eb08c5ceb2b	c	NETWORK	0x59328EB08C5CEB2B	boolean		
N_0x593570c289a77688	c	NETWORK	0x593570C289A77688	boolean		NetworkGetRosPrivilege_24
N_0x593feae1f73392d4	c	HUD	0x593FEAE1F73392D4	any		
N_0x59424bd75174c9b1	c	CAM	0x59424BD75174C9B1			
N_0x595f028698072dd9	c	NETWORK	0x595F028698072DD9	boolean	p0:integer,p1:integer,p2:boolean	NetworkCheckUserContentPrivileges
N_0x597f8dba9b206fc7	c	NETWORK	0x597F8DBA9B206FC7	any		UgcGetCreatorNum
N_0x5991a01434ce9677	c	VEHICLE	0x5991A01434CE9677	boolean	plane:Vehicle	ArePlaneWingsIntact
N_0x599e4fa1f87eb5ff	c	NETWORK	0x599E4FA1F87EB5FF	integer		NetworkGetRandomInt
N_0x59b9a7af4c95133c	c	PAD	0x59B9A7AF4C95133C	integer		GetLocalPlayerGamepadAimState
N_0x59c3757b3b7408e8	c	VEHICLE	0x59C3757B3B7408E8		vehicle:Vehicle,toggle:boolean,p2:number	
N_0x59d421683d31835a	c	NETWORK	0x59D421683D31835A		p0:any	
N_0x59df79317f85a7e0	c	NETWORK	0x59DF79317F85A7E0	boolean		NetworkJoinPreviouslyFailedSession
N_0x59e7b488451f4d3a	c	AUDIO	0x59E7B488451F4D3A		vehicle:Vehicle,damageFactor:number	SetVehicleAudioEngineDamageFactor
N_0x5a0a3d1a186a5508	c	NETWORK	0x5A0A3D1A186A5508	any		UgcGetModifyResult
N_0x5a34cd9c3c5bec44	c	NETWORK	0x5A34CD9C3C5BEC44	boolean	p0:any	
N_0x5a43c76f7fc7ba5f	c	CAM	0x5A43C76F7FC7BA5F			
N_0x5a556b229a169402	c	STATS	0x5A556B229A169402	boolean		
N_0x5a6aa44ff8e931e6	c	NETWORK	0x5A6AA44FF8E931E6	boolean		NetworkIsTransitionPrivate
N_0x5a6ffa2433e2f14c	c	NETWORK	0x5A6FFA2433E2F14C	boolean	player:Player,x:number,y:number,z:number,radius:number,p5:number,p6:number,p7:number,flags:integer	NetworkStartRespawnSearchForPlayer
N_0x5a7f62fda59759bd	c	PED	0x5A7F62FDA59759BD			
N_0x5aa3befa29f03ad4	c	MISC	0x5AA3BEFA29F03AD4	boolean		AreProfileSettingsValid
N_0x5aa3f878a178c4fc	c	VEHICLE	0x5AA3F878A178C4FC	number	modelHash:Hash	GetBoatVehicleModelAgility
N_0x5aab586ffec0fd96	c	PED	0x5AAB586FFEC0FD96		ped:Ped	ReleasePedPreloadVariationData
N_0x5ad3932daeb1e5d3	c	REPLAY	0x5AD3932DAEB1E5D3			
N_0x5ae17c6b0134b7f1	c	NETWORK	0x5AE17C6B0134B7F1	boolean		NetworkDidGetGamerStatusSucceed
N_0x5b0316762afd4a64	c	GRAPHICS	0x5B0316762AFD4A64	integer		
N_0x5b1f2e327b6b6fe1	c	MISC	0x5B1F2E327B6B6FE1	any		
N_0x5b48a06dd0e792a5	c	STREAMING	0x5B48A06DD0E792A5	any		GetPlayerSwitchInterpOutCurrentTime
N_0x5b4f04f19376a0ba	c	NETWORK	0x5B4F04F19376A0BA	any		NetworkGetPrimaryClanDataSuccess
N_0x5b50abb1fe3746f4	c	AUDIO	0x5B50ABB1FE3746F4	boolean		HasLoadedSpDataSet
N_0x5b6010b3cbc29095	c	PED	0x5B6010B3CBC29095		p0:any,p1:boolean	
N_0x5b73c77d9eb66e24	c	PAD	0x5B73C77D9EB66E24		p0:boolean	
N_0x5b84d09cec5209c5	c	PAD	0x5B84D09CEC5209C5	number	padIndex:integer,control:integer	GetControlUnboundNormal
N_0x5b8ed3db018927b1	c	NETWORK	0x5B8ED3DB018927B1		timeout:integer	NetworkSessionVoiceSetTimeout
N_0x5b91b229243351a8	c	VEHICLE	0x5B91B229243351A8		vehicle:Vehicle,state:boolean	SetVehicleControlsInverted
N_0x5b9853296731e88d	c	AUDIO	0x5B9853296731E88D		p0:any,p1:any,p2:any,p3:any,p4:any,p5:any	
N_0x5ba68a0840d546ac	c	VEHICLE	0x5BA68A0840D546AC	any	p0:any,p1:any	
N_0x5bbcf35bf6e456f7	c	VEHICLE	0x5BBCF35BF6E456F7		toggle:boolean	
N_0x5bcde0f640c773d2	c	MONEY	0x5BCDE0F640C773D2		p0:any,p1:any,p2:any,p3:any	NetworkSpentJukebox
N_0x5bd5f255321c4aaf	c	STATS	0x5BD5F255321C4AAF	any	p0:any	
N_0x5bf29846c6527c54	c	STATS	0x5BF29846C6527C54		p0:any,p1:any,p2:any,p3:any,p4:any	
N_0x5bff36d6ed83e0ae	c	HUD	0x5BFF36D6ED83E0AE	vector3		GetPauseMenuPosition
N_0x5c29f698d404c5e1	c	OBJECT	0x5C29F698D404C5E1		object:Object,state:integer	SetStateOfRayfireMapObject
N_0x5c3b791d580e0bc2	c	ENTITY	0x5C3B791D580E0BC2		entity:Entity,p1:number	
N_0x5c41e6babc9e2112	c	CAM	0x5C41E6BABC9E2112		p0:any	
N_0x5c48a1d6e3b33179	c	CAM	0x5C48A1D6E3B33179	boolean	cam:Cam	
N_0x5c48b75732c8456c	c	ENTITY	0x5C48B75732C8456C		entity1:Entity,entity2:Entity,entityBone:integer,entityBone2:integer,p4:boolean,p5:boolean	AttachEntityBoneToEntityBone
N_0x5c497525f803486b	c	NETWORK	0x5C497525F803486B			
N_0x5c4ebffa98bdb41c	c	SOCIALCLUB	0x5C4EBFFA98BDB41C	integer	token:integer	ScLicenseplateGetIsvalidStatus
N_0x5c707a667df8b9fa	c	NETWORK	0x5C707A667DF8B9FA		toggle:boolean,player:Player	NetworkSetChoiceMigrateOptions
N_0x5c90988e7c8e1af4	c	HUD	0x5C90988E7C8E1AF4	Blip		GetNewSelectedMissionCreatorBlip
N_0x5c90cab09951a12f	c	CAM	0x5C90CAB09951A12F		seatIndex:integer	SetFollowTurretSeatCam
N_0x5cae833b0ee0c500	c	NETWORK	0x5CAE833B0EE0C500	boolean	p0:any	UgcPoliciesMakePrivate
N_0x5cbad97e059e1b94	c	MONEY	0x5CBAD97E059E1B94	integer		NetworkGetVcBalance
N_0x5cdaed54b34b0ed0	c	STATS	0x5CDAED54B34B0ED0		p0:any	
N_0x5ce62918f8d703c7	c	GRAPHICS	0x5CE62918F8D703C7		lowR:integer,lowG:integer,lowB:integer,lowAlpha:integer,R:integer,G:integer,B:integer,Alpha:integer,highR:integer,highG:integer,highB:integer,highAlpha:integer	TerraingridSetColours
N_0x5d10b3795f3fc886	c	NETWORK	0x5D10B3795F3FC886	boolean		NetworkHasReceivedHostBroadcastData
N_0x5d2bfaab8d956e0e	c	AUDIO	0x5D2BFAAB8D956E0E			RefreshClosestOceanShoreline
N_0x5d517b27cf6ecd04	c	PED	0x5D517B27CF6ECD04		id:integer	ReleasePedheadshotImgUpload
N_0x5d5caff661ddf6fc	c	FILES	0x5D5CAFF661DDF6FC	integer	componentHash:Hash,outProp?:integer	GetShopPedProp
N_0x5d7b620dae436138	c	CAM	0x5D7B620DAE436138		xOffset:number	SetGameplayHintAnimOffsetx
N_0x5d96cfb59da076a0	c	CAM	0x5D96CFB59DA076A0		vehicle:Vehicle,p1:integer,p2:number	
N_0x5d97630a8a0ef123	c	MONEY	0x5D97630A8A0EF123		amount:integer,p1:boolean,p2:boolean	NetworkSpentBallisticEquipment
N_0x5da3a8de8cb6226f	c	STATS	0x5DA3A8DE8CB6226F		time:integer	PlaystatsIdleKick
N_0x5da825a85d0ea6e6	c	WEAPON	0x5DA825A85D0EA6E6		weaponObject:Object,camoComponentHash:Hash,colorIndex:integer	SetWeaponObjectLiveryColor
N_0x5db8010ee71fdef2	c	AUDIO	0x5DB8010EE71FDEF2	boolean	vehicle:Vehicle	IsVehicleAudiblyDamaged
N_0x5dbf05db5926d089	c	GRAPHICS	0x5DBF05DB5926D089		p0:any	
N_0x5dc40a8869c22141	c	PLAYER	0x5DC40A8869C22141		player:Player,state:boolean	SetPlayerBluetoothState
N_0x5dc577201723960a	c	NETWORK	0x5DC577201723960A	boolean		NetworkIsTransitionSolo
N_0x5debd9c4dc995692	c	GRAPHICS	0x5DEBD9C4DC995692			
N_0x5e0165278f6339ee	c	NETWORK	0x5E0165278F6339EE	integer	p0:integer	UgcRequestCachedDescription
N_0x5e203da2ba15d436	c	AUDIO	0x5E203DA2BA15D436	Hash	ped:Ped	GetAmbientVoiceNameHash
N_0x5e24341a7f92a74b	c	NETWORK	0x5E24341A7F92A74B	boolean		UgcHasCreateFinished
N_0x5e3aa4ca2b6fb0ee	c	NETWORK	0x5E3AA4CA2B6FB0EE		p0:any	
N_0x5e569ec46ec21cae	c	VEHICLE	0x5E569EC46EC21CAE		vehicle:Vehicle,toggle:boolean	
N_0x5e5e99285ae812db	c	WATER	0x5E5E99285AE812DB			ResetDeepOceanScaler
N_0x5e657ef1099edd65	c	GRAPHICS	0x5E657EF1099EDD65	boolean	briefValue:integer	DoesLatestBriefStringExist
N_0x5e9daf5a20f15908	c	GRAPHICS	0x5E9DAF5A20F15908		p0:number	CascadeShadowsSetEntityTrackerScale
N_0x5ea784d197556507	c	NETWORK	0x5EA784D197556507	boolean		NetworkHaveOnlinePrivilege_2
N_0x5eaad83f8cfb4575	c	OBJECT	0x5EAAD83F8CFB4575	Hash	pickupHash:Hash	GetPickupHash
N_0x5ead2bf6484852e4	c	STATS	0x5EAD2BF6484852E4	boolean		
N_0x5ecb40269053c0d4	c	VEHICLE	0x5ECB40269053C0D4	integer	vehicle:Vehicle	GetVehicleRoofLiveryCount
N_0x5ecd378ee64450ab	c	NETWORK	0x5ECD378EE64450AB		p0:any	
N_0x5ed0356a0ce3a34f	c	NETWORK	0x5ED0356A0CE3A34F	integer		NetworkGetTimeoutTime
N_0x5edef0cf8c1dab3c	c	CUTSCENE	0x5EDEF0CF8C1DAB3C	boolean		
N_0x5ee5632f47ae9695	c	VEHICLE	0x5EE5632F47AE9695		vehicle:Vehicle,health:number	
N_0x5f0f3f56635809ef	c	GRAPHICS	0x5F0F3F56635809EF		p0:number	CascadeShadowsSetCascadeBoundsScale
N_0x5f2013f8bc24ee69	c	STREAMING	0x5F2013F8BC24EE69		style:integer	SetPlayerShortSwitchStyle
N_0x5f35f6732c3fbba0	c	CAM	0x5F35F6732C3FBBA0	number	player:Player	GetFinalRenderedInWhenFriendlyFov
N_0x5f43d83fd6738741	c	AUDIO	0x5F43D83FD6738741	boolean		IsPlayerVehRadioEnable
N_0x5f456788b05faeac	c	MONEY	0x5F456788B05FAEAC		p0:any,p1:any,p2:any	
N_0x5f6df3d92271e8a1	c	GRAPHICS	0x5F6DF3D92271E8A1		toggle:boolean	
N_0x5fbca48327b914df	c	HUD	0x5FBCA48327B914DF		blip:Blip,toggle:boolean	ShowHeadingIndicatorOnBlip
N_0x5fbd7095fe7ae57f	c	HUD	0x5FBD7095FE7AE57F	boolean,number	p0:any,p1?:number	GetMenuPedFloatStat
N_0x5fc472c501ccadb3	c	PLAYER	0x5FC472C501CCADB3	boolean	playerId:Player	GetIsPlayerDrivingOnHighway
N_0x5fd5ed82cbbe9989	c	MONEY	0x5FD5ED82CBBE9989		p0:any,p1:boolean,p2:boolean	NetworkPayEmployeeWage
N_0x5ff2c33b13a02a11	c	STATS	0x5FF2C33B13A02A11		p0:any	
N_0x600048c60d5c2c51	c	PED	0x600048C60D5C2C51		ped:Ped	DisablePedHeatscaleOverride
N_0x600f8cb31c7aab6e	c	NETWORK	0x600F8CB31C7AAB6E		p0:any	
N_0x60190048c0764a26	c	VEHICLE	0x60190048C0764A26	integer	vehicle:Vehicle	GetVehicleRoofLivery
N_0x604e810189ee3a59	c	PED	0x604E810189EE3A59	boolean	colorID:integer	IsPedBlushColorValid
N_0x606e4d3e3cccf3eb	c	NETWORK	0x606E4D3E3CCCF3EB	boolean		NetworkHaveRosSocialClubPriv
N_0x6070104b699b2ef4	c	FIRE	0x6070104B699B2EF4	boolean	explosionType:integer,x1:number,y1:number,z1:number,x2:number,y2:number,z2:number	IsExplosionActiveInArea
N_0x60734cc207c9833c	c	HUD	0x60734CC207C9833C		toggle:boolean	AllowSonarBlips
N_0x609278246a29ca34	c	CAM	0x609278246A29CA34		cam:Cam,p1:integer,p2:integer	AddCamSplineNodeUsingGameplayFrame
N_0x60e892ba4f5bdca4	c	HUD	0x60E892BA4F5BDCA4			ShowSigninUi
N_0x60edd13eb3ac1ff3	c	NETWORK	0x60EDD13EB3AC1FF3	boolean		
N_0x60eedc12af66e846	c	STATS	0x60EEDC12AF66E846		p0:any	
N_0x6100b3cefd43452e	c	TASK	0x6100B3CEFD43452E		p0:any	
N_0x61326ee6df15b0ca	c	MONEY	0x61326EE6DF15B0CA		amount:integer,heistHash:string	NetworkEarnFromBendJob
N_0x613ed644950626ae	c	HUD	0x613ED644950626AE		gamerTagId:integer,component:integer,hudColorIndex:integer	SetMpGamerTagColour
N_0x613f125ba3bd2eb9	c	NETSHOPPING	0x613F125BA3BD2EB9	boolean		
N_0x615d3925e87a3b26	c	GRAPHICS	0x615D3925E87A3B26		checkpoint:integer	
N_0x616093ec6b139dd9	c	OBJECT	0x616093EC6B139DD9		player:Player,pickupHash:Hash,toggle:boolean	ToggleUsePickupsForPlayer
N_0x61631f5df50d1c34	c	AUDIO	0x61631F5DF50D1C34		isPlaceHolder:boolean	SetConversationAudioPlaceholder
N_0x61767f73eaceed21	c	PED	0x61767F73EACEED21	boolean	ped:Ped	WasPedKnockedOut
N_0x617f49c2668e6155	c	NETWORK	0x617F49C2668E6155	integer		
N_0x61a885d3f7cfee9a	c	NETWORK	0x61A885D3F7CFEE9A			UgcClearOfflineQuery
N_0x61bb1d9b3a95d802	c	GRAPHICS	0x61BB1D9B3A95D802		order:integer	SetScriptGfxDrawOrder
N_0x61e111e323419e07	c	STATS	0x61E111E323419E07	Hash	index:integer,spStat:boolean,charStat:boolean,character:integer	GetPackedIntStatKey
N_0x61f95e5bb3e0a8c6	c	GRAPHICS	0x61F95E5BB3E0A8C6		p0:any	
N_0x6216b116083a7cb4	c	MISC	0x6216B116083A7CB4		minBumpiness:number	WaterOverrideSetRippleminbumpiness
N_0x621c6e4729388e41	c	TASK	0x621C6E4729388E41	boolean	ped:Ped	IsPedPlayingBaseClipInScenario
N_0x62374889a4d59f72	c	CAM	0x62374889A4D59F72			
N_0x62454a641b41f3c5	c	OBJECT	0x62454A641B41F3C5		p0:any	
N_0x6274c4712850841e	c	NETWORK	0x6274C4712850841E		vehicle:Vehicle,toggle:boolean	SetNetworkVehicleAsGhost
N_0x629526aba383bcaa	c	STATS	0x629526ABA383BCAA			
N_0x62a0296c1bb1ceb3	c	NETWORK	0x62A0296C1BB1CEB3	boolean		NetworkAcceptInvite
N_0x62ab793144de75dc	c	PED	0x62AB793144DE75DC		ped:Ped,p1:any,p2:boolean	HidePedBloodDamageByZone
N_0x62b9fec9a11f10ef	c	NETWORK	0x62B9FEC9A11F10EF	boolean		FacebookIsSendingData
N_0x62ca17b74c435651	c	VEHICLE	0x62CA17B74C435651	boolean	vehicle:Vehicle	IsAnyEntityAttachedToHandlerFrame
N_0x62e849b7eb28e770	c	HUD	0x62E849B7EB28E770		p0:boolean	
N_0x62ec273d00187dca	c	PED	0x62EC273D00187DCA	integer	x:number,y:number,z:number,radius:number,object:Hash	CreateSynchronizedScene_2
N_0x62ecfcfdee7885d6	c	CAM	0x62ECFCFDEE7885D6			
N_0x631dc5dff4b110e3	c	NETWORK	0x631DC5DFF4B110E3	boolean	player:Player	NetworkIsPlayerFading
N_0x632b2940c67f4ea9	c	HUD	0x632B2940C67F4EA9	boolean,boolean,integer,integer,integer	scaleformHandle:integer	GetMouseEvent
N_0x634148744f385576	c	VEHICLE	0x634148744F385576	boolean	vehicle:Vehicle	IsHeliLandingAreaBlocked
N_0x637822dc2afeebf8	c	PED	0x637822DC2AFEEBF8		ped:Ped	ClearFacialClipsetOverride
N_0x638a3a81733086db	c	NETWORK	0x638A3A81733086DB	integer		NetworkGetInstanceIdOfThisScript
N_0x639431e895b9aa57	c	VEHICLE	0x639431E895B9AA57	boolean	ped:Ped,vehicle:Vehicle,seatIndex:integer,checkSide:boolean,leftSide:boolean	IsEntryPointForSeatClear
N_0x63b406d7884bfa95	c	NETWORK	0x63B406D7884BFA95	any		
N_0x63bb75abedc1f6a0	c	HUD	0x63BB75ABEDC1F6A0		gamerTagId:integer,component:integer,toggle:boolean	SetMpGamerTagVisibility
N_0x63eb2b972a218cac	c	STREAMING	0x63EB2B972A218CAC			
N_0x63ecf581bc70e363	c	OBJECT	0x63ECF581BC70E363		p0:any,p1:any	
N_0x641f272b52e2f0f8	c	OBJECT	0x641F272B52E2F0F8		p0:any,p1:any	
N_0x643ed62d5ea3bebd	c	PAD	0x643ED62D5EA3BEBD			ResetInputMappingScheme
N_0x644546ec5287471b	c	RECORDING	0x644546EC5287471B	boolean		SaveRecordingClip
N_0x6483c25849031c4f	c	STATS	0x6483C25849031C4F	integer	p0:any,p1:any,p2:any,p3?:integer	
N_0x648e7a5434af7969	c	DATAFILE	0x648E7A5434AF7969	boolean,integer	contentId:string,dataCount:integer,contentName:string,description:string,tagsCsv:string,contentTypeName:string	UgcUpdateContent
N_0x6493cf69859b116a	c	CAM	0x6493CF69859B116A			UseVehicleCamStuntSettingsThisUpdate
N_0x649c97d52332341a	c	GRAPHICS	0x649C97D52332341A		p0:any	
N_0x64d779659bc37b19	c	NETWORK	0x64D779659BC37B19	vector3	entity:Entity	
N_0x64e5c4cc82847b73	c	NETWORK	0x64E5C4CC82847B73	boolean		
N_0x64f62afb081e260d	c	NETWORK	0x64F62AFB081E260D			NetworkFinishBroadcastingData
N_0x6501129c9e0ffa05	c	VEHICLE	0x6501129C9E0FFA05		p0:any,p1:any	
N_0x6512765e3be78c50	c	NETWORK	0x6512765E3BE78C50	boolean		NetworkIsTransitionClosedFriends
N_0x651d3228960d08af	c	AUDIO	0x651D3228960D08AF		emitterName:string,entity:Entity	LinkStaticEmitterToEntity
N_0x65287525d951f6be	c	SHAPETEST	0x65287525D951F6BE	integer,boolean,vector3,vector3,Hash,Entity	shapeTestHandle:integer	GetShapeTestResultIncludingMaterial
N_0x65482bfd0923c8a1	c	MONEY	0x65482BFD0923C8A1		p0:any,p1:any,p2:any,p3:any,p4:any,p5:any	
N_0x65499865fca6e5ec	c	OBJECT	0x65499865FCA6E5EC	number	doorHash:Hash	DoorSystemGetOpenRatio
N_0x6551b1f7f6cd46ea	c	STATS	0x6551B1F7F6CD46EA		p0:any	
N_0x6558ac7c17bfef58	c	WEAPON	0x6558AC7C17BFEF58	integer	componentHash:Hash	GetWeaponComponentVariantExtraComponentCount
N_0x658500ae6d723a7e	c	NETWORK	0x658500AE6D723A7E		alpha:integer	SetGhostedEntityAlpha
N_0x6585d955a68452a5	c	PED	0x6585D955A68452A5		ped:Ped	ClearPedEnvDirt
N_0x659cf2ef7f550c4f	c	NETWORK	0x659CF2EF7F550C4F	boolean		NetworkHasGameBeenAltered
N_0x659f9d71f52843f8	c	OBJECT	0x659F9D71F52843F8		p0:any,p1:any	
N_0x65b080555ea48149	c	VEHICLE	0x65B080555EA48149		p0:any	
N_0x65d2ebb47e1cec21	c	MISC	0x65D2EBB47E1CEC21		toggle:boolean	
N_0x65e7e78842e74cdb	c	GRAPHICS	0x65E7E78842E74CDB	integer	scaleformName:string	RequestScaleformMovieWithIgnoreSuperWidescreen
N_0x65faee425de637b0	c	PLAYER	0x65FAEE425DE637B0	boolean	player:Player	IsPlayerBluetoothEnable
N_0x661b5c8654add825	c	CAM	0x661B5C8654ADD825		cam:Cam,toggle:boolean	SetCamControlsMiniMapHeading
N_0x662635855957c411	c	NETWORK	0x662635855957C411	string	index:integer	GetCommerceItemId
N_0x6636c535f6cc2725	c	VEHICLE	0x6636C535F6CC2725	number	vehicle:Vehicle	GetBoatBoomPositionRatio
N_0x6647c5f6f5792496	c	PED	0x6647C5F6F5792496		ped:Ped,p1:boolean	SetPedCanTorsoVehicleIk
N_0x66680a92700f43df	c	PED	0x66680A92700F43DF	boolean	ped:Ped	HasPedPreloadVariationDataFinished
N_0x668fd40bcba5de48	c	PED	0x668FD40BCBA5DE48	Ped	ped:Ped,heading:number,isNetwork:boolean,bScriptHostPed:boolean,p4:any	ClonePedEx
N_0x66972397e0757e7a	c	RECORDING	0x66972397E0757E7A		p0:any,p1:any,p2:any	
N_0x66979acf5102fd2f	c	VEHICLE	0x66979ACF5102FD2F		cargobob:Vehicle,p1:number	SetCargobobPickupMagnetReducedFalloff
N_0x66a49d021870fe88	c	OBJECT	0x66A49D021870FE88			
N_0x66b59cffd78467af	c	NETWORK	0x66B59CFFD78467AF	boolean		NetworkGetRosPrivilege_9
N_0x66c3fb05206041ba	c	AUDIO	0x66C3FB05206041BA		vehicle:Vehicle	TriggerSiren
N_0x66e3aaface2d1eb8	c	VEHICLE	0x66E3AAFACE2D1EB8		p0:any,p1:any,p2:any	
N_0x66e7cb63c97b7d20	c	HUD	0x66E7CB63C97B7D20	any		
N_0x66f010a4b031a331	c	NETWORK	0x66F010A4B031A331	integer	networkHandle?:integer	NetworkSetInviteOnCallForInviteMenu
N_0x673ed815d6e323b7	c	OBJECT	0x673ED815D6E323B7	boolean	garageHash:Hash,p1:boolean,p2:boolean,p3:boolean,p4:any	IsAnyEntityEntirelyInsideGarage
N_0x675721c9f644d161	c	SOCIALCLUB	0x675721C9F644D161			
N_0x675d19c6067cae08	c	MONEY	0x675D19C6067CAE08		p0:any,p1:any,p2:any,p3:any	
N_0x678bb03c1a3bd51e	c	NETWORK	0x678BB03C1A3BD51E	boolean,integer,integer	p0:any,p1:any,p2:any	UgcGetGetByCategory
N_0x678f86d8fc040bdb	c	STATS	0x678F86D8FC040BDB		p0:any	
N_0x67a5589628e0cff6	c	NETWORK	0x67A5589628E0CFF6	boolean		NetworkHasSocialClubAccount
N_0x67eedea1b9bafd94	c	HUD	0x67EEDEA1B9BAFD94			ClearGpsMultiRoute
N_0x67f6413d3220e18d	c	MISC	0x67F6413D3220E18D	integer	x1:number,y1:number,z1:number,x2:number,y2:number,z2:number,p6:number,p7:number,p8:boolean	AddPopMultiplierArea
N_0x67fc09bc554a75e5	c	NETWORK	0x67FC09BC554A75E5	any		
N_0x6805d58caa427b72	c	GRAPHICS	0x6805D58CAA427B72		binkMovie:integer,shouldSkip:boolean	SetBinkShouldSkip
N_0x68103e2247887242	c	NETWORK	0x68103E2247887242			
N_0x6816fb4416760775	c	MONEY	0x6816FB4416760775	integer,integer	p0:any	NetworkEarnFromJobBonus
N_0x684a41975f077262	c	MISC	0x684A41975F077262	boolean		IsInPowerSavingMode
N_0x6856ec3d35c81ea4	c	MISC	0x6856EC3D35C81EA4	integer		GetTotalSuccessfulStuntJumps
N_0x685d5561680d088b	c	VEHICLE	0x685D5561680D088B		vehicle:Vehicle,p1:number	SetCargobobPickupMagnetFalloff
N_0x68772db2b2526f9f	c	PED	0x68772DB2B2526F9F	boolean	ped:Ped,x:number,y:number,z:number,radius:number	IsAnyHostilePedNearPoint
N_0x687c0b594907d2e8	c	PED	0x687C0B594907D2E8		ped:Ped	ClearPedStoredHatProp
N_0x68b562e124cc0aef	c	ENTITY	0x68B562E124CC0AEF		p0:any,p1:any	
N_0x68f01422be1d838f	c	STATS	0x68F01422BE1D838F		profileSetting:integer,value:integer	StatSetProfileSettingValue
N_0x68f8be6af5cdf8a6	c	WEAPON	0x68F8BE6AF5CDF8A6		ped:Ped,loadoutHash:Hash	GiveLoadoutToPed
N_0x690a61a6d13583f6	c	PLAYER	0x690A61A6D13583F6	boolean	player:Player	
N_0x690b76bd2763e068	c	SAVEMIGRATION	0x690B76BD2763E068	any		
N_0x692d58df40657e8c	c	NETWORK	0x692D58DF40657E8C	boolean,integer	p0:any,p1:any,p2:any,p4:any,p5:boolean	
N_0x692d808c34a82143	c	DATAFILE	0x692D808C34A82143	boolean	contentId:string,rating:number,contentTypeName:string	UgcSetPlayerData
N_0x693478acbd7f18e7	c	MISC	0x693478ACBD7F18E7			
N_0x694e00132f2823ed	c	ENTITY	0x694E00132F2823ED		entity:Entity,toggle:boolean	SetEntityRequiresMoreExpensiveRiverCheck
N_0x697f508861875b42	c	NETWORK	0x697F508861875B42	boolean,boolean	contextHash:Hash,nameHash:Hash,value?:boolean	NetworkRegisterTunableBoolHash
N_0x699e4a5c8c893a18	c	SOCIALCLUB	0x699E4A5C8C893A18	boolean,integer	p0:integer,p1:string,p2?:integer	
N_0x69c922b677621428	c	STATS	0x69C922B677621428		p0:any,p1:any	PlaystatsCarclubPrize
N_0x69ef772b192614c1	c	MONEY	0x69EF772B192614C1		p0:any,p1:any,p2:any,p3:any	
N_0x69fe6dc87bd2a5e9	c	MISC	0x69FE6DC87BD2A5E9		value:any	AddReplayStatValue
N_0x6a03bf943d767c93	c	PED	0x6A03BF943D767C93	boolean	ped:Ped	IsPedInHighCover
N_0x6a12d88881435dca	c	GRAPHICS	0x6A12D88881435DCA			FreeMemoryForLowQualityPhoto
N_0x6a1738b4323fe2d9	c	HUD	0x6A1738B4323FE2D9		gxtEntryHash:Hash	OverrideMultiplayerChatPrefix
N_0x6a445b64ed7abeb5	c	MONEY	0x6A445B64ED7ABEB5		bank:integer,p1:boolean,p2:boolean	NetworkSpentFromRockstar
N_0x6a51f78772175a51	c	GRAPHICS	0x6A51F78772175A51		toggle:boolean	
N_0x6a5d89d7769a40d8	c	NETWORK	0x6A5D89D7769A40D8		toggle:boolean	
N_0x6a60e43998228229	c	STATS	0x6A60E43998228229		p0:any	
N_0x6a7f19756f1a9016	c	STATS	0x6A7F19756F1A9016	boolean		
N_0x6a973569ba094650	c	VEHICLE	0x6A973569BA094650		vehicle:Vehicle,p1:any	
N_0x6ad0bd5e087866cb	c	DATAFILE	0x6AD0BD5E087866CB		p0:any	
N_0x6adaabd3068c5235	c	VEHICLE	0x6ADAABD3068C5235	boolean		HasVehiclePhoneExplosiveDevice
N_0x6afd2cd753feef83	c	SOCIALCLUB	0x6AFD2CD753FEEF83	boolean	data:string	ScInboxMessageSendBountyPresenceEvent
N_0x6b07b9ce4d390375	c	NETWORK	0x6B07B9CE4D390375		p0:boolean	NetworkBlockKickedPlayers
N_0x6b0e6172c9a4d902	c	PED	0x6B0E6172C9A4D902		p0:boolean	SetAmbientPedsDropMoney
N_0x6b1de27ee78e6a19	c	HUD	0x6B1DE27EE78E6A19		hudColorIndex:integer	FlashMinimapDisplayWithColor
N_0x6b7e4fb50d5f3d65	c	MONEY	0x6B7E4FB50D5F3D65		p0:any,p1:any,p2:any,p3:any,p4:any	
N_0x6bab9442830c7f53	c	OBJECT	0x6BAB9442830C7F53		doorHash:Hash,state:integer,requestDoor:boolean,forceUpdate:boolean	DoorSystemSetDoorState
N_0x6bc0acd0673acebe	c	STATS	0x6BC0ACD0673ACEBE	integer,integer	p0:any	
N_0x6bc97f4f4bb3c04b	c	PLAYER	0x6BC97F4F4BB3C04B		player:Player,toggle:boolean	SetPlayerInvincibleKeepRagdollEnabled
N_0x6bccf9948492fd85	c	STATS	0x6BCCF9948492FD85		p0:any,p1:any,p2:any,p3:any,p4:any	
N_0x6bfb12ce158e3dd4	c	SOCIALCLUB	0x6BFB12CE158E3DD4	boolean	p0:any	
N_0x6bff5f84102df80a	c	NETWORK	0x6BFF5F84102DF80A		player:Player	
N_0x6c0e2e0125610278	c	NETWORK	0x6C0E2E0125610278	Player	ped:Ped	NetworkGetPlayerIndexFromPed
N_0x6c34f1208b8923fd	c	NETWORK	0x6C34F1208B8923FD	any	p0:any	NetworkGetRespawnResultFlags
N_0x6cc86e78358d5119	c	DATAFILE	0x6CC86E78358D5119			DatafileClearWatchList
N_0x6cd5a433374d4cfb	c	PED	0x6CD5A433374D4CFB	boolean	ped1:Ped,ped2:Ped	CanPedSeeHatedPed
N_0x6cd79468a1e595c6	c	PAD	0x6CD79468A1E595C6	boolean	padIndex:integer	
N_0x6cdd58146a436083	c	HUD	0x6CDD58146A436083		toggle:boolean	SetUseWaypointAsDestination
N_0x6ce177d014502e8a	c	ENTITY	0x6CE177D014502E8A		entity:Entity	EnableEntityUnk
N_0x6ce50e47f5543d0c	c	NETWORK	0x6CE50E47F5543D0C			
N_0x6cebe002e58dee97	c	FILES	0x6CEBE002E58DEE97	integer	componentHash:Hash	
N_0x6d03bfbd643b2a02	c	NETWORK	0x6D03BFBD643B2A02	integer,integer,integer		NetworkGetGlobalMultiplayerClock
N_0x6d4cb481fac835e8	c	NETWORK	0x6D4CB481FAC835E8	boolean	offset:integer,count:integer,contentTypeName:string,p3:integer	UgcQueryRecentlyCreatedContent
N_0x6d6840cee8845831	c	BRAIN	0x6D6840CEE8845831		action:string	
N_0x6d6af961b72728ae	c	VEHICLE	0x6D6AF961B72728AE		vehicle:Vehicle	ClearVehicleRouteHistory
N_0x6d8eac07506291fb	c	VEHICLE	0x6D8EAC07506291FB		cargobob:Vehicle,p1:number	SetCargobobPickupMagnetPullRopeLength
N_0x6d955f6a9e0295b1	c	GRAPHICS	0x6D955F6A9E0295B1		x:number,y:number,z:number,radius:number,p4:number,p5:number,p6:number	GrassLodShrinkScriptAreas
N_0x6dd05e9d83efa4c9	c	HUD	0x6DD05E9D83EFA4C9		player:Player,username:string,crewIsPrivate:boolean,crewIsRockstar:boolean,crewName:string,crewRank:integer,crewR:integer,crewG:integer,crewB:integer	CreateMpGamerTagWithCrewColor
N_0x6dd8f5aa635eb4b2	c	GRAPHICS	0x6DD8F5AA635EB4B2	number,number	x:number,y:number	GetScriptGfxPosition
N_0x6ddbf9dffc4ac080	c	GRAPHICS	0x6DDBF9DFFC4AC080		p0:boolean	CascadeShadowsSetAircraftMode
N_0x6dee77aff8c21bd1	c	STATS	0x6DEE77AFF8C21BD1	boolean,integer,integer		
N_0x6dee944e1ee90cfb	c	VEHICLE	0x6DEE944E1EE90CFB		vehicle:Vehicle,val:integer	SetVehicleReduceTraction
N_0x6e04f06094c87047	c	MISC	0x6E04F06094C87047	boolean		GetIsAutoSaveOff
N_0x6e0a5253375c4584	c	STATS	0x6E0A5253375C4584	any		
N_0x6e0eb3eb47c8d7aa	c	HUD	0x6E0EB3EB47C8D7AA	boolean		IsMpGamerTagMovieActive
N_0x6e31b91145873922	c	HUD	0x6E31B91145873922	boolean	x:number,y:number,z:number	GetMinimapFowCoordinateIsRevealed
N_0x6e4361ff3e8cd7ca	c	PLAYER	0x6E4361FF3E8CD7CA	any	p0:any	
N_0x6e91b04e08773030	c	BRAIN	0x6E91B04E08773030		action:string	
N_0x6ea318c91c1a8786	c	MONEY	0x6EA318C91C1A8786		p0:integer,p1:string,p2:integer	NetworkEarnFromDailyObjectives
N_0x6eaaefc76acc311f	c	VEHICLE	0x6EAAEFC76ACC311F	any	p0:any	
N_0x6ebfb22d646ffc18	c	VEHICLE	0x6EBFB22D646FFC18		vehicle:Vehicle,p1:boolean	
N_0x6ef54ab721dc6242	c	HUD	0x6EF54AB721DC6242			RemoveWarningMessageListItems
N_0x6f1554b0cc2089fa	c	HUD	0x6F1554B0CC2089FA		toggle:boolean	ThefeedOnlyShowTooltips
N_0x6f2135b6129620c1	c	MISC	0x6F2135B6129620C1		toggle:boolean	
N_0x6f259f82d873b8b8	c	AUDIO	0x6F259F82D873B8B8	boolean		IsMissionCompleteReadyForUi
N_0x6f361b8889a792a3	c	STATS	0x6F361B8889A792A3			
N_0x6f44cbf56d79fac0	c	NETWORK	0x6F44CBF56D79FAC0	string	index:integer,index2:integer	GetCommerceItemCat
N_0x6f60e89a7b64ee1d	c	GRAPHICS	0x6F60E89A7B64EE1D	integer	effectName:string,entity:Entity,xOffset:number,yOffset:number,zOffset:number,xRot:number,yRot:number,zRot:number,scale:number,xAxis:boolean,yAxis:boolean,zAxis:boolean	StartNetworkedParticleFxLoopedOnEntity
N_0x6f697a66ce78674e	c	NETWORK	0x6F697A66CE78674E		team:integer,toggle:boolean	NetworkOverrideTeamRestrictions
N_0x6f72cd94f7b5b68c	c	HUD	0x6F72CD94F7B5B68C	boolean		IsOnlinePoliciesMenuActive
N_0x6f7794f28c6b2535	c	MISC	0x6F7794F28C6B2535	integer	name:string	RegisterTextLabelToSave_2
N_0x6fb7bb3607d27fa2	c	NETWORK	0x6FB7BB3607D27FA2	any		
N_0x6fcf8ddea146c45b	c	MONEY	0x6FCF8DDEA146C45B	boolean	p0:any	
N_0x6fd97159fe3c971a	c	MONEY	0x6FD97159FE3C971A		p0:any,p1:any,p2:any,p3:any	
N_0x6fd992c4a1c1b986	c	NETWORK	0x6FD992C4A1C1B986			
N_0x6fddad856e36988a	c	AUDIO	0x6FDDAD856E36988A		vehicle:Vehicle,active:boolean	SetPlayerVehicleAlarmAudioActive
N_0x6fddf453c0c756ec	c	MISC	0x6FDDF453C0C756EC	boolean		
N_0x700569dba175a77c	c	SOCIALCLUB	0x700569DBA175A77C	integer	token:integer	ScLicenseplateGetCount
N_0x701fda1e82076ba4	c	OBJECT	0x701FDA1E82076BA4			
N_0x702bc4d605522539	c	NETWORK	0x702BC4D605522539		p0:any	
N_0x7033eefd9b28088e	c	STATS	0x7033EEFD9B28088E		p0:any	
N_0x703cc7f60cbb2b57	c	MISC	0x703CC7F60CBB2B57		p0:any	
N_0x703f12425eca8bf5	c	NETWORK	0x703F12425ECA8BF5	string	p0:any	UgcGetContentUserName
N_0x705a276ebff3133d	c	CAM	0x705A276EBFF3133D	boolean		
N_0x705a844002b39dc0	c	PATHFIND	0x705A844002B39DC0	boolean		IsNavmeshRequiredRegionOwnedByAnyThread
N_0x706b5edcaa7fa663	c	MISC	0x706B5EDCAA7FA663		x:number,y:number,z:number,heading:number	SetRestartCustomPosition
N_0x70894bd0915c5bca	c	CAM	0x70894BD0915C5BCA		zoomFactor:number	SetFirstPersonAimCamZoomFactor
N_0x708bdd8cd795b043	c	CUTSCENE	0x708BDD8CD795B043	boolean		HasCutsceneCutThisFrame
N_0x70a382adec069dd3	c	PLAYER	0x70A382ADEC069DD3		coordX:number,coordY:number,coordZ:number	
N_0x70b8ec8fc108a634	c	AUDIO	0x70B8EC8FC108A634		override:boolean,windElevationHashName:Hash	ScriptOverridesWindElevation
N_0x70ea8da57840f9be	c	NETWORK	0x70EA8DA57840F9BE	boolean	p0:any	UgcGetContentHasPlayerRecord
N_0x710bcda8071eded1	c	SOCIALCLUB	0x710BCDA8071EDED1	boolean		
N_0x711794453cfd692b	c	PED	0x711794453CFD692B		p0:any,p1:any	
N_0x7148e0f43d11f0d9	c	PLAYER	0x7148E0F43D11F0D9			
N_0x715135f4b82ac90d	c	NETWORK	0x715135F4B82AC90D		entity:Entity	RemoveAllStickyBombsFromEntity
N_0x717e4d1f2048376d	c	TASK	0x717E4D1F2048376D	string	ped:Ped	GetTaskMoveNetworkState
N_0x71862b1d855f32e1	c	STATS	0x71862B1D855F32E1		name:string,p1:any,p2:any,p3:any	PlaystatsRandomMissionDone
N_0x71b008056e5692d6	c	STATS	0x71B008056E5692D6			
N_0x71b74d2ae19338d0	c	CUTSCENE	0x71B74D2AE19338D0	boolean	flag:integer	IsCutscenePlaybackFlagSet
N_0x71bdb63dbaf8da59	c	HUD	0x71BDB63DBAF8DA59		hole:integer	SetMinimapGolfCourse
N_0x71dc455f5cd1c2b1	c	NETWORK	0x71DC455F5CD1C2B1	boolean,integer	networkHandle?:integer	NetworkHasInviteBeenAcked
N_0x71e7b2e657449aad	c	STREAMING	0x71E7B2E657449AAD	any		
N_0x71eab450d86954a1	c	PED	0x71EAB450D86954A1	integer	ped:Ped	GetPedDecorationsState
N_0x71fb0ebcd4915d56	c	NETWORK	0x71FB0EBCD4915D56	boolean	p0:any,p1:any,p2:any,p3:any	NetworkDoTransitionQuickmatch
N_0x722f5d28b61c5ea8	c	NETWORK	0x722F5D28B61C5EA8	string	index:integer	GetCommerceItemTexturename
N_0x723c1ce13fbfdb67	c	STATS	0x723C1CE13FBFDB67		p0:any,p1:any	
N_0x7241ccb7d020db69	c	INTERIOR	0x7241CCB7D020DB69		entity:Entity,toggle:boolean	
N_0x7242f8b741ce1086	c	NETWORK	0x7242F8B741CE1086	boolean	netId:integer	NetworkIsNetworkIdAClone
N_0x725012a415dba050	c	VEHICLE	0x725012A415DBA050	any,integer	p0:any,p2:any	
N_0x726e0375c7a26368	c	NETWORK	0x726E0375C7A26368			NetworkRemoveAllTransitionInvite
N_0x728c4cc7920cd102	c	NETWORK	0x728C4CC7920CD102	any	p0:any	NetworkGetPresenceInvitePlaylistCurrent
N_0x7295c203dd659dfe	c	CAM	0x7295C203DD659DFE			
N_0x729e3401f0430686	c	NETWORK	0x729E3401F0430686	boolean	animDict:string,animName:string	NetworkClanAnimation
N_0x72beccf4b829522e	c	VEHICLE	0x72BECCF4B829522E		p0:any,p1:any	
N_0x72c1056d678bb7d8	c	HUD	0x72C1056D678BB7D8		weaponHash:Hash	HudSetWeaponWheelTopSlot
N_0x72d0706cd6ccdb58	c	NETWORK	0x72D0706CD6CCDB58			ReleaseAllCommerceItemImages
N_0x72d918c99bcacc54	c	NETWORK	0x72D918C99BCACC54	boolean	p0:integer	NetworkHaveUserContentPrivileges
N_0x72dd432f3cdfc0ee	c	HUD	0x72DD432F3CDFC0EE		posX:number,posY:number,posZ:number,radius:number,p4:integer	TriggerSonarBlip
N_0x72de52178c291cb5	c	MISC	0x72DE52178C291CB5	boolean		QueueMissionRepeatLoad
N_0x72eb7ba9b69bf6ab	c	NETSHOPPING	0x72EB7BA9B69BF6AB	boolean		
N_0x73001e34f85137f8	c	STATS	0x73001E34F85137F8		p0:any	
N_0x7303e27cc6532080	c	MONEY	0x7303E27CC6532080	boolean,integer	p0:any,p1:boolean,p2:boolean,p3:boolean,p5:any	NetworkCanSpendMoney_2
N_0x733adf241531e5c2	c	AUDIO	0x733ADF241531E5C2		variableName:string,value:number	SetVariableOnUnderWaterStream
N_0x733c87d4ce22bea2	c	PED	0x733C87D4CE22BEA2		ped:Ped	
N_0x734e1714d077da9a	c	OBJECT	0x734E1714D077DA9A		p0:any,p1:any	
N_0x7350823473013c02	c	PED	0x7350823473013C02	boolean	ped:Ped	HaveAllStreamingRequestsCompleted
N_0x73561d4425a021a2	c	VEHICLE	0x73561D4425A021A2		p0:any,p1:any	
N_0x7368e683bb9038d6	c	NETWORK	0x7368E683BB9038D6		entity:Entity	NetworkUnregisterNetworkedEntity
N_0x736d7aa1b750856b	c	GRAPHICS	0x736D7AA1B750856B		x1:number,y1:number,z1:number,x2:number,y2:number,z2:number,x3:number,y3:number,z3:number,red1:number,green1:number,blue1:number,alpha1:integer,red2:number,green2:number,blue2:number,alpha2:integer,red3:number,green3:number,blue3:number,alpha3:integer,textureDict:string,textureName:string,u1:number,v1:number,w1:number,u2:number,v2:number,w2:number,u3:number,v3:number,w3:number	DrawSpritePoly_2
N_0x737e398138550fff	c	VEHICLE	0x737E398138550FFF		vehicle:Vehicle,toggle:boolean	
N_0x741a3d8380319a81	c	NETWORK	0x741A3D8380319A81			
N_0x742b58f723233ed9	c	NETWORK	0x742B58F723233ED9	any	p0:any	
N_0x74513ea3e505181e	c	HUD	0x74513EA3E505181E		blip:Blip,toggle:boolean	ShowTickOnBlip
N_0x74698374c45701d2	c	NETWORK	0x74698374C45701D2	boolean		NetworkIsOfflineInvitePending
N_0x74732c6ca90da2b4	c	NETWORK	0x74732C6CA90DA2B4	boolean		NetworkSessionIsClosedCrew
N_0x74a0fd0688f1ee45	c	NETSHOPPING	0x74A0FD0688F1EE45	integer	p0:integer	
N_0x74bd83ea840f6bc9	c	CAM	0x74BD83EA840F6BC9	boolean		IsAimCamThirdPersonActive
N_0x74c180030fde4b69	c	GRAPHICS	0x74C180030FDE4B69		toggle:boolean	EnableMovieKeyframeWait
N_0x74de2e8739086740	c	STREAMING	0x74DE2E8739086740			AllowPlayerSwitchOutro
N_0x74fb3e29e6d10fa9	c	NETWORK	0x74FB3E29E6D10FA9	integer		
N_0x75262fd12d0a1c84	c	AUDIO	0x75262FD12D0A1C84	integer	netId:integer	GetSoundIdFromNetworkId
N_0x7543bb439f63792b	c	NETWORK	0x7543BB439F63792B	boolean,integer	bufferSize:integer	NetworkClanIsRockstarClan
N_0x754615490a029508	c	NETWORK	0x754615490A029508	integer		
N_0x755d6d5267cbbd7e	c	VEHICLE	0x755D6D5267CBBD7E	boolean	plane:Vehicle	ArePlanePropellersIntact
N_0x75627043c6aa90ad	c	VEHICLE	0x75627043C6AA90AD		vehicle:Vehicle	DisableVehicleWorldCollision
N_0x75632c5ecd7ed843	c	SOCIALCLUB	0x75632C5ECD7ED843	boolean,integer	string:string,token?:integer	ScProfanityCheckString
N_0x756ae6e962168a04	c	VEHICLE	0x756AE6E962168A04		vehicle:Vehicle,toggle:boolean	SetVehicleRampUpwardsLaunchMotion
N_0x75773e11ba459e90	c	AUDIO	0x75773E11BA459E90		hash:Hash,toggle:boolean	OverrideMicrophoneSettings
N_0x7583b4be4c5a41b5	c	STATS	0x7583B4BE4C5A41B5	integer	statName:Hash	StatGetNumberOfMinutes
N_0x758a5c1b3b1e1990	c	OBJECT	0x758A5C1B3B1E1990		p0:any	ForcePickupRegenerate
N_0x759299c5bb31d2a9	c	NETWORK	0x759299C5BB31D2A9	any	p0:any,p1:any	UgcGetContentRatingCount
N_0x759650634f07b6b4	c	GRAPHICS	0x759650634F07B6B4	boolean	p0:integer	
N_0x75a16c3da34f1245	c	HUD	0x75A16C3DA34F1245		blip:Blip,toggle:boolean	ShowHeightOnBlip
N_0x75ba1cb3b7d40caf	c	PED	0x75BA1CB3B7D40CAF		ped:Ped,p1:boolean	
N_0x75d3691713c3b05a	c	HUD	0x75D3691713C3B05A			OpenSocialClubMenu
N_0x760910b49d2b98ea	c	SCRIPT	0x760910B49D2B98EA			
N_0x761b77454205a61d	c	HUD	0x761B77454205A61D		p0:string,p1:integer	AddTextComponentSubstringPhoneNumber
N_0x762db2d380b48d04	c	OBJECT	0x762DB2D380B48D04		p0:any	
N_0x7669f9e39dc17063	c	HUD	0x7669F9E39DC17063			DisplayHudWhenDeadThisFrame
N_0x7679cc1bcebe3d4c	c	HUD	0x7679CC1BCEBE3D4C		hudIndex:integer,x:number,y:number	SetFloatingHelpTextScreenPosition
N_0x768ff8961ba904d6	c	GRAPHICS	0x768FF8961BA904D6	boolean	method_return:integer	IsScaleformMovieMethodReturnValueReady
N_0x769951e2455e2eb5	c	NETWORK	0x769951E2455E2EB5	any		UgcGetContentTotal
N_0x76b3f29d3f967692	c	NETWORK	0x76B3F29D3F967692		p0:any,p1:any	
N_0x76bba2cee66d47e9	c	PED	0x76BBA2CEE66D47E9	integer	ped:Ped	GetPedEyeColor
N_0x76bf03fadbf154f5	c	NETWORK	0x76BF03FADBF154F5	boolean		NetworkHasSocialNetworkingSharingPriv
N_0x76d26a22750e849e	c	VEHICLE	0x76D26A22750E849E		vehicle:Vehicle	
N_0x76d9b976c4c09fde	c	NETWORK	0x76D9B976C4C09FDE	boolean		NetworkHasFollowInvite
N_0x76ef28da05ea395a	c	MONEY	0x76EF28DA05EA395A	integer		NetworkGetVcBankBalance
N_0x774bd811f656a122	c	AUDIO	0x774BD811F656A122		radioStation:string,toggle:boolean	SetRadioStationMusicOnly
N_0x7792424aa0eac32e	c	HUD	0x7792424AA0EAC32E			ClearDynamicPauseMenuErrorMessage
N_0x77c3cec46be286f6	c	CAM	0x77C3CEC46BE286F6	Cam		GetDebugCamera
N_0x77e2dd177910e1cf	c	HUD	0x77E2DD177910E1CF		x:number,y:number	SetFakePausemapPlayerPositionThisFrame
N_0x77f16b447824da6c	c	HUD	0x77F16B447824DA6C		pageId:integer	PauseMenuceptionGoDeeper
N_0x77f33f2ccf64b3aa	c	OBJECT	0x77F33F2CCF64B3AA		object:Object,toggle:boolean	SetObjectForceVehiclesToAvoid
N_0x77faddcbe3499df7	c	NETWORK	0x77FADDCBE3499DF7		p0:any	
N_0x77fe3402004cd1b0	c	GRAPHICS	0x77FE3402004CD1B0		string:string	ScaleformMovieMethodAddParamLiteralString
N_0x7808619f31ff22db	c	NETWORK	0x7808619F31FF22DB	any		
N_0x7813e8b8c4ae4799	c	OBJECT	0x7813E8B8C4AE4799		pickup:Pickup	
N_0x781de8fa214e87d2	c	PED	0x781DE8FA214E87D2		ped:Ped,name:string	SetMovementModeOverride
N_0x78321bea235fd8cd	c	NETWORK	0x78321BEA235FD8CD	boolean	p0:any,p1:boolean	
N_0x784002a632822099	c	PED	0x784002A632822099	boolean	ped:Ped	HasPedPreloadPropDataFinished
N_0x784ba7e0eceb4178	c	HUD	0x784BA7E0ECEB4178		hudIndex:integer,x:number,y:number,z:number	SetFloatingHelpTextWorldPosition
N_0x78857fc65cadb909	c	OBJECT	0x78857FC65CADB909		p0:boolean	SetLocalPlayerCanCollectPortablePickups
N_0x788e7fd431bd67f1	c	HUD	0x788E7FD431BD67F1		hudIndex:integer,style:integer,hudColor:integer,alpha:integer,arrowPosition:integer,boxOffset:integer	SetFloatingHelpTextStyle
N_0x78c0d93253149435	c	STREAMING	0x78C0D93253149435	integer		GetPlayerSwitchJumpCutIndex
N_0x78c4e9961db3eb5b	c	PED	0x78C4E9961DB3EB5B		ped:Ped,p1:integer	SetPedClothPackageIndex
N_0x78ceee41f49f421f	c	VEHICLE	0x78CEEE41F49F421F		p0:any,p1:any	
N_0x78e8e3a640178255	c	ENTITY	0x78E8E3A640178255		entity:Entity	
N_0x792271ab35c356a4	c	STATS	0x792271AB35C356A4		p0:any,p1:any	HiredLimo
N_0x793ff272d5b365f4	c	NETWORK	0x793FF272D5B365F4	any		
N_0x796a877e459b99ea	c	VEHICLE	0x796A877E459B99EA		p0:any,p1:number,p2:number,p3:number	
N_0x796a87b3b68d1f3d	c	NETWORK	0x796A87B3B68D1F3D	boolean,integer	p0?:integer	NetworkSetCurrentDataManagerHandle
N_0x797f9c5e661d920e	c	NETWORK	0x797F9C5E661D920E		amount:integer	ReserveNetworkLocalObjects
N_0x799017f9e3b10112	c	GRAPHICS	0x799017F9E3B10112		x:number,y:number,z:number,radius:number,r:integer,g:integer,b:integer,opacity:number	DrawSphere
N_0x79ab33f0fbfac40c	c	STATS	0x79AB33F0FBFAC40C		p0:any	PlaystatsAcquiredHiddenPackage
N_0x79c0e43eb9b944e2	c	CAM	0x79C0E43EB9B944E2	boolean	hash:Hash	SetTableGamesCameraThisUpdate
N_0x79d310a861697cc9	c	STATS	0x79D310A861697CC9		profileSetting:integer,settingValue:integer	
N_0x79df7e806202ce01	c	VEHICLE	0x79DF7E806202CE01		vehicle:Vehicle,range:integer	SetVehicleExtendedRemovalRange
N_0x79edac677ca62f81	c	NETSHOPPING	0x79EDAC677CA62F81	boolean	transactionId:integer	
N_0x7a42b2e236e71415	c	GRAPHICS	0x7A42B2E236E71415			
N_0x7a73d05a607734c7	c	AUDIO	0x7A73D05A607734C7		ped:Ped	StopCurrentPlayingSpeech
N_0x7ac24eab6d74118d	c	GRAPHICS	0x7AC24EAB6D74118D	boolean	p0:boolean	
N_0x7ac752103856fb20	c	NETWORK	0x7AC752103856FB20		toggle:boolean	NetworkSetScriptReadyForEvents
N_0x7ae0589093a2e088	c	HUD	0x7AE0589093A2E088	any	chTitle:string,iconType:integer,chSubtitle:string,isImportant:boolean,titleColor:integer,p5:boolean	EndTextCommandThefeedPostUnlockTuWithColor
N_0x7b18da61f6bae9d5	c	STATS	0x7B18DA61F6BAE9D5		p0:any	
N_0x7b21e0bb01e8224a	c	HUD	0x7B21E0BB01E8224A		color:integer	SetMainPlayerBlipColour
N_0x7b226c785a52a0a9	c	GRAPHICS	0x7B226C785A52A0A9	boolean		IsScreenblurFadeRunning
N_0x7b5280eba9840c72	c	HUD	0x7B5280EBA9840C72	string	labelName:string	GetFilenameForAudioConversation
N_0x7b7723747ccb55b6	c	HUD	0x7B7723747CCB55B6		gamerTagId:integer,string:string	SetMpGamerTagBigText
N_0x7b8a361c1813fbef	c	CAM	0x7B8A361C1813FBEF			IgnoreMenuPreferenceForBonnetCameraThisUpdate
N_0x7bae68775557ae0b	c	PLAYER	0x7BAE68775557AE0B		p0:any,p1:any,p2:any,p3:any,p4:any,p5:any	
N_0x7bbe7ff626a591fe	c	VEHICLE	0x7BBE7FF626A591FE		p0:any	
N_0x7bf1a54ae67ac070	c	CAM	0x7BF1A54AE67AC070		cam:Cam,p1:integer,flags:integer	SetCamSplineNodeExtraFlags
N_0x7c0043fdff6436bc	c	VEHICLE	0x7C0043FDFF6436BC		vehicle:Vehicle	DetachContainerFromHandlerFrame
N_0x7c06330bfdda182e	c	VEHICLE	0x7C06330BFDDA182E		vehicle:Vehicle	StopBringVehicleToHalt
N_0x7c226d5346d4d10a	c	HUD	0x7C226D5346D4D10A		p0:any	
N_0x7c4fccd2e4deb394	c	MONEY	0x7C4FCCD2E4DEB394	boolean		
N_0x7c814d2fb49f40c0	c	PLAYER	0x7C814D2FB49F40C0	boolean		GetAreCameraControlsDisabled
N_0x7c99101f7fce2ee5	c	MONEY	0x7C99101F7FCE2EE5		p0:integer,p1:integer,p2:boolean,p3:boolean	NetworkSpentPlayerHealthcare
N_0x7c9c0b1eeb1f9072	c	MISC	0x7C9C0B1EEB1F9072		bumpiness:number	WaterOverrideSetRipplebumpiness
N_0x7cd934010e115c2c	c	HUD	0x7CD934010E115C2C	Blip	ped:Ped	GetAiBlip_2
N_0x7cdc8c3b89f661b3	c	AUDIO	0x7CDC8C3B89F661B3		ped:Ped,voiceGroupHash:Hash	SetPedVoiceGroup
N_0x7cf0448787b23758	c	NETWORK	0x7CF0448787B23758	integer	p0:any	UgcGetContentDescriptionHash
N_0x7d36291161859389	c	STATS	0x7D36291161859389		p0:any	
N_0x7d395ea61622e116	c	NETWORK	0x7D395EA61622E116		p0:boolean	
N_0x7d41e9d2d17c5b2d	c	STREAMING	0x7D41E9D2D17C5B2D	boolean	unused:any	StreamvolHasLoaded
N_0x7d6f9a3ef26136a0	c	VEHICLE	0x7D6F9A3EF26136A0		vehicle:Vehicle,toggle:boolean,p2:boolean	SetVehicleAllowHomingMissleLockon
N_0x7d7a2e43e74e2eb8	c	PED	0x7D7A2E43E74E2EB8		ped:Ped	RequestPedVisibilityTracking
N_0x7d8ba05688ad64c7	c	STATS	0x7D8BA05688AD64C7		p0:any	
N_0x7db18ca8cad5b098	c	SOCIALCLUB	0x7DB18CA8CAD5B098	any		
N_0x7db53b37a2f211a0	c	NETWORK	0x7DB53B37A2F211A0	integer		
N_0x7dd234d6f3914c5b	c	CAM	0x7DD234D6F3914C5B		camera:Cam,p1:number	SetCamDofFnumberOfLens
N_0x7e07c78925d5fd96	c	PLAYER	0x7E07C78925D5FD96	any	p0:any	
N_0x7e17be53e1aaabaf	c	HUD	0x7E17BE53E1AAABAF	integer,integer,integer		GetMenuLayoutChangedEventDetails
N_0x7e2bd3ef6c205f09	c	REPLAY	0x7E2BD3EF6C205F09		p0:string,p1:boolean	
N_0x7e6946f68a38b74f	c	STATS	0x7E6946F68A38B74F	boolean	p0:any	
N_0x7ec3c679d0e7e46b	c	AUDIO	0x7EC3C679D0E7E46B		soundId:integer,x:number,y:number,z:number	UpdateSoundCoord
N_0x7ec6f9a478a6a512	c	MISC	0x7EC6F9A478A6A512			
N_0x7ec8aba5e74b3d7a	c	HUD	0x7EC8ABA5E74B3D7A		toggle:boolean	SetInteriorZoomLevelDecreased
N_0x7ecdf98587e92dec	c	INTERIOR	0x7ECDF98587E92DEC		p0:any	
N_0x7ee9f5d83dd4f90e	c	SHAPETEST	0x7EE9F5D83DD4F90E	integer	x1:number,y1:number,z1:number,x2:number,y2:number,z2:number,traceFlags:integer,entity:Entity,optionFlags:integer	StartShapeTestLosProbe
N_0x7eec2a316c250073	c	STATS	0x7EEC2A316C250073		p0:any,p1:any,p2:any	
N_0x7ef7649b64d7ff10	c	NETWORK	0x7EF7649B64D7FF10	boolean	entity:Entity	
N_0x7f2c4cdf2e82df4c	c	STATS	0x7F2C4CDF2E82DF4C	boolean	p0:any	
N_0x7f2f4f13ac5257ef	c	PED	0x7F2F4F13AC5257EF	boolean	sceneID:integer	IsSynchronizedSceneHoldLastFrame
N_0x7f4724035fdca1dd	c	PAD	0x7F4724035FDCA1DD		padIndex:integer	DisableInputGroup
N_0x7f8f6405f4777af6	c	MISC	0x7F8F6405F4777AF6	number	p0:number,p1:number,p2:number,p3:number,p4:number,p5:number,p6:number,p7:number,p8:number,p9:boolean	
N_0x7f96f23fa9b73327	c	CUTSCENE	0x7F96F23FA9B73327		modelHash:Hash	
N_0x7fa5d82b8f58ec06	c	GRAPHICS	0x7FA5D82B8F58EC06	boolean		
N_0x7fcc39c46c3c03bd	c	NETWORK	0x7FCC39C46C3C03BD	boolean	p0:integer	
N_0x7fd2990af016795e	c	NETWORK	0x7FD2990AF016795E	integer	contentTypeName:string,contentId:string,p2:integer,p3:integer,p4:integer	UgcRequestContentDataFromParams
N_0x7ffcbfee44ecfabf	c	SOCIALCLUB	0x7FFCBFEE44ECFABF	any		
N_0x80054d7fcc70eec6	c	PED	0x80054D7FCC70EEC6		ped:Ped	
N_0x801879a9b4f4b2fb	c	HUD	0x801879A9B4F4B2FB	boolean		
N_0x806058bbdc136e06	c	AUDIO	0x806058BBDC136E06			StopCutsceneAudio
N_0x808519373fd336a3	c	HUD	0x808519373FD336A3		toggle:boolean	SetPlayerIsInDirectorMode
N_0x8098c8d6597aae18	c	MISC	0x8098C8D6597AAE18	integer	index:integer	GetReplayStatAtIndex
N_0x80c2fd58d720c801	c	PAD	0x80C2FD58D720C801	string	padIndex:integer,controlGroup:integer,p2:boolean	GetControlGroupInstructionalButton
N_0x80c75307b1c42837	c	STATS	0x80C75307B1C42837	Hash	index:integer,spStat:boolean,charStat:boolean,character:integer	GetPackedBoolStatKey
N_0x80e3357fdef45c21	c	VEHICLE	0x80E3357FDEF45C21		vehicle:Vehicle,toggle:boolean	
N_0x80ead8e2e1d5d52e	c	HUD	0x80EAD8E2E1D5D52E		blip:Blip	AddTextComponentSubstringBlipName
N_0x80ec114669daeff4	c	CAM	0x80EC114669DAEFF4	number		GetFinalRenderedCamFov
N_0x80fe4f3ab4e1b62a	c	HUD	0x80FE4F3AB4E1B62A			ThefeedClearFrozenPost
N_0x810b5fcc52ec7ff0	c	STATS	0x810B5FCC52EC7FF0		p0:any,p1:any,p2:any,p3:any	
N_0x810e8431c0614bf9	c	NETSHOPPING	0x810E8431C0614BF9	boolean		NetGameserverIsSessionRefreshPending
N_0x8132c0eb8b2b3293	c	NETWORK	0x8132C0EB8B2B3293	boolean		NetworkIsCloudBackgroundScriptRequestPending
N_0x81404f3dc124fe5b	c	MONEY	0x81404F3DC124FE5B	boolean	amount:integer,p1:boolean,p2:boolean	NetworkMoneyCanBet
N_0x8147fff6a718e1ad	c	SOCIALCLUB	0x8147FFF6A718E1AD	integer	token:integer	ScLicenseplateGetAddStatus
N_0x814af7dcaacc597b	c	GRAPHICS	0x814AF7DCAACC597B		p0:any	
N_0x815f18ad865f057f	c	NETWORK	0x815F18AD865F057F	integer	entity:Entity	NetworkGetEntityNetScriptId
N_0x816f6981c60bf53b	c	PED	0x816F6981C60BF53B		ped:Ped,p1:any,p2:number,p3:number,p4:any	ApplyPedBloodDamageByZone
N_0x817b86108eb94e51	c	HUD	0x817B86108EB94E51	integer,integer,integer,integer,integer,integer,integer,integer	p0:boolean	
N_0x8181ce2f25cb9bb7	c	VEHICLE	0x8181CE2F25CB9BB7	integer	vehicle:Vehicle,weaponIndex:integer	GetVehicleWeaponRestrictedAmmo
N_0x81aa517fbba05d39	c	PED	0x81AA517FBBA05D39	boolean	ped:Ped	IsPedShaderEffectValid
N_0x81cbae94390f9f89	c	RECORDING	0x81CBAE94390F9F89			
N_0x8204da7934df3155	c	MONEY	0x8204DA7934DF3155		p0:any,p1:boolean,p2:boolean	NetworkSpentRequestJob
N_0x820e9892a77e97cd	c	PED	0x820E9892A77E97CD		p0:any,p1:any	
N_0x821418c727fcacd7	c	MONEY	0x821418C727FCACD7		characterSlot:integer	NetworkManualDeleteCharacter
N_0x821fdc827d6f4090	c	PLAYER	0x821FDC827D6F4090		player:any	SpecialAbilityActivate
N_0x82352748437638ca	c	HUD	0x82352748437638CA	integer		ThefeedGetFirstVisibleDeleteRemaining
N_0x8235f1bead557629	c	VEHICLE	0x8235F1BEAD557629		vehicle:Vehicle,toggle:boolean	
N_0x82377b65e943f72d	c	NETWORK	0x82377B65E943F72D	boolean	player:Player	NetworkGetPlayerOwnsWaypoint
N_0x823ec8e82ba45986	c	PLAYER	0x823EC8E82BA45986		p0:any	
N_0x8269816f6cfd40f8	c	MISC	0x8269816F6CFD40F8	integer	name:string	
N_0x826d1ee4d1cafc78	c	OBJECT	0x826D1EE4D1CAFC78		p0:any,p1:any	
N_0x8290252fff36acb5	c	PAD	0x8290252FFF36ACB5		padIndex:integer,red:integer,green:integer,blue:integer	SetControlLightEffectColor
N_0x829cd22e043a2577	c	SCRIPT	0x829CD22E043A2577	integer	p0:Hash	
N_0x82a2b386716608f1	c	NETWORK	0x82A2B386716608F1	boolean		NetworkShouldShowConnectivityTroubleshooting
N_0x82a3d6d9cc2cb8e3	c	PED	0x82A3D6D9CC2CB8E3		p0:any,p1:any	SetPedClothProne
N_0x82acc484ffa3b05f	c	GRAPHICS	0x82ACC484FFA3B05F	any	p0:any	
N_0x82cedc33687e1f50	c	HUD	0x82CEDC33687E1F50		toggle:boolean	DisplayPlayerNameTagsOnBlips
N_0x82e0ac411e41a5b4	c	VEHICLE	0x82E0AC411E41A5B4		toggle:boolean	
N_0x82e4a58babc15ae7	c	SOCIALCLUB	0x82E4A58BABC15AE7	boolean	token:integer	ScProfanityGetCheckIsPending
N_0x82ebb79e258fa2b7	c	INTERIOR	0x82EBB79E258FA2B7		entity:Entity,interiorID:integer	
N_0x82fde6a57ee4ee44	c	MISC	0x82FDE6A57EE4EE44	boolean,vector3,Object	ped:Ped,weaponHash:Hash,distance:number,ownedByPlayer:boolean	GetProjectileNearPed
N_0x830c3a44eb3f2cf9	c	STATS	0x830C3A44EB3F2CF9		p0:any	
N_0x8339643499d1222e	c	ENTITY	0x8339643499D1222E		entity:Entity,x:number,y:number,z:number	SetEntityAngularVelocity
N_0x834344a414c7c85d	c	OBJECT	0x834344A414C7C85D		p0:any,p1:any	
N_0x83660b734994124d	c	NETWORK	0x83660B734994124D	any,integer	p0:any,p1:any,damageDealt?:integer	
N_0x836b62713e0534ca	c	SCRIPT	0x836B62713E0534CA	boolean		
N_0x838da0936a24ed4d	c	NETWORK	0x838DA0936A24ED4D		vehicle:Vehicle,toggle:boolean	SetNetworkEnableVehiclePositionCorrection
N_0x83a169eabcdb10a2	c	PED	0x83A169EABCDB10A2		ped:Ped,index:integer	SetPedPhonePaletteIdx
N_0x83b8201ed82a9a2d	c	CAM	0x83B8201ED82A9A2D		cam:Cam,p1:integer,p2:integer,p3:number	SetCamSplineNodeEase
N_0x83bcce3224735f05	c	DATAFILE	0x83BCCE3224735F05	boolean	filename:string	DatafileStartSaveToCloud
N_0x83f28ce49fbbffba	c	NETWORK	0x83F28CE49FBBFFBA	boolean	p0:integer,p1:integer,p2:boolean	NetworkCheckCommunicationPrivileges
N_0x83f813570ff519de	c	VEHICLE	0x83F813570FF519DE		vehicle:Vehicle,toggle:boolean	DisableVehicleNeonLights
N_0x83fe8d7229593017	c	NETWORK	0x83FE8D7229593017			
N_0x840f03e9041e2c9c	c	WEAPON	0x840F03E9041E2C9C	number	ped:Ped	GetLockonDistanceOfCurrentPedWeapon
N_0x8410c5e0cd847b9d	c	HUD	0x8410C5E0CD847B9D			
N_0x8416fe4e4629d7d7	c	SOCIALCLUB	0x8416FE4E4629D7D7	boolean	name:string	ScGamerdataGetBool
N_0x8421eb4da7e391b9	c	PED	0x8421EB4DA7E391B9		ped:Ped,itemSet:any	SetPedPreferredCoverSet
N_0x8423541e8b3a1589	c	TASK	0x8423541E8B3A1589		p0:any,p1:any,p2:any	
N_0x84698ab38d0c6636	c	HUD	0x84698AB38D0C6636	boolean	contextHash:Hash	PauseMenuIsContextActive
N_0x846bf6291198a71e	c	ENTITY	0x846BF6291198A71E	number	entity:Entity	GetEntityHeadingFromEulers
N_0x848b66100ee33b05	c	STATS	0x848B66100EE33B05	integer	data?:integer	PlaystatsDupeDetection
N_0x84a810b375e69c0e	c	STATS	0x84A810B375E69C0E	any		
N_0x84b418e93894ac1c	c	SAVEMIGRATION	0x84B418E93894AC1C	any		
N_0x84c0116d012e8fc2	c	MONEY	0x84C0116D012E8FC2		p0:any	NetworkEarnFromDestroyingContraband
N_0x84de3b5fb3e666f0	c	PHYSICS	0x84DE3B5FB3E666F0	boolean,integer	ropeId?:integer	
N_0x84dfc579c2fc214c	c	STATS	0x84DFC579C2FC214C		p0:any	
N_0x84ea99c62cb3ef0c	c	VEHICLE	0x84EA99C62CB3EF0C		vehicle:Vehicle,wheelId:integer,value:number	SetHydraulicWheelValue
N_0x84fd40f56075e816	c	VEHICLE	0x84FD40F56075E816		multiplier:number	SetCarHighSpeedBumpSeverityMultiplier
N_0x851cd923176eba7c	c	GRAPHICS	0x851CD923176EBA7C			
N_0x8533cafde1f0f336	c	VEHICLE	0x8533CAFDE1F0F336	any	p0:any	
N_0x853648fd1063a213	c	HUD	0x853648FD1063A213		text:string	BeginTextCommandIsMessageDisplayed
N_0x85443ff4c328f53b	c	NETWORK	0x85443FF4C328F53B	boolean		NetworkHasValidRosCredentials
N_0x85535acf97fc0969	c	SOCIALCLUB	0x85535ACF97FC0969	boolean	token:integer	ScProfanityGetStringPassed
N_0x855bc38818f6f684	c	NETWORK	0x855BC38818F6F684	boolean		NetworkSessionIsInVoiceSession
N_0x8586789730b10caf	c	MONEY	0x8586789730B10CAF		amount:integer,p1:any,p2:any,p3:any	NetworkEarnFromBusinessProduct
N_0x858ec9fd25de04aa	c	OBJECT	0x858EC9FD25DE04AA		p0:any,p1:any	
N_0x85a0ef54a500882c	c	NETWORK	0x85A0EF54A500882C	boolean,integer	p0?:integer	NetworkQueueGamerForStatus
N_0x85b6c850546fdde2	c	OBJECT	0x85B6C850546FDDE2	boolean	garageHash:Hash,p1:boolean,p2:boolean,p3:boolean,p4:any	AreEntitiesEntirelyInsideGarage
N_0x85f6c9aba1de2bcf	c	NETSHOPPING	0x85F6C9ABA1DE2BCF	any		
N_0x86255b1fc929e33e	c	GRAPHICS	0x86255B1FC929E33E	boolean	scaleformIndex:integer	IsScaleformMovieDeleting
N_0x8634cef2522d987b	c	TASK	0x8634CEF2522D987B		ped:Ped,p1:string,value:number	
N_0x8664170ef165c4a6	c	VEHICLE	0x8664170EF165C4A6		p0:any,p1:any	
N_0x867458251d47ccb2	c	OBJECT	0x867458251D47CCB2		pickup:Pickup,toggle:boolean	HidePortablePickupWhenDetached
N_0x869daacbbe9fa006	c	PATHFIND	0x869DAACBBE9FA006	boolean		GetGpsBlipRouteFound
N_0x86b4b6212cb8b627	c	VEHICLE	0x86B4B6212CB8B627		vehicle:Vehicle,weaponSlot:integer	SetVehicleWeaponsDisabled
N_0x86e0660e4f5c956d	c	NETWORK	0x86E0660E4F5C956D			NetworkClearGetGamerStatus
N_0x870289a558348378	c	MONEY	0x870289A558348378		p0:any,p1:any,p2:any,p3:any	
N_0x870b8b7a766615c8	c	VEHICLE	0x870B8B7A766615C8		p0:any,p1:any,p2:any	
N_0x876928dddfccc9cd	c	PED	0x876928DDDFCCC9CD	boolean		HasPedheadshotImgUploadFailed
N_0x877c1eaeac531023	c	VEHICLE	0x877C1EAEAC531023		cargobob:Vehicle,length1:number,length2:number,state:boolean	SetPickupRopeLengthForCargobob
N_0x878c75c09fbdb942	c	VEHICLE	0x878C75C09FBDB942			SetTrailerLegsLowered
N_0x87d51d72255d4e78	c	GRAPHICS	0x87D51D72255D4E78		scaleform:integer,posX:number,posY:number,posZ:number,rotX:number,rotY:number,rotZ:number,p7:number,sharpness:number,p9:number,scaleX:number,scaleY:number,scaleZ:number,p13:any	DrawScaleformMovie_3d
N_0x87ddeb611b329a9c	c	PED	0x87DDEB611B329A9C		multiplier:number	
N_0x87e0052f08bd64e6	c	SOCIALCLUB	0x87E0052F08BD64E6	boolean,integer	index:integer,outData?:integer	ScInboxMessageGetBountyData
N_0x87e5c46c187fe0ae	c	NETWORK	0x87E5C46C187FE0AE	any	p0:any,p1:any	UgcGetContentRatingPositiveCount
N_0x87eb7a3ffcb314db	c	NETWORK	0x87EB7A3FFCB314DB	boolean,integer	networkHandle?:integer	NetworkIsFriendHandleOnline
N_0x8806cebfabd3ce05	c	NETWORK	0x8806CEBFABD3CE05	boolean	p0:any	NetworkGetPresenceInviteIsTournament
N_0x88087ee1f28024ae	c	STATS	0x88087EE1F28024AE		p0:any	
N_0x8817605c2ba76200	c	HUD	0x8817605C2BA76200			ForceCloseTextInputBox
N_0x8821196d91fa2de5	c	VEHICLE	0x8821196D91FA2DE5		vehicle:Vehicle,toggle:boolean	
N_0x883d79c4071e18b3	c	NETWORK	0x883D79C4071E18B3	boolean		IsStoreAvailableToUser
N_0x88578f6ec36b4a3a	c	STATS	0x88578F6EC36B4A3A	any	p0:any,p1:any	
N_0x886913bbeaca68c1	c	STATS	0x886913BBEACA68C1	integer,integer	data?:integer	StatGetSaveMigrationStatus
N_0x887fa38787de8c72	c	VEHICLE	0x887FA38787DE8C72		vehicle:Vehicle	
N_0x8881c98a31117998	c	OBJECT	0x8881C98A31117998		p0:any	
N_0x88b588b41ff7868e	c	NETWORK	0x88B588B41FF7868E	any		
N_0x88bb3507ed41a240	c	RECORDING	0x88BB3507ED41A240			StopRecordingAndDiscardClip
N_0x88bc673ca9e0ae99	c	VEHICLE	0x88BC673CA9E0AE99		vehicle:Vehicle,p1:boolean	
N_0x88e32db8c1a4aa4b	c	TASK	0x88E32DB8C1A4AA4B		ped:Ped,modifier:number	SetPedPathClimbCostModifier
N_0x88eaec617cd26926	c	OBJECT	0x88EAEC617CD26926		modelHash:Hash,toggle:boolean	SetLocalPlayerCanUsePickupsWithThisModel
N_0x89023fbbf9200e9f	c	NETWORK	0x89023FBBF9200E9F	integer		GetNetworkTimeAccurate
N_0x89049a84065ce68e	c	MONEY	0x89049A84065CE68E		p0:any,p1:any,p2:any,p3:any	NetworkSpentUpgradeSub
N_0x89049dd63c08b5d1	c	AUDIO	0x89049DD63C08B5D1		ped:Ped	PlayStreamFromPed
N_0x890e2c5abed7236d	c	NETWORK	0x890E2C5ABED7236D		vehicle:Vehicle,toggle:boolean	NetworkSetVehicleWheelsDestructible
N_0x89215ec747df244a	c	CAM	0x89215EC747DF244A	Ped	p0:number,p1:integer,p2:number,p3:number,p4:number,p5:number,p6:number,p7:integer,p8:integer	GetFocusPedOnScreen
N_0x892b6ab8f33606f5	c	AUDIO	0x892B6AB8F33606F5		speakerConversationIndex:integer,entity:Entity	SetEntityForNullConvPed
N_0x8951eb9c6906d3c8	c	MISC	0x8951EB9C6906D3C8			
N_0x897433d292b44130	c	NETSHOPPING	0x897433D292B44130	boolean,integer,boolean		NetGameserverGetTransactionManagerData
N_0x8989cbd7b4e82534	c	STATS	0x8989CBD7B4E82534		p0:any,p1:any,p2:any,p3:any,p4:any,p5:any,p6:any	
N_0x899ba936634a322e	c	OBJECT	0x899BA936634A322E	integer	object:Object	GetStateOfRayfireMapObject
N_0x89c8553dd3274aae	c	GRAPHICS	0x89C8553DD3274AAE		name:string	ResetParticleFxOverride
N_0x89d630cf5ea96d23	c	VEHICLE	0x89D630CF5EA96D23	boolean	handler:Vehicle,container:Entity	IsHandlerFrameAboveContainer
N_0x8a24b067d175a7bd	c	PED	0x8A24B067D175A7BD	boolean	x1:number,y1:number,z1:number,x2:number,y2:number,z2:number	DoesScenarioBlockingAreaExist
N_0x8a35c742130c6080	c	GRAPHICS	0x8A35C742130C6080		decalType:integer,textureDict:string,textureName:string	PatchDecalDiffuseMap
N_0x8a4416c0db05fa66	c	SOCIALCLUB	0x8A4416C0DB05FA66	boolean,integer	newsStoryData?:integer	
N_0x8a694d7a68f8dc38	c	AUDIO	0x8A694D7A68F8DC38		interrupterPed:Ped,context:string,voiceName:string	InterruptConversationAndPause
N_0x8a7a40100edfec58	c	STREAMING	0x8A7A40100EDFEC58		interior:integer,roomName:string	RequestModelsInRoom
N_0x8a7b3952dd64d2b5	c	MONEY	0x8A7B3952DD64D2B5		amountSpent:integer,p1:any,p2:boolean,p3:boolean	NetworkBuyFairgroundRide
N_0x8a800daccc0da55d	c	STATS	0x8A800DACCC0DA55D			PlaystatsStopTrackingStunts
N_0x8a9ba1ab3e237613	c	HUD	0x8A9BA1AB3E237613	boolean		EndTextCommandIsMessageDisplayed
N_0x8aa464d4e0f6accd	c	LOADINGSCREEN	0x8AA464D4E0F6ACCD	boolean		LoadingscreenGetLoadFreemodeWithEventName
N_0x8aa9180de2fedd45	c	VEHICLE	0x8AA9180DE2FEDD45		vehicle:Vehicle,avoidObstacles:boolean	EnableAircraftObstacleAvoidance
N_0x8abe8608576d9ce3	c	PATHFIND	0x8ABE8608576D9CE3	number	x1:number,y1:number,x2:number,y2:number	GetHeightmapTopZForArea
N_0x8b0c2964ba471961	c	NETWORK	0x8B0C2964BA471961	any		
N_0x8b4ffc790ca131ef	c	NETWORK	0x8B4FFC790CA131EF	any	p0:any,p1:any,p2:any,p3:any	
N_0x8b6a4dd0af9ce215	c	NETWORK	0x8B6A4DD0AF9CE215		playerType:integer,playerCount:integer	NetworkSessionSetMatchmakingGroupMax
N_0x8b9cdbd6c566c38c	c	STATS	0x8B9CDBD6C566C38C	any		
N_0x8bbacbf51da047a8	c	CAM	0x8BBACBF51DA047A8		ped:Ped	SetGameplayCamFollowPedThisUpdate
N_0x8bc515bae4aaf8ff	c	PLAYER	0x8BC515BAE4AAF8FF	number	player:Player	GetPlayerHealthRechargeLimit
N_0x8bd6c6dea20e82c6	c	NETWORK	0x8BD6C6DEA20E82C6	integer	p0:integer	GetStatusOfTextureDownload
N_0x8bdc7bfc57a81e76	c	MISC	0x8BDC7BFC57A81E76	boolean,number,vector3	x:number,y:number,z:number	GetGroundZAndNormalFor_3dCoord
N_0x8be1146dfd5d4468	c	NETWORK	0x8BE1146DFD5D4468	boolean,integer	tunableContext:string,tunableName:string,value?:integer	NetworkAccessTunableInt
N_0x8bf907833be275de	c	AUDIO	0x8BF907833BE275DE		p0:number,p1:number	
N_0x8bfceb5ea1b161b6	c	CAM	0x8BFCEB5EA1B161B6	number		ReplayFreeCamGetMaxRange
N_0x8c33220c8d78ca0d	c	TASK	0x8C33220C8D78CA0D		ped:Ped,taskSequenceId:integer	TaskPerformSequenceLocally
N_0x8c4f3bf23b6237db	c	PED	0x8C4F3BF23B6237DB	Object	ped:Ped,p1:boolean,p2:boolean	CreateParachuteBagObject
N_0x8c8d2739ba44af0f	c	NETWORK	0x8C8D2739BA44AF0F	boolean	p0:any	
N_0x8c9d11605e59d955	c	STATS	0x8C9D11605E59D955		p0:any	
N_0x8caab2bd3ea58bd4	c	OBJECT	0x8CAAB2BD3EA58BD4		p0:any	
N_0x8cc469ab4d349b7c	c	SOCIALCLUB	0x8CC469AB4D349B7C	boolean,integer	p0:integer,p1:string,p2?:integer	
N_0x8cde909a0370bb3a	c	GRAPHICS	0x8CDE909A0370BB3A		toggle:boolean	
N_0x8cff648fbd7330f1	c	OBJECT	0x8CFF648FBD7330F1		p0:any	
N_0x8d11e61a4abf49cc	c	NETWORK	0x8D11E61A4ABF49CC	boolean		NetworkIsPsnAvailable
N_0x8d30f648014a92b5	c	DLC	0x8D30F648014A92B5	boolean		GetExtraContentPackHasBeenInstalled
N_0x8d474c8faeff6cde	c	VEHICLE	0x8D474C8FAEFF6CDE	boolean	vehicle:Vehicle	IsVehicleSprayable
N_0x8d74e26f54b4e5c3	c	MISC	0x8D74E26F54B4E5C3		p0:string	
N_0x8d768602adef2245	c	PLAYER	0x8D768602ADEF2245		player:Player,p1:number	
N_0x8d7a43ec6a5fea45	c	MISC	0x8D7A43EC6A5FEA45	boolean,vector3	x1:number,y1:number,z1:number,x2:number,y2:number,z2:number,projectileHash:Hash,ownedByPlayer:boolean	GetCoordsOfProjectileTypeInArea
N_0x8d8adb562f09a245	c	STATS	0x8D8ADB562F09A245		p0:any	
N_0x8d9df6eca8768583	c	CUTSCENE	0x8D9DF6ECA8768583		threadId:integer	
N_0x8db3f12a02caef72	c	CAM	0x8DB3F12A02CAEF72		cam:Cam,vehicle:Vehicle,boneIndex:integer,relativeRotation:boolean,rotX:number,rotY:number,rotZ:number,offX:number,offY:number,offZ:number,fixedDirection:boolean	AttachCamToVehicleBone
N_0x8db8cffd58b62552	c	HUD	0x8DB8CFFD58B62552		style:integer	SetMouseCursorStyle
N_0x8dc9675797123522	c	VEHICLE	0x8DC9675797123522	vector3	ped:Ped	FindRandomPointInSpace
N_0x8dca505a5c196f05	c	OBJECT	0x8DCA505A5C196F05		p0:any,p1:any	
N_0x8e243837643d9583	c	MONEY	0x8E243837643D9583		p0:any,p1:any,p2:any,p3:any	
N_0x8e2a065abdae6994	c	STREAMING	0x8E2A065ABDAE6994			AllowPlayerSwitchAscent
N_0x8ea86df356801c7d	c	VEHICLE	0x8EA86DF356801C7D		vehicle:Vehicle,state:integer	SetHydraulicWheelState
N_0x8ec74ceb042e7cff	c	STATS	0x8EC74CEB042E7CFF		p0:any	
N_0x8ef52acaecc51d9c	c	NETWORK	0x8EF52ACAECC51D9C		toggle:boolean	
N_0x8ef5573a1f801a5c	c	MISC	0x8EF5573A1F801A5C	boolean,integer,integer	player:Player	ScriptRaceGetPlayerSplitTime
N_0x8efccf6ec66d85e4	c	HUD	0x8EFCCF6EC66D85E4	integer	chTitle:string,clanTxd:string,clanTxn:string,isImportant:boolean,showSubtitle:boolean	EndTextCommandThefeedPostCrewRankup
N_0x8f08017f9d7c47bd	c	HUD	0x8F08017F9D7C47BD	boolean,integer	p0:any,p2:any	
N_0x8f0d5ba1c2cc91d7	c	VEHICLE	0x8F0D5BA1C2CC91D7		toggle:boolean	
N_0x8f5d1ad832aeb06c	c	NETWORK	0x8F5D1AD832AEB06C	boolean,integer	networkHandle?:integer	NetworkCanCommunicateWithGamer_2
N_0x8f5ea1c01d65a100	c	DATAFILE	0x8F5EA1C01D65A100	boolean	p0:any	DatafileDeleteRequestedFile
N_0x8f719973e1445ba2	c	VEHICLE	0x8F719973E1445BA2		vehicle:Vehicle,toggle:boolean	SetBoatSinksWhenWrecked
N_0x8f9ee5687f8eeccd	c	HUD	0x8F9EE5687F8EECCD		gxtEntry:string	BeginTextCommandOverrideButtonText
N_0x8fa9c42fc5d7c64b	c	MISC	0x8FA9C42FC5D7C64B		ped:Ped,p1:integer,p2:number,p3:number,p4:number,p5:boolean	PlayTennisDiveAnim
N_0x8fd89a6240813fd0	c	TASK	0x8FD89A6240813FD0		ped:Ped,bBlockIdleClips:boolean,bRemoveIdleClipIfPlaying:boolean	SetPedCanPlayAmbientIdles
N_0x900086f371220b6f	c	HUD	0x900086F371220B6F		toggle:boolean,radarThickness:integer,mapThickness:integer	SetGpsCustomRouteRender
N_0x9007a2f21dc108d4	c	VEHICLE	0x9007A2F21DC108D4		vehicle:Vehicle,scalar:number	SetVehicleSteeringBiasScalar
N_0x9040dfb09be75706	c	HUD	0x9040DFB09BE75706	integer	x:number,y:number	EndTextCommandLineCount
N_0x9049fe339d5f6f6f	c	HUD	0x9049FE339D5F6F6F	boolean		IsPausemapInInteriorMode
N_0x906b778ca1dc72b6	c	DATAFILE	0x906B778CA1DC72B6	string		DatafileGetFileDict
N_0x906ca41a4b74eca4	c	NETWORK	0x906CA41A4B74ECA4	any		
N_0x908311265d42a820	c	GRAPHICS	0x908311265D42A820		p0:any	
N_0x9097eb6d4bb9a12a	c	PLAYER	0x9097EB6D4BB9A12A		player:Player,entity:Entity	
N_0x90a6526cf0381030	c	HUD	0x90A6526CF0381030	boolean,integer	p0:any,p2:any,p3:any	GetMenuPedMaskedIntStat
N_0x90a78ecaa4e78453	c	GRAPHICS	0x90A78ECAA4E78453	integer		GetStatusOfTakeMissionCreatorPhoto
N_0x90b6da738a9a25da	c	VEHICLE	0x90B6DA738A9A25DA		range:number	SetAmbientVehicleRangeMultiplierThisFrame
N_0x90cd7c6871fbf1b4	c	MONEY	0x90CD7C6871FBF1B4		p0:any,p1:any,p2:any,p3:any	
N_0x90d0622866e80445	c	STATS	0x90D0622866E80445		element:integer,item:string	PlaystatsQuickfixTool
N_0x911024442f4898f0	c	OBJECT	0x911024442F4898F0		entity:Object,toggle:boolean,p2:integer	SetEnableArenaPropPhysics
N_0x9135584d09a3437e	c	HUD	0x9135584D09A3437E	boolean		IsReportugcMenuOpen
N_0x916ca67d26fd1e37	c	MISC	0x916CA67D26FD1E37		p0:string	
N_0x918c7b2d2ff3928b	c	MISC	0x918C7B2D2FF3928B	any	x1:number,y1:number,z1:number,x2:number,y2:number,z2:number,width:number	AddDispatchSpawnBlockingAngledArea
N_0x91a0bd635321f145	c	VEHICLE	0x91A0BD635321F145		vehicle:Vehicle,toggle:boolean	SetDisableVehicleEngineFires
N_0x91b87c55093de351	c	NETWORK	0x91B87C55093DE351	boolean		NetworkGetRosPrivilege_25
N_0x91d6dd290888cbab	c	VEHICLE	0x91D6DD290888CBAB	boolean		HasFilledVehiclePopulation
N_0x91ef34584710be99	c	WEAPON	0x91EF34584710BE99	integer	x:number,y:number,z:number,radius:number,weaponPositionX:number,weaponPositionY:number,weaponPositionZ:number,weaponHash:Hash	CreateAirDefenceSphere
N_0x91ef6ee6419e5b97	c	CAM	0x91EF6EE6419E5B97		p0:boolean	
N_0x920d853f3e17f1da	c	INTERIOR	0x920D853F3E17F1DA		interiorID:integer,roomHashKey:Hash	ForceRoomForGameViewport
N_0x921ce12c489c4c41	c	TASK	0x921CE12C489C4C41	boolean	ped:Ped	IsTaskMoveNetworkActive
N_0x9237e334f6e43156	c	SOCIALCLUB	0x9237E334F6E43156	any	p0:any	
N_0x924426bffd82e915	c	NETWORK	0x924426BFFD82E915	boolean		NetworkRequestCloudBackgroundScripts
N_0x9245e81072704b8a	c	HUD	0x9245E81072704B8A		toggle:boolean	PauseMenuDisableBusyspinner
N_0x9251b6abf2d0a5b4	c	MONEY	0x9251B6ABF2D0A5B4		amount:integer,bunkerHash:Hash	NetworkEarnFromSellBunker
N_0x925227803a0eaa1b	c	MONEY	0x925227803A0EAA1B		p0:any,p1:boolean,p2:boolean,p3:any	NetworkSpentCarclub
N_0x92523b76657a517d	c	VEHICLE	0x92523B76657A517D	vector3	id:integer,time:number	GetPositionOfVehicleRecordingIdAtTime
N_0x92790862e36c2ada	c	MISC	0x92790862E36C2ADA			StartBenchmarkRecording
N_0x928dbfb892638ef3	c	STATS	0x928DBFB892638EF3			PlaystatsStartTrackingStunts
N_0x92aefb5f6e294023	c	OBJECT	0x92AEFB5F6E294023		object:Object,p1:boolean,p2:boolean	PreventCollectionOfPortablePickup
N_0x92c360b5f15d2302	c	TASK	0x92C360B5F15D2302		pilot:Ped,aircraft:Vehicle,xPos:number,yPos:number,zPos:number,fCruiseSpeed:number,fTargetReachedDist:number	TaskPlaneTaxi
N_0x92ccc17a7a2285da	c	GRAPHICS	0x92CCC17A7A2285DA			ClearExtraTimecycleModifier
N_0x92da6e70ef249bd1	c	SOCIALCLUB	0x92DA6E70EF249BD1	boolean,integer	p0:string,p1?:integer	
N_0x92f0da1e27db96dc	c	HUD	0x92F0DA1E27DB96DC		hudColorIndex:integer	ThefeedSetNextPostBackgroundColor
N_0x92fc0eedfac04a14	c	STATS	0x92FC0EEDFAC04A14		p0:any,p1:any,p2:any,p3:any,p4:any,p5:any	
N_0x93028f1db42bfd08	c	SOCIALCLUB	0x93028F1DB42BFD08	boolean	msgIndex:integer	ScInboxGetMessageIsReadAtIndex
N_0x9304881d6f6537ea	c	GRAPHICS	0x9304881D6F6537EA		hudComponent:integer	RequestScaleformScriptHudMovie
N_0x930de22f07b1cce3	c	SOCIALCLUB	0x930DE22F07B1CCE3	integer	token:integer	ScProfanityGetStringStatus
N_0x930f504203f561c9	c	STATS	0x930F504203F561C9		p0:any	
N_0x933bbeeb8c61b5f4	c	STREAMING	0x933BBEEB8C61B5F4	boolean		
N_0x9346e14f2af74d46	c	MONEY	0x9346E14F2AF74D46		amount:integer,matchId:string,p2:boolean,p3:boolean	NetworkPayMatchEntryFee
N_0x93aa4165cb67e925	c	MONEY	0x93AA4165CB67E925		p0:any,p1:any,p2:any,p3:any	NetworkSpentImAbility
N_0x941e5306bcd7c2c7	c	NETWORK	0x941E5306BCD7C2C7	any		UgcDidGetSucceed
N_0x94538037ee44f5cf	c	NETWORK	0x94538037EE44F5CF		p0:boolean	
N_0x9465e683b12d3f6b	c	NETWORK	0x9465E683B12D3F6B			
N_0x9489659372a81585	c	DLC	0x9489659372A81585	boolean		
N_0x949f397a288b28b3	c	GRAPHICS	0x949F397A288B28B3		p0:number	
N_0x94a68da412c4007d	c	VEHICLE	0x94A68DA412C4007D		vehicle:Vehicle,toggle:boolean	SetCargobobHookCanAttach
N_0x94a8394d150b013a	c	NETWORK	0x94A8394D150B013A	boolean		NetworkIsGettingGamerStatus
N_0x94bc51e9449d917f	c	NETWORK	0x94BC51E9449D917F	boolean	p0:integer,p1:integer,p2:integer,maxPlayers:integer,p4:boolean	NetworkSessionCrewMatchmaking
N_0x94f12abf9c79e339	c	STATS	0x94F12ABF9C79E339	integer	p0:integer	StatGetPackedIntMask
N_0x94f2e83ead7e6b82	c	AUDIO	0x477D9DB48F889591		radioStationName:string,toggle:boolean	LockRadioStation
N_0x9507d4271988e1ae	c	NETSHOPPING	0x9507D4271988E1AE	boolean	p0:integer	NetGameserverSetTelemetryNonceSeed
N_0x950a154b8dab6185	c	AUDIO	0x950A154B8DAB6185		audioName:string,entity:Entity	InitSynchSceneAudioWithEntity
N_0x952f06beecd775cc	c	PED	0x952F06BEECD775CC		ped:Ped,vehicle:Vehicle,seatIndex:integer,flags:integer	SetPedVehicleForcedSeatUsage
N_0x953563ce563143af	c	PED	0x953563CE563143AF	integer	ped:Ped	RegisterPedheadshotTransparent
N_0x957838aaf91bd12d	c	MISC	0x957838AAF91BD12D		x:number,y:number,z:number,radius:number,p4:boolean,p5:boolean,p6:boolean,p7:boolean	ClearAreaLeaveVehicleHealth
N_0x95a7dabddbb78ae7	c	STREAMING	0x95A7DABDDBB78AE7		iplName1:string,iplName2:string	
N_0x95baf97c82464629	c	NETWORK	0x95BAF97C82464629		p0:any,p1:any	
N_0x95cf53b3d687f9fa	c	VEHICLE	0x95CF53B3D687F9FA		vehicle:Vehicle	SetTrailerLegsRaised
N_0x95cf81bd06ee1887	c	HUD	0x95CF81BD06EE1887			RemoveMultiplayerWalletCash
N_0x95eb5e34f821babe	c	GRAPHICS	0x95EB5E34F821BABE	boolean	ped:Ped,txd:string,txn:string	OverridePedBadgeTexture
N_0x9614b71f8adb982b	c	NETWORK	0x9614B71F8ADB982B	integer		NetworkGetAgeGroup
N_0x9640e30a7f395e4b	c	VEHICLE	0x9640E30A7F395E4B		vehicle:Vehicle,p1:any,p2:any,p3:any,p4:any	
N_0x9641588dab93b4b5	c	GRAPHICS	0x9641588DAB93B4B5		p0:any	
N_0x966dd84fb6a46017	c	NETWORK	0x966DD84FB6A46017			ClearLaunchParams
N_0x967278682cb6967a	c	GRAPHICS	0x967278682CB6967A		x:number,y:number,z:number,p3:number	AddPetrolTrailDecalInfo
N_0x9689123e3f213aa5	c	MISC	0x9689123E3F213AA5	boolean		GetIsPlayerInAnimalForm
N_0x96e2929292a4db77	c	FILES	0x96E2929292A4DB77	integer	componentHash:Hash	
N_0x96e6d5150dbf1c09	c	STATS	0x96E6D5150DBF1C09		p0:any,p1:any,p2:any	
N_0x96ee0eba0163df80	c	OBJECT	0x96EE0EBA0163DF80		object:Object,intensity:integer	SetObjectStuntPropSpeedup
N_0x971d7b15bcdbef99	c	CUTSCENE	0x971D7B15BCDBEF99	integer		GetCutsceneEndTime
N_0x971da0055324d033	c	OBJECT	0x971DA0055324D033		object:Object,textureVariation:integer	SetObjectTextureVariation
N_0x972bc203bbc4c4d5	c	NETWORK	0x972BC203BBC4C4D5	boolean,number	tunableContext:Hash,tunableName:Hash,value?:number	NetworkAccessTunableFloatHash
N_0x9737a37136f07e75	c	VEHICLE	0x9737A37136F07E75		vehicle:Vehicle,toggle:boolean	SetVehicleDoorsLockedForNonScriptPlayers
N_0x973d76aa760a6cb6	c	NETWORK	0x973D76AA760A6CB6		p0:boolean	
N_0x9747292807126eda	c	NETWORK	0x9747292807126EDA	boolean		NetworkIsMultiplayerDisabled
N_0x975d66a0bc17064c	c	HUD	0x975D66A0BC17064C		maximumValue:integer	SetMaxHealthHudDisplay
N_0x9769f811d1785b03	c	NETWORK	0x9769F811D1785B03		player:Player,x:number,y:number,z:number,p4:boolean,p5:boolean	NetworkRespawnCoords
N_0x9777734dad16992f	c	MONEY	0x9777734DAD16992F	boolean		CanPayGoon
N_0x977ca98939e82e4b	c	WEAPON	0x977CA98939E82E4B		weaponObject:Object,p1:integer	
N_0x9780f32bcaf72431	c	CAM	0x9780F32BCAF72431	number		GetFinalRenderedCamFarDof
N_0x97841634ef7df1d6	c	VEHICLE	0x97841634EF7DF1D6		vehicle:Vehicle,toggle:boolean	
N_0x97a770beef227e2b	c	NETWORK	0x97A770BEEF227E2B	boolean,integer,integer	p0:any,p1:any	NetworkGetBackgroundLoadingRecipients
N_0x97c65887d4b37fa9	c	HUD	0x97C65887D4B37FA9		ped:Ped,range:number	SetPedAiBlipNoticeRange
N_0x97c9e4e7024a8f2c	c	HUD	0x97C9E4E7024A8F2C	integer,integer	crewTypeIsPrivate:boolean,crewTagContainsRockstar:boolean,rank:integer,hasFounderStatus:boolean,isImportant:boolean,clanHandle:integer,r:integer,g:integer,b:integer	EndTextCommandThefeedPostCrewtag
N_0x97ce68cb032583f0	c	VEHICLE	0x97CE68CB032583F0		vehicle:Vehicle,toggle:boolean	SetForceHdVehicle
N_0x97dd4c5944cc2e6a	c	NETWORK	0x97DD4C5944CC2E6A		player:Player,toggle:boolean	NetworkOverrideSendRestrictions
N_0x97e7e2c04245115b	c	MISC	0x97E7E2C04245115B		p0:any	
N_0x97ffb4adeed08066	c	AUDIO	0x97FFB4ADEED08066		p0:any,p1:any	
N_0x98215325a695e78a	c	HUD	0x98215325A695E78A		isVisible:boolean	SetMouseCursorVisible
N_0x9849de24fcf23ccc	c	VEHICLE	0x9849DE24FCF23CCC		vehicle:Vehicle,toggle:boolean	
N_0x98c3cf913d895111	c	HUD	0x98C3CF913D895111	string	string:string,length:integer	
N_0x98c4fe6ec34154ca	c	GRAPHICS	0x98C4FE6EC34154CA	boolean	p0:string,ped:Ped,p2:integer,posX:number,posY:number,posZ:number	DrawShowroom
N_0x98d18905bf723b99	c	GRAPHICS	0x98D18905BF723B99	any		
N_0x98e2bc1ca26287c3	c	STATS	0x98E2BC1CA26287C3			
N_0x98edf76a7271e4f2	c	GRAPHICS	0x98EDF76A7271E4F2			
N_0x99093f60746708ca	c	VEHICLE	0x99093F60746708CA	Entity	vehicle:Vehicle	GetEntityAttachedToCargobob
N_0x9911f4a24485f653	c	PED	0x9911F4A24485F653		p0:boolean	
N_0x993cbe59d350d225	c	NETWORK	0x993CBE59D350D225	boolean	p0:any	UgcGetContentHasPlayerBookmarked
N_0x995a65f15f581359	c	MONEY	0x995A65F15F581359		amount:integer,p1:boolean,p2:boolean	NetworkSpentRobbedByMugger
N_0x996dd1e1e02f1008	c	MISC	0x996DD1E1E02F1008	integer		GetNumSuccessfulStuntJumps
N_0x998e18ceb44487fc	c	MONEY	0x998E18CEB44487FC		p0:any,p1:any,p2:any,p3:any	
N_0x99a05839c46ce316	c	VEHICLE	0x99A05839C46CE316		toggle:boolean	
N_0x99ac7f0d8b9c893d	c	GRAPHICS	0x99AC7F0D8B9C893D		p0:number	StartPetrolTrailDecals
N_0x99ad4cccb128cbc9	c	VEHICLE	0x99AD4CCCB128CBC9		vehicle:Vehicle	AddVehiclePhoneExplosiveDevice
N_0x99b72c7abde5c910	c	NETWORK	0x99B72C7ABDE5C910	boolean	ped:Ped,player:Player	NetworkApplyCachedPlayerHeadBlendData
N_0x99c82f8a139f3e4e	c	VEHICLE	0x99C82F8A139F3E4E		vehicle:Vehicle,toggle:boolean	SetVehicleKersAllowed
N_0x99cad8e7afdb60fa	c	VEHICLE	0x99CAD8E7AFDB60FA		vehicle:Vehicle,p1:number,p2:number	
N_0x9a2c8064b6c1e41a	c	SOCIALCLUB	0x9A2C8064B6C1E41A	boolean	p0:integer	ScInboxMessageDoApply
N_0x9a53ded9921de990	c	AUDIO	0x9A53DED9921DE990		ped:Ped,hash:Hash	SetAmbientVoiceNameHash
N_0x9a62ec95ae10e011	c	STATS	0x9A62EC95AE10E011	integer		
N_0x9a73240b49945c76	c	NETWORK	0x9A73240B49945C76	integer		GetCloudTimeAsInt
N_0x9a75585fb2e54fad	c	VEHICLE	0x9A75585FB2E54FAD		x:number,y:number,z:number,radius:number	SetVehicleGeneratorAreaOfInterest
N_0x9a77dfd295e29b09	c	PED	0x9A77DFD295E29B09		ped:Ped,toggle:boolean	
N_0x9a83f5f9963775ef	c	VEHICLE	0x9A83F5F9963775EF	boolean	vehicle:Vehicle	HaveVehicleModsStreamedIn
N_0x9a987297ed8bd838	c	PLAYER	0x9A987297ED8BD838		player:Player,crimeType:integer	SuppressCrimeThisFrame
N_0x9aa46badad0e27ed	c	NETWORK	0x9AA46BADAD0E27ED	any		NetworkGetPrimaryClanDataClear
N_0x9aa47fff660cb932	c	VEHICLE	0x9AA47FFF660CB932		vehicle:Vehicle,angle:number	SetVehicleFlightNozzlePositionImmediate
N_0x9ac92eed5e4793ab	c	AUDIO	0x9AC92EED5E4793AB			
N_0x9b079e5221d984d3	c	GRAPHICS	0x9B079E5221D984D3		p0:boolean	
N_0x9b2bd3773123ea2f	c	MISC	0x9B2BD3773123EA2F		dispatchService:integer,toggle:boolean	BlockDispatchServiceResourceCreation
N_0x9b4bd21d69b1e609	c	STATS	0x9B4BD21D69B1E609			
N_0x9b5016a6433a68c5	c	MONEY	0x9B5016A6433A68C5	any		
N_0x9b6e70c5ceef4eeb	c	GRAPHICS	0x9B6E70C5CEEF4EEB	any	p0:any	QueryMovieMeshSetState
N_0x9b9aa95688f78dd3	c	HUD	0x9C16459B2324B2CF		gamerTagId:integer,count:integer	SetMpGamerTagMpBagLargeCount
N_0x9ba001cb45cbf627	c	OBJECT	0x9BA001CB45CBF627		doorHash:Hash,distance:number,requestDoor:boolean,forceUpdate:boolean	DoorSystemSetAutomaticDistance
N_0x9bd7bd55e4533183	c	AUDIO	0x9BD7BD55E4533183		p0:any,p1:any,p2:any	
N_0x9bda23bf666f0855	c	VEHICLE	0x9BDA23BF666F0855		aircraft:Vehicle,count:integer	SetVehicleCountermeasureCount
N_0x9bddc73cc6a115d4	c	VEHICLE	0x9BDDC73CC6A115D4		vehicle:Vehicle,p1:boolean,p2:boolean	
N_0x9bea350d7c48061b	c	MONEY	0x9BEA350D7C48061B		p0:any,p1:any,p2:any,p3:any,p4:any	NetworkSpentAutoshopModifications
N_0x9becd4b9fef3f8a6	c	VEHICLE	0x9BECD4B9FEF3F8A6		vehicle:Vehicle,p1:boolean	
N_0x9bf438815f5d96ea	c	NETWORK	0x9BF438815F5D96EA	boolean,integer	p0:any,p1:any,p3:any,p4:any,p5:any	UgcQueryMyContent
N_0x9c11908013ea4715	c	AUDIO	0x9C11908013EA4715		vehicle:Vehicle	SoundVehicleHornThisFrame
N_0x9c6a6c19b6c0c496	c	PED	0x9C6A6C19B6C0C496	boolean,integer	ped:Ped,p1?:integer	
N_0x9c93764223e29c50	c	OBJECT	0x9C93764223E29C50	any	pickupHash:any,posX:number,posY:number,posZ:number,flags:integer,value:integer,modelHash:any,p7:boolean,p8:boolean	CreateNonNetworkedAmbientPickup
N_0x9cb0bfa7a9342c3d	c	DATAFILE	0x9CB0BFA7A9342C3D	boolean	p0:integer,p1:boolean	DatafileSelectUgcStats
N_0x9cfdd90b2b844bf7	c	GRAPHICS	0x9CFDD90B2B844BF7		p0:number,p1:number,p2:number,p3:number,p4:number	GolfTrailSetShaderParams
N_0x9d252648778160df	c	TASK	0x9D252648778160DF	any	p0:any	
N_0x9d26502bb97bfe62	c	MONEY	0x9D26502BB97BFE62		p0:any,p1:boolean,p2:boolean	NetworkSpentRequestHeist
N_0x9d30687c57baa0bb	c	VEHICLE	0x9D30687C57BAA0BB		p0:any	
N_0x9d3af56e94c9ae98	c	AUDIO	0x9D3AF56E94C9AE98		vehicle:Vehicle,time:number	SetHornPermanentlyOnTime
N_0x9d44fcce98450843	c	VEHICLE	0x9D44FCCE98450843		vehicle:Vehicle,toggle:boolean	SetVehicleSilent
N_0x9d4fdbb035229669	c	MONEY	0x9D4FDBB035229669		p0:any,p1:any,p2:any	NetworkEarnJobBonusHeistAward
N_0x9d724b400a7e8ffc	c	NETWORK	0x9D724B400A7E8FFC		p0:any,p1:any	
N_0x9d728c1e12bf5518	c	PED	0x9D728C1E12BF5518	integer	ped:Ped	GetPedHelmetStoredHatTexIndex
N_0x9d75795b9dc6ebbf	c	GRAPHICS	0x9D75795B9DC6EBBF		distance:number	SeethroughSetFadeEndDistance
N_0x9d7afcbf21c51712	c	NETWORK	0x9D7AFCBF21C51712		toggle:boolean	
N_0x9d8d44adbba61ef2	c	MISC	0x9D8D44ADBBA61EF2		toggle:boolean	SetPlayerRockstarEditorDisabled
N_0x9da58cdbf6bdbc08	c	WEAPON	0x9DA58CDBF6BDBC08	integer	srcCoord1X:number,srcCoord1Y:number,srcCoord1Z:number,srcCoord2X:number,srcCoord2Y:number,srcCoord2Z:number,fWidth:number,weaponPositionX:number,weaponPositionY:number,weaponPositionZ:number,weaponHash:Hash	CreateAirDefenceAngledArea
N_0x9dba107b4937f809	c	PED	0x9DBA107B4937F809		ped:Ped,p1:string	SetPedCoverClipsetOverride
N_0x9dce1f0f78260875	c	GRAPHICS	0x9DCE1F0F78260875		toggle:boolean	EnableAlienBloodVfx
N_0x9dd368bf06983221	c	NETWORK	0x9DD368BF06983221		player:Player,toggle:boolean	NetworkDisableInvincibleFlashing
N_0x9de5d2f723575ed0	c	SOCIALCLUB	0x9DE5D2F723575ED0	boolean		
N_0x9de986fc9a87c474	c	NETWORK	0x9DE986FC9A87C474	boolean	player:Player,index:integer	NetworkIsPlayerEqualToIndex
N_0x9dfe13ecdc1ec196	c	CAM	0x9DFE13ECDC1EC196		p0:boolean,p1:boolean	
N_0x9e30e91fb03a2caf	c	PED	0x9E30E91FB03A2CAF	boolean,integer,integer		
N_0x9e4cfff989258472	c	CAM	0x9E4CFFF989258472			InvalidateVehicleIdleCam
N_0x9e6542f0ce8e70a3	c	INTERIOR	0x9E6542F0CE8E70A3		toggle:boolean	
N_0x9e778248d6685fe0	c	HUD	0x9E778248D6685FE0		name:string	SetSocialClubTour
N_0x9e82f0f362881b29	c	MISC	0x9E82F0F362881B29	boolean,number	x:number,y:number,z:number,waterAsGround:boolean	GetGroundZExcludingObjectsFor_3dCoord
N_0x9ebc85ed0fffe51c	c	ENTITY	0x9EBC85ED0FFFE51C		entity:Entity,toggle:boolean,keepPhysics:boolean	SetEntityCompletelyDisableCollision
N_0x9ebd751e5787baf2	c	PHYSICS	0x9EBD751E5787BAF2		p0:boolean	
N_0x9ec8858184cd253a	c	STATS	0x9EC8858184CD253A	any		
N_0x9eca15adfe141431	c	NETWORK	0x9ECA15ADFE141431	boolean		ShutdownAndLoadMostRecentSave
N_0x9edd76e87d5d51ba	c	PLAYER	0x9EDD76E87D5D51BA		player:Player	
N_0x9f260bfb59adbca3	c	PLAYER	0x9F260BFB59ADBCA3		player:Player,entity:Entity	
N_0x9f3f689b814f2599	c	VEHICLE	0x9F3F689B814F2599		vehicle:Vehicle,p1:boolean	
N_0x9f5e6bb6b34540da	c	MISC	0x9F5E6BB6B34540DA		maxBumpiness:number	WaterOverrideSetRipplemaxbumpiness
N_0x9f6e2821885caee2	c	NETWORK	0x9F6E2821885CAEE2	boolean,integer,integer	p0:any,p1:any,p2:any	UgcGetCrewContent
N_0x9f97da93681f87ea	c	CAM	0x9F97DA93681F87EA			
N_0x9fcb3cbfb3ead69a	c	HUD	0x9FCB3CBFB3EAD69A		p0:integer,p1:number	
N_0x9fe5633880ecd8ed	c	WEAPON	0x9FE5633880ECD8ED		ped:Ped,weaponHash:Hash,camoComponentHash:Hash,colorIndex:integer	SetPedWeaponLiveryColor
N_0x9fedf86898f100e9	c	NETWORK	0x9FEDF86898F100E9	any		
N_0xa01bc64dd4bfbbac	c	VEHICLE	0xA01BC64DD4BFBBAC	Hash	vehicle:Vehicle,seatIndex:integer	
N_0xa0261aef7acfc51e	c	STREAMING	0xA0261AEF7ACFC51E		model:Hash	RequestMenuPedModel
N_0xa03502fc581f7d9b	c	CAM	0xA03502FC581F7D9B	number		GetFinalRenderedCamNearDof
N_0xa03d4ace0a3284ce	c	MONEY	0xA03D4ACE0A3284CE		amount:integer	NetworkEarnFromGangPickup
N_0xa049a5be0f04f2f8	c	MISC	0xA049A5BE0F04F2F8	boolean		IsCommandLineBenchmarkValueSet
N_0xa06509a691d12be4	c	NETWORK	0xA06509A691D12BE4	any		NetworkJoinGroupActivity
N_0xa071e0ed98f91286	c	STATS	0xA071E0ED98F91286		p0:any,p1:any	PlaystatsActivityDone
N_0xa08fe5e49bdc39dd	c	OBJECT	0xA08FE5E49BDC39DD		p0:any,p1:number,p2:boolean	
N_0xa091a5e44f0072e5	c	NETWORK	0xA091A5E44F0072E5	boolean	p0:any,p1:any,p2:any,p3:any	NetworkDoTransitionQuickmatchAsync
N_0xa097ab275061fb21	c	AUDIO	0xA097AB275061FB21	boolean		IsMusicOneshotPlaying
N_0xa09f896ce912481f	c	MISC	0xA09F896CE912481F	integer	p0:boolean	GetSizeOfSaveData
N_0xa0ad167e4b39d9a2	c	MISC	0xA0AD167E4B39D9A2	any	p0:any,p1:any,p2:any,p3:any,p4:any,p5:any,p6:any,p7:any,p8:any,p9:any,p10:any,p11:any,p12:any,p13:any	
N_0xa0cefcea390aab9b	c	PAD	0xA0CEFCEA390AAB9B		p0:any	
N_0xa0d3e4f7aafb7e78	c	PLAYER	0xA0D3E4F7AAFB7E78	any	player:Player,percentage:number	SetPlayerUnderwaterTimeRemaining
N_0xa0f8a7517a273c05	c	PATHFIND	0xA0F8A7517A273C05	boolean,vector3	x:number,y:number,z:number,heading:number,outPosition?:vector3	GetRoadBoundaryUsingHeading
N_0xa0f93d5465b3094d	c	STATS	0xA0F93D5465B3094D	boolean,integer	p0?:integer	
N_0xa0fa4ec6a05da44e	c	NETWORK	0xA0FA4EC6A05DA44E	any		
N_0xa0fe76168a189ddb	c	CUTSCENE	0xA0FE76168A189DDB	integer		
N_0xa1183bcfee0f93d1	c	MISC	0xA1183BCFEE0F93D1		player:Player	SetForcePlayerToJump
N_0xa12d3a5a3753cc23	c	NETWORK	0xA12D3A5A3753CC23	any		
N_0xa134777ff7f33331	c	NETWORK	0xA134777FF7F33331	boolean,integer	p0:any,p1?:integer	NetworkClanIsEmblemReady
N_0xa135ac892a58fc07	c	NETSHOPPING	0xA135AC892A58FC07	boolean	charSlot:integer	NetGameserverStartSession
N_0xa13c11e1b5c06bfc	c	HUD	0xA13C11E1B5C06BFC			ThefeedForceRenderOn
N_0xa13e93403f26c812	c	HUD	0xA13E93403F26C812	Hash	weaponTypeIndex:integer	HudWeaponWheelGetSlotHash
N_0xa1607996431332df	c	NETWORK	0xA1607996431332DF	boolean	netId:integer	IsNetworkIdOwnedByParticipant
N_0xa17784fca9548d15	c	HUD	0xA17784FCA9548D15		p0:any,p1:any,p2:any	
N_0xa17bad153b51547e	c	VEHICLE	0xA17BAD153B51547E		vehicle:Vehicle,p1:number	SetCargobobPickupMagnetEffectRadius
N_0xa1a9fc1c76a6730d	c	VEHICLE	0xA1A9FC1C76A6730D	boolean	model:Hash	IsThisModelAnAmphibiousQuadbike
N_0xa1ae736541b0fca3	c	PHYSICS	0xA1AE736541B0FCA3	integer	p1:boolean	
N_0xa1c996c2a744262e	c	CUTSCENE	0xA1C996C2A744262E	boolean	cutsceneName:string	HasCutFileLoaded
N_0xa1dd82f3ccf9a01e	c	VEHICLE	0xA1DD82F3CCF9A01E		vehicle:Vehicle,entity:Entity,p2:integer,x:number,y:number,z:number	AttachEntityToCargobob
N_0xa1e5e0204a6fcc70	c	NETWORK	0xA1E5E0204A6FCC70			UgcClearModifyResult
N_0xa213b11dff526300	c	DLC	0xA213B11DFF526300	boolean		
N_0xa21c118553bbdf02	c	PED	0xA21C118553BBDF02		ped:Ped	DisableHeadBlendPaletteColor
N_0xa238192f33110615	c	HUD	0xA238192F33110615	boolean,integer,integer,integer		
N_0xa247f9ef01d8082e	c	VEHICLE	0xA247F9EF01D8082E		p0:any	
N_0xa2716d40842eaf79	c	MISC	0xA2716D40842EAF79			ClearRestartCustomPosition
N_0xa2767257a320fc82	c	CAM	0xA2767257A320FC82		p0:any,p1:boolean	
N_0xa277800a9eae340e	c	HUD	0xA277800A9EAE340E	boolean		HasDirectorModeBeenTriggered
N_0xa29177f7703b5644	c	NETWORK	0xA29177F7703B5644			NetworkSessionForceCancelInvite
N_0xa2a707979fe754dc	c	NETWORK	0xA2A707979FE754DC		vehicle:Vehicle,multiplier:number	SetNetworkVehiclePositionUpdateMultiplier
N_0xa2ae5c478b96e3b6	c	PATHFIND	0xA2AE5C478B96E3B6	boolean	nodeID:integer	GetVehicleNodeIsGpsAllowed
N_0xa2c1f5e92afe49ed	c	OBJECT	0xA2C1F5E92AFE49ED			
N_0xa2c9ac24b4061285	c	WEAPON	0xA2C9AC24B4061285	integer	ped:Ped,weaponHash:Hash	
N_0xa2ccbe62cd4c91a4	c	MOBILE	0xA2CCBE62CD4C91A4	integer	toggle?:integer	
N_0xa2e9c1ab8a92e8cd	c	NETWORK	0xA2E9C1AB8A92E8CD		toggle:boolean	
N_0xa2f952104fc6dd4b	c	NETWORK	0xA2F952104FC6DD4B	boolean	index:integer	RequestCommerceItemImage
N_0xa306f470d1660581	c	NETWORK	0xA306F470D1660581	any		
N_0xa31fd15197b192bd	c	STATS	0xA31FD15197B192BD	boolean		LeaderboardsReadAnyPending
N_0xa356990e161c9e65	c	GRAPHICS	0xA356990E161C9E65		toggle:boolean	TerraingridActivate
N_0xa3a9299c4f2adb98	c	PED	0xA3A9299C4F2ADB98		ped:Ped	SetPedShouldPlayNormalScenarioExit
N_0xa3c53804bdb68ed2	c	STATS	0xA3C53804BDB68ED2		p0:any,p1:any	
N_0xa3f3564a5b3646c0	c	PED	0xA3F3564A5B3646C0	boolean	ped:Ped	
N_0xa40cc53df8e50837	c	SCRIPT	0xA40CC53DF8E50837	integer	eventGroup:integer,eventDataSize:integer,playerBits:integer	TriggerScriptEvent_2
N_0xa40f9c2623f6a8b5	c	MONEY	0xA40F9C2623F6A8B5	integer	characterSlot:integer	NetworkGetVcWalletBalance
N_0xa41bcd7213805aac	c	CAM	0xA41BCD7213805AAC		enable:boolean	ForceCinematicRenderingThisUpdate
N_0xa44ff770dfbc5dae	c	GRAPHICS	0xA44FF770DFBC5DAE			RegisterNoirScreenEffectThisFrame
N_0xa4664972a9b8f8ba	c	GRAPHICS	0xA4664972A9B8F8BA	vector3	p0:integer	GolfTrailGetVisualControlPoint
N_0xa468e0be12b12c70	c	SOCIALCLUB	0xA468E0BE12B12C70	boolean		
N_0xa46b73faa3460ae1	c	GRAPHICS	0xA46B73FAA3460AE1		p0:boolean	
N_0xa4819f5e23e2ffad	c	GRAPHICS	0xA4819F5E23E2FFAD	number		GolfTrailGetMaxHeight
N_0xa4822f1cf23f4810	c	VEHICLE	0xA4822F1CF23F4810	boolean,vector3,vector3,vector3	p3:any,p4:any,p5:any,p6:any,p7:any,p8:any	
N_0xa48931185f0536fe	c	HUD	0xA48931185F0536FE	Hash		HudWeaponWheelGetSelectedHash
N_0xa4a0065e39c9f25c	c	MISC	0xA4A0065E39C9F25C	boolean,vector3,number,boolean,boolean		
N_0xa4a9a4c40e615885	c	VEHICLE	0xA4A9A4C40E615885		p0:any	
N_0xa4dede28b1814289	c	HUD	0xA4DEDE28B1814289			HideAreaAndVehicleNameThisFrame
N_0xa51338e0dccd4065	c	MONEY	0xA51338E0DCCD4065		p0:any,p1:any,p2:any	
N_0xa51b086b0b2c0f7a	c	MONEY	0xA51B086B0B2C0F7A		p0:any,p1:any,p2:any,p3:any	
N_0xa51c4b86b71652ae	c	GRAPHICS	0xA51C4B86B71652AE		toggle:boolean	GolfTrailSetEnabled
N_0xa52d5247a4227e14	c	PED	0xA52D5247A4227E14		p0:any	
N_0xa5342d390cda41d6	c	AUDIO	0xA5342D390CDA41D6		ped:Ped,p1:boolean	SetPedAudioGender
N_0xa586fbeb32a53dbb	c	PED	0xA586FBEB32A53DBB	boolean		SpawnpointsIsSearchComplete
N_0xa5c80d8e768a9e66	c	STATS	0xA5C80D8E768A9E66	boolean	platformName:string	StatMigrateSave
N_0xa5eafe473e45c442	c	NETWORK	0xA5EAFE473E45C442		ped:Ped,netSceneID:integer,animDict:string,animClip:string,blendIn:number,blendOut:number,sceneFlags:integer,ragdollFlags:integer,moverBlendInDelta:number,ikFlags:integer	NetworkAddPedToSynchronisedSceneWithIk
N_0xa5efc3e847d60507	c	DATAFILE	0xA5EFC3E847D60507	boolean	contentName:string,description:string,tagsCsv:string,contentTypeName:string,publish:boolean	UgcCreateMission
N_0xa5f377b175a699c5	c	AUDIO	0xA5F377B175A699C5		timeMs:integer	SetAudioScriptCleanupTime
N_0xa635c11b8c44afc2	c	PED	0xA635C11B8C44AFC2	integer		SpawnpointsGetNumSearchResults
N_0xa6385deb180f319f	c	CAM	0xA6385DEB180F319F		cam:Cam,p1:integer,scale:number	SetCamSplineNodeVelocityScale
N_0xa65568121df2ea26	c	NETSHOPPING	0xA65568121DF2EA26	boolean		NetGameserverBasketEnd
N_0xa6575914d2a0b450	c	INTERIOR	0xA6575914D2A0B450	Hash		GetRoomKeyForGameViewport
N_0xa660faf550eb37e5	c	PED	0xA660FAF550EB37E5		p0:any,p1:boolean	
N_0xa67c35c56eb1bd9d	c	GRAPHICS	0xA67C35C56EB1BD9D	boolean		BeginTakeHighQualityPhoto
N_0xa67f9c46d612b6f1	c	HUD	0xA67F9C46D612B6F1		gamerTagId:integer,toggle:boolean	SetMpGamerTagUseVehicleHealth
N_0xa68d3d229f4f3b06	c	SOCIALCLUB	0xA68D3D229F4F3B06		data:string	ScInboxMessageSendUgcStatUpdateEvent
N_0xa699957e60d80214	c	NETWORK	0xA699957E60D80214	boolean	index:integer	NetworkHasRosPrivilege
N_0xa69ac4ade82b57a4	c	DATAFILE	0xA69AC4ADE82B57A4	boolean	p0:integer	DatafileSelectUgcData
N_0xa6a12939f16d85be	c	MISC	0xA6A12939F16D85BE		hash:Hash,p1:boolean	RemoveStealthKill
N_0xa6d3a8750dc73270	c	VEHICLE	0xA6D3A8750DC73270		vehicle:Vehicle,livery:integer	SetVehicleRoofLivery
N_0xa6eef01087181edd	c	DATAFILE	0xA6EEF01087181EDD	any	p0:any,p1:any	
N_0xa6f54bb2ffca35ea	c	STATS	0xA6F54BB2FFCA35EA		p0:any	
N_0xa6fa3979bed01b81	c	MONEY	0xA6FA3979BED01B81	string		NetworkGetStringBankBalance
N_0xa6fceccf4721d679	c	NETWORK	0xA6FCECCF4721D679		p0:any	
N_0xa7092afe81944852	c	CAM	0xA7092AFE81944852			
N_0xa72200f51875fea4	c	PLAYER	0xA72200F51875FEA4	integer		GetWantedLevelParoleDuration
N_0xa72835064dd63e4c	c	NETWORK	0xA72835064DD63E4C	integer		GetMaxNumNetworkPickups
N_0xa735353c77334ea0	c	MISC	0xA735353C77334EA0	integer	name:string	RegisterInt64ToSave
N_0xa73667484d7037c3	c	NETWORK	0xA73667484D7037C3		toggle:boolean	NetworkSessionBlockJoinRequests
N_0xa736cf7fb7c5bff4	c	STATS	0xA736CF7FB7C5BFF4	integer,integer,integer,integer		
N_0xa74802fb8d0b7814	c	MISC	0xA74802FB8D0B7814		name:string,p1:number	UnloadCloudHat
N_0xa75ccf58a60a5fd1	c	MONEY	0xA75CCF58A60A5FD1		p0:any,p1:any,p2:any,p3:any,p4:any,p5:any,p6:any,p7:any,p8:any,p9:any	NetworkSpentVehicleExportMods
N_0xa75e2b6733da5142	c	NETWORK	0xA75E2B6733DA5142	boolean		FacebookDoUnkCheck
N_0xa75eac69f59e96e7	c	MONEY	0xA75EAC69F59E96E7		p0:any	NetworkEarnFromClubManagementParticipation
N_0xa761d4ac6115623d	c	STATS	0xA761D4AC6115623D	any		
N_0xa76359fc80b2438e	c	STREAMING	0xA76359FC80B2438E		scaling:number	OverrideLodscaleThisFrame
N_0xa770c8eec6fb2ac5	c	SOCIALCLUB	0xA770C8EEC6FB2AC5	boolean,number	name:string,outValue?:number	ScGamerdataGetFloat
N_0xa7862bc5ed1dfd7e	c	NETWORK	0xA7862BC5ED1DFD7E	boolean,integer,integer	p0:any,p1:any	
N_0xa78b8fa58200da56	c	STATS	0xA78B8FA58200DA56		p0:integer	
N_0xa78de25577300ba1	c	GRAPHICS	0xA78DE25577300BA1		distance:number	SeethroughSetFadeStartDistance
N_0xa7a1127490312c36	c	MISC	0xA7A1127490312C36		maxAmplitude:number	WaterOverrideSetShorewavemaxamplitude
N_0xa7bab11e7c9c6c5a	c	NETWORK	0xA7BAB11E7C9C6C5A	integer	p0:integer	UgcGetContentCategory
N_0xa7c511fa1c5bda38	c	NETWORK	0xA7C511FA1C5BDA38		player:Player,p1:boolean	SetRelationshipToPlayer
N_0xa7dcdf4ded40a8f4	c	VEHICLE	0xA7DCDF4DED40A8F4		vehicle:Vehicle,p1:boolean	
N_0xa7e30de9272b6d49	c	NETWORK	0xA7E30DE9272B6D49		entity:Entity,x:number,y:number,z:number,heading:number	NetworkOverrideCoordsAndHeading
N_0xa7ffba498e4aaf67	c	TASK	0xA7FFBA498E4AAF67	boolean	ped:Ped,signalName:string	GetTaskMoveNetworkSignalBool
N_0xa80ae305e0a3044f	c	ENTITY	0xA80AE305E0A3044F		entity:Entity,toggle:boolean	SetCanClimbOnEntity
N_0xa8434f1dff41d6e7	c	MISC	0xA8434F1DFF41D6E7		p0:number	WaterOverrideFadeIn
N_0xa85a21582451e951	c	OBJECT	0xA85A21582451E951		doorHash:Hash,p1:boolean	
N_0xa86911979638106f	c	HUD	0xA86911979638106F		buttonIndex:integer	EndTextCommandOverrideButtonText
N_0xa8733668d1047b51	c	STATS	0xA8733668D1047B51		p0:any	
N_0xa8a024587329f36a	c	NETWORK	0xA8A024587329F36A		netId:integer,player:Player,toggle:boolean	SetNetworkIdAlwaysExistsForPlayer
N_0xa8a7d434afb4b97b	c	AUDIO	0xA8A7D434AFB4B97B		groupName:string,contextBlockTarget:integer	BlockSpeechContextGroup
N_0xa8acb6459542a8c8	c	NETWORK	0xA8ACB6459542A8C8	any		
N_0xa8b6afdac320ac87	c	HUD	0xA8B6AFDAC320AC87		blip:Blip,heading:number	SetBlipSquaredRotation
N_0xa8fdb297a8d25fba	c	HUD	0xA8FDB297A8D25FBA			ThefeedFlushQueue
N_0xa905192a6781c41b	c	HUD	0xA905192A6781C41B		x:number,y:number,z:number	AddPointToGpsMultiRoute
N_0xa90e7227a9303fa9	c	OBJECT	0x8881C98A31117998		p0:any	N_0x8881c98a31117998
N_0xa921ded15fdf28f5	c	MONEY	0xA921DED15FDF28F5		characterSlot:integer	NetworkClearCharacterWallet
N_0xa9240a96c74cca13	c	NETWORK	0xA9240A96C74CCA13	boolean	p0:any	UgcGetContentIsVerified
N_0xa943fd1722e11efd	c	STATS	0xA943FD1722E11EFD	any		
N_0xa95cfb4e02390842	c	MONEY	0xA95CFB4E02390842		p0:any,p1:any,p2:any	
N_0xa95f667a755725da	c	MONEY	0xA95F667A755725DA		p0:any,p1:any,p2:any,p3:any	
N_0xa97f257d0151a6ab	c	INTERIOR	0xA97F257D0151A6AB		mapObjectHash:Hash	EnableExteriorCullModelThisFrame
N_0xa9b61a329bfdcbea	c	PED	0xA9B61A329BFDCBEA		p0:any,p1:boolean	
N_0xa9cbfd40b3fa3010	c	HUD	0xA9CBFD40B3FA3010	boolean		ThefeedIsPaused
N_0xa9f9c2e0fde11cbb	c	FILES	0xA9F9C2E0FDE11CBB	boolean,integer	outfitHash:Hash,variantIndex:integer,outPropVariant?:integer	GetShopPedOutfitPropVariant
N_0xaa059c615de9dd03	c	OBJECT	0xAA059C615DE9DD03		p0:any,p1:any	
N_0xaa19f5572c38b564	c	AUDIO	0xAA19F5572C38B564	integer	textLabel:string	GetVariationChosenForScriptedLine
N_0xaa295b6f28bd587d	c	HUD	0xAA295B6F28BD587D	integer	textureDict:string,textureName:string,rpBonus:integer,colorOverlay:integer,titleLabel:string	EndTextCommandThefeedPostAward
N_0xaa3f739abddcf21f	c	VEHICLE	0xAA3F739ABDDCF21F			ClearVehiclePhoneExplosiveDevice
N_0xaa525dff66bb82f5	c	STATS	0xAA525DFF66BB82F5		p0:any,p1:any,p2:any	
N_0xaa5fafcd2c5f5e47	c	NETWORK	0xAA5FAFCD2C5F5E47	vector3		
N_0xaa653ae61924b0a0	c	VEHICLE	0xAA653AE61924B0A0		vehicle:Vehicle,toggle:boolean	
N_0xaa6a47a573abb75a	c	NETWORK	0xAA6A47A573ABB75A	boolean	tunableContext:string,tunableName:string	NetworkAccessTunableBool
N_0xaa6a6098851c396f	c	PHYSICS	0xAA6A6098851C396F		toggle:boolean	SetLaunchControlEnabled
N_0xaa76052dda9bfc3e	c	PATHFIND	0xAA76052DDA9BFC3E		p0:any,p1:any,p2:any,p3:any,p4:any,p5:any,p6:any	
N_0xaaa553e7dd28a457	c	NETWORK	0xAAA553E7DD28A457		toggle:boolean	SetNetworkCutsceneEntities
N_0xaaa6a3698a69e048	c	PED	0xAAA6A3698A69E048	any	p0:any	
N_0xaab3200ed59016bc	c	STREAMING	0xAAB3200ED59016BC		ped:Ped,flags:integer,switchType:integer	SwitchToMultiFirstpart
N_0xaabd62873ffb1a33	c	CAM	0xAABD62873FFB1A33		p0:any,p1:any	
N_0xaae9be70ec7c69ab	c	GRAPHICS	0xAAE9BE70EC7C69AB		p0:any,p1:any,p2:any,p3:any,p4:any,p5:any,p6:any,p7:any	
N_0xab04325045427aae	c	VEHICLE	0xAB04325045427AAE		vehicle:Vehicle,p1:boolean	
N_0xab13a5565480b6d9	c	TASK	0xAB13A5565480B6D9	any	ped:Ped,p1:string	
N_0xab31ef4de6800ce9	c	VEHICLE	0xAB31EF4DE6800CE9		p0:any,p1:any	
N_0xab3caa6b422164da	c	MONEY	0xAB3CAA6B422164DA	boolean	p0:any,p1:boolean,p2:boolean,p3:boolean,p4:any	NetworkCanSpendMoney
N_0xab58c27c2e6123c6	c	GRAPHICS	0xAB58C27C2E6123C6	boolean	functionName:string	BeginScaleformMovieMethodOnFrontend
N_0xab6781a5f3101470	c	AUDIO	0xAB6781A5F3101470		ped:Ped,shouldDisable:boolean	StopPedSpeakingSynced
N_0xaba17d7ce615adbf	c	HUD	0xABA17D7CE615ADBF		string:string	BeginTextCommandBusyspinnerOn
N_0xabb2fa71c83a1b72	c	MISC	0xABB2FA71C83A1B72	integer		GetPowerSavingModeDuration
N_0xabd5e88b8a2d3db2	c	NETWORK	0xABD5E88B8A2D3DB2	integer	globalPtr?:integer	NetworkSessionVoiceConnectToPlayer
N_0xac272c0ae01b4bd8	c	MONEY	0xAC272C0AE01B4BD8		p0:any,p1:any,p2:any,p3:any	NetworkSpentBuyTruck
N_0xac2890471901861c	c	MOBILE	0xAC2890471901861C		p0:number	
N_0xacb5dcca1ec76840	c	AUDIO	0xACB5DCCA1EC76840	Hash	vehicle:Vehicle	GetVehicleDefaultHornIgnoreMods
N_0xaccfb4acf53551b0	c	STREAMING	0xACCFB4ACF53551B0	boolean	x:number,y:number,z:number,radius:number,p4:any	NewLoadSceneStartSphere
N_0xacfb2463cc22bed2	c	VEHICLE	0xACFB2463CC22BED2		vehicle:Vehicle	SetLastDrivenVehicle
N_0xad27d957598e49e9	c	PED	0xAD27D957598E49E9		ped:Ped,p1:any,p2:number,hash:Hash,p4:any,p5:any	
N_0xad2d28a1afdff131	c	VEHICLE	0xAD2D28A1AFDFF131		vehicle:Vehicle,multiplier:number	SetPlaneTurbulenceMultiplier
N_0xad5fdf34b81bfe79	c	STREAMING	0xAD5FDF34B81BFE79			AllowPlayerSwitchDescent
N_0xad6875bbc0fc899c	c	DATAFILE	0xAD6875BBC0FC899C		id:integer	DatafileWatchRequestId
N_0xad73ce5a09e42d12	c	PLAYER	0xAD73CE5A09E42D12		player:Player	
N_0xadb57e5b663cca8b	c	NETWORK	0xADB57E5B663CCA8B	number,number	p0:Player	
N_0xadd6627c4d325458	c	GRAPHICS	0xADD6627C4D325458		p0:any	
N_0xaddd1c754e2e2914	c	STATS	0xADDD1C754E2E2914		p0:any,p1:any,p2:any,p3:any,p4:any,p5:any,p6:any,p7:any,p8:any,p9:any	PlaystatsRaceToPointMissionDone
N_0xaded7f5748acafe6	c	HUD	0xADED7F5748ACAFE6			ThefeedAutoPostGametipsOff
N_0xadf084fb8f075d06	c	OBJECT	0xADF084FB8F075D06	boolean	p0:Object	
N_0xae3fee8709b39dcb	c	VEHICLE	0xAE3FEE8709B39DCB	boolean	vehicle:Vehicle	
N_0xae4e8157d9ecf087	c	GRAPHICS	0xAE4E8157D9ECF087			EndTextCommandUnparsedScaleformString
N_0xae51bc858f32ba66	c	GRAPHICS	0xAE51BC858F32BA66		p0:any,p1:number,p2:number,p3:number,p4:number	
N_0xaeab987727c5a8a4	c	NETWORK	0xAEAB987727C5A8A4	boolean	p0:any	
N_0xaedf1bc1c133d6e3	c	NETWORK	0xAEDF1BC1C133D6E3			
N_0xaeef48cdf5b6ce7c	c	NETWORK	0xAEEF48CDF5B6CE7C	boolean	p0:integer,player:Player	NetworkHaveCommunicationPrivileges
N_0xaef12960fa943792	c	VEHICLE	0xAEF12960FA943792	boolean	vehicle:Vehicle	AreHeliStubWingsDeployed
N_0xaf03011701811146	c	VEHICLE	0xAF03011701811146	any	vehicle:Vehicle,entity:Entity	DetachEntityFromCargobob
N_0xaf12610c644a35c9	c	STREAMING	0xAF12610C644A35C9		name:string,toggle:boolean	SetMapdatacullboxEnabled
N_0xaf348afcb575a441	c	INTERIOR	0xAF348AFCB575A441		roomName:string	
N_0xaf42195a42c63bba	c	HUD	0xAF42195A42C63BBA	boolean		IsWarningMessageReadyForControl
N_0xaf50da1a3f8b1ba4	c	NETWORK	0xAF50DA1A3F8B1BA4	boolean,integer	loadingState?:integer	NetworkCanAccessMultiplayer
N_0xaf60e6a2936f982a	c	VEHICLE	0xAF60E6A2936F982A		p0:any,p1:any	
N_0xaf66059a131aa269	c	NETWORK	0xAF66059A131AA269		p0:boolean	NetworkOverrideTransitionChat
N_0xaf66dcee6609b148	c	RECORDING	0xAF66DCEE6609B148			DisableRockstarEditorCameraChanges
N_0xaf754f20eb5cd51a	c	HUD	0xAF754F20EB5CD51A	boolean		IsMinimapRendering
N_0xafc7e5e075a96f46	c	STATS	0xAFC7E5E075A96F46		p0:number,p1:number,p2:number	PlaystatsCrateCreated
N_0xafc976fd0580c7b3	c	PED	0xAFC976FD0580C7B3		ped:Ped,toggle:boolean	
N_0xafe08b35ec0c9eae	c	MONEY	0xAFE08B35EC0C9EAE		amount:integer,p1:boolean,p2:boolean	NetworkPayUtilityBill
N_0xafe24e4d29249e4a	c	OBJECT	0xAFE24E4D29249E4A	boolean	object:Object,p1:number,p2:number,p3:boolean	
N_0xaff4710e2a0a6c12	c	PED	0xAFF4710E2A0A6C12		ped:Ped	DropAmbientProp
N_0xaff47709f1d5dcce	c	STATS	0xAFF47709F1D5DCCE	any		
N_0xb055a34527cb8fd7	c	VEHICLE	0xB055A34527CB8FD7		vehicle:Vehicle,toggle:boolean	SetVehicleForceAfterburner
N_0xb07d3185e11657a5	c	NETWORK	0xB07D3185E11657A5	boolean	entity:Entity	NetworkHasEntityBeenRegisteredWithThisThread
N_0xb088e9a47ae6edd5	c	VEHICLE	0xB088E9A47AE6EDD5		vehicle:Vehicle,p1:boolean	SetDisableSuperdummyMode
N_0xb08b85d860e7ba3c	c	MISC	0xB08B85D860E7BA3C		incidentId:integer,dispatchService:integer,numUnits:integer	SetIncidentRequestedUnits
N_0xb094bc1db4018240	c	HUD	0xB094BC1DB4018240		hudIndex:integer,entity:Entity,offsetX:number,offsetY:number	SetFloatingHelpTextToEntity
N_0xb09d25e77c33eb3f	c	VEHICLE	0xB09D25E77C33EB3F	boolean,integer	ped:Ped,vehicle:Vehicle,outIndex?:integer	IsPedExclusiveDriverOfVehicle
N_0xb0a6cfd2c69c1088	c	TASK	0xB0A6CFD2C69C1088		ped:Ped,signalName:string,value:boolean	SetTaskMoveNetworkSignalBool
N_0xb0ad1238a709b1a2	c	VEHICLE	0xB0AD1238A709B1A2	boolean	boat:Vehicle	IsBoatAnchored
N_0xb0c56bd3d808d863	c	LOADINGSCREEN	0xB0C56BD3D808D863		toggle:boolean	LoadingscreenSetLoadFreemode
N_0xb11d94bc55f41932	c	GRAPHICS	0xB11D94BC55F41932		type:string	CascadeShadowsSetShadowSampleType
N_0xb1252e3e59a82aaf	c	WATER	0xB1252E3E59A82AAF		p0:integer	RemoveCurrentRise
N_0xb129e447a2eda4bf	c	MISC	0xB129E447A2EDA4BF		id:integer,p1:boolean	RemovePopMultiplierArea
N_0xb1381b97f70c7b30	c	CAM	0xB1381B97F70C7B30			
N_0xb13dcb4c6faad238	c	HUD	0xB13DCB4C6FAAD238		ped:Ped,hasCone:boolean,color:integer	SetPedHasAiBlipWithColor
N_0xb13e88e655e5a3bc	c	NETWORK	0xB13E88E655E5A3BC			
N_0xb1577667c3708f9b	c	SCRIPT	0xB1577667C3708F9B			LockLoadingScreenButtons
N_0xb17bc6453f6cf5ac	c	ENTITY	0xB17BC6453F6CF5AC		p0:any,p1:any	
N_0xb1b6216ca2e7b55e	c	PHYSICS	0xB1B6216CA2E7B55E		p0:any,p1:boolean,p2:boolean	
N_0xb1bb03742917a5d6	c	GRAPHICS	0xB1BB03742917A5D6		type:integer,xPos:number,yPos:number,zPos:number,p4:number,red:integer,green:integer,blue:integer,alpha:integer	GolfTrailSetFixedControlPoint
N_0xb1cc1b9ec3007a2a	c	MONEY	0xB1CC1B9EC3007A2A		amount:integer	NetworkEarnFromCrateDrop
N_0xb1d2bb1e1631f5b1	c	STATS	0xB1D2BB1E1631F5B1	boolean		
N_0xb20834a7dd3d8896	c	OBJECT	0xB20834A7DD3D8896		entity:Object,toggle:boolean,p2:integer,ped:Ped	SetEnableArenaPropPhysicsOnPed
N_0xb2092a1eaa7fd45f	c	NETWORK	0xB2092A1EAA7FD45F	boolean	player:Player	IsDamageTrackerActiveOnPlayer
N_0xb214d570ead7f81a	c	PLAYER	0xB214D570EAD7F81A		player:Player,p1:integer	SetSpecialAbility
N_0xb24f0944da203d9e	c	NETSHOPPING	0xB24F0944DA203D9E	boolean	charSlot:integer	NetGameserverIsSessionValid
N_0xb251e0b33e58b424	c	VEHICLE	0xB251E0B33E58B424		vehicle:Vehicle,deploy:boolean,p2:boolean	SetDeployHeliStubWings
N_0xb264c4d2f2b0a78b	c	VEHICLE	0xB264C4D2F2B0A78B		vehicle:Vehicle	AllowAmbientVehiclesToAvoidAdverseConditions
N_0xb26f670685631727	c	STATS	0xB26F670685631727		p0:any	
N_0xb282749d5e028163	c	PED	0xB282749D5E028163		p0:any,p1:any	
N_0xb28b1fe5bfadd7f5	c	VEHICLE	0xB28B1FE5BFADD7F5		boat:Vehicle,toggle:boolean	SetForceLowLodAnchorMode
N_0xb2a592b04648a9cb	c	HUD	0xB2A592B04648A9CB	boolean		BusyspinnerIsDisplaying
N_0xb2aff10216defa2f	c	PED	0xB2AFF10216DEFA2F		x:number,y:number,z:number,p3:number,p4:number,p5:number,p6:number,interiorFlags:integer,scale:number,duration:integer	SpawnpointsStartSearchInAngledArea
N_0xb2d06faede65b577	c	VEHICLE	0xB2D06FAEDE65B577	Vehicle		GetLastDrivenVehicle
N_0xb2d0bde54f0e8e5a	c	OBJECT	0xB2D0BDE54F0E8E5A		object:Object,toggle:boolean	
N_0xb2e0c0d6922d31f2	c	VEHICLE	0xB2E0C0D6922D31F2		vehicle:Vehicle,toggle:boolean	
N_0xb2ebe8cbc58b90e9	c	GRAPHICS	0xB2EBE8CBC58B90E9	any		
N_0xb309ebea797e001f	c	NETWORK	0xB309EBEA797E001F	any	p0:any	
N_0xb328dcc3a3aa401b	c	ENTITY	0xB328DCC3A3AA401B	integer	entity:Entity	GetEntityBoneCount
N_0xb3352e018d6f89df	c	PED	0xB3352E018D6F89DF		toggle:boolean	
N_0xb335f761606db47c	c	MISC	0xB335F761606DB47C	boolean,integer,integer	p3:any,p4:boolean	GetBaseElementMetadata
N_0xb37e4e6a2388ca7b	c	NETWORK	0xB37E4E6A2388CA7B	boolean		
N_0xb3c641f3630bf6da	c	GRAPHICS	0xB3C641F3630BF6DA		p0:number	
N_0xb3cd58cca6cda852	c	MISC	0xB3CD58CCA6CDA852			ClearTacticalAnalysisPoints
N_0xb3da2606774a8e2d	c	STATS	0xB3DA2606774A8E2D	boolean		
N_0xb3e6360dde733e82	c	MISC	0xB3E6360DDE733E82		maxAmplitude:number	WaterOverrideSetOceanwavemaxamplitude
N_0xb3ea4feabf41464b	c	WEAPON	0xB3EA4FEABF41464B	integer	weaponObject:Object,camoComponentHash:Hash	GetWeaponObjectLiveryColor
N_0xb3eca65c7317f174	c	OBJECT	0xB3ECA65C7317F174	number		GetPickupGenerationRangeMultiplier
N_0xb3f64a6a91432477	c	NETWORK	0xB3F64A6A91432477	boolean		NetworkClanAnyDownloadMembershipPending
N_0xb40f96d6d252839b	c	MONEY	0xB40F96D6D252839B		p0:any,p1:any,p2:any,p3:any	NetworkSpentAutoshopPropertyUtilityFee
N_0xb4271092ca7edf48	c	NETWORK	0xB4271092CA7EDF48	string	index:integer	GetCommerceItemName
N_0xb45085b721efd38c	c	VEHICLE	0xB45085B721EFD38C	string	vehicle:Vehicle,p1:boolean	GetVehicleModColor_1Name
N_0xb45eff719d8427a6	c	PLAYER	0xB45EFF719D8427A6		p0:number	
N_0xb475f27c6a994d65	c	STATS	0xB475F27C6A994D65			SetProfileSettingPrologueComplete
N_0xb4771b9aaf4e68e4	c	WEAPON	0xB4771B9AAF4E68E4		ped:Ped,weaponHash:Hash,toggle:boolean	SetCanPedEquipWeapon
N_0xb48fced898292e52	c	OBJECT	0xB48FCED898292E52	Object	x:number,y:number,z:number,radius:number,name:string	GetRayfireMapObject
N_0xb49eca122467d05f	c	MONEY	0xB49ECA122467D05F		p0:any,p1:any,p2:any,p3:any	NetworkSpentPaServiceDancer
N_0xb4ab419e0d86acae	c	NETWORK	0xB4AB419E0D86ACAE		p0:integer,p1:boolean	NetworkSessionChangeSlots
N_0xb4bbfd9cd8b3922b	c	AUDIO	0xB4BBFD9CD8B3922B		portalSettingsName:string	RemovePortalSettingsOverride
N_0xb4c2ec463672474e	c	MONEY	0xB4C2EC463672474E		p0:any,p1:any,p2:any,p3:any	
N_0xb4c8d77c80c0421e	c	WEAPON	0xB4C8D77C80C0421E	Object	ped:Ped,p1:number	SetPedShootOrdnanceWeapon
N_0xb4deae67f35e2acd	c	MONEY	0xB4DEAE67F35E2ACD		p0:any	
N_0xb4f47213df45a64c	c	TASK	0xB4F47213DF45A64C	boolean	ped:Ped,eventName:string	GetTaskMoveNetworkEvent
N_0xb4f90faf7670b16f	c	AUDIO	0xB4F90FAF7670B16F			CancelAllPoliceReports
N_0xb5074db804e28ce7	c	NETWORK	0xB5074DB804E28CE7	any		NetworkGetPrimaryClanDataPending
N_0xb50eb4ccb29704ac	c	PED	0xB50EB4CCB29704AC		ped:Ped	ClearPedScubaGearVariation
N_0xb51b9ab9ef81868c	c	MISC	0xB51B9AB9EF81868C		toggle:boolean	
N_0xb542de8c3d1cb210	c	AUDIO	0xB542DE8C3D1CB210		p0:boolean	
N_0xb552929b85fc27ec	c	HUD	0xB552929B85FC27EC		p0:any,p1:any	
N_0xb569f41f3e7e83a4	c	GRAPHICS	0xB569F41F3E7E83A4		p0:any	
N_0xb56bbbcc2955d9cb	c	CUTSCENE	0xB56BBBCC2955D9CB	boolean		CanRequestAssetsForCutsceneEntity
N_0xb57a49545ba53ce7	c	NETWORK	0xB57A49545BA53CE7	boolean,integer	networkHandle?:integer	NetworkCanViewGamerUserContent
N_0xb57d8dd645cfa2cf	c	HUD	0xB57D8DD645CFA2CF			ClearReminderMessage
N_0xb5a4db34fe89b88a	c	STREAMING	0xB5A4DB34FE89B88A			InitCreatorBudget
N_0xb5b58e24868cb09e	c	MONEY	0xB5B58E24868CB09E		p0:any,p1:any,p2:any,p3:any,p4:any	
N_0xb5b7742424bd4445	c	OBJECT	0xB5B7742424BD4445		p0:any,p1:any	
N_0xb5c51b5502e85e83	c	VEHICLE	0xB5C51B5502E85E83		vehicle:Vehicle,ped:Ped,index:integer	SetVehicleExclusiveDriver_2
N_0xb5cc40fbcb586380	c	VEHICLE	0xB5CC40FBCB586380	boolean	vehicle:Vehicle	IsVehicleSirenAudioOn
N_0xb5d3453c98456528	c	NETWORK	0xB5D3453C98456528	any		
N_0xb606e6cc59664972	c	NETWORK	0xB606E6CC59664972		p0:any	
N_0xb6871b0555b02996	c	HUD	0xB6871B0555B02996	integer	ch1TXD:string,ch1TXN:string,val1:integer,ch2TXD:string,ch2TXN:string,val2:integer	EndTextCommandThefeedPostVersusTu
N_0xb68cfaf83a02768d	c	VEHICLE	0xB68CFAF83A02768D		vehicle:Vehicle,toggle:boolean	
N_0xb695e2cd0a2da9ee	c	HUD	0xB695E2CD0A2DA9EE			ThefeedSpsExtendWidescreenOff
N_0xb6e6fba95c7324ac	c	OBJECT	0xB6E6FBA95C7324AC		doorHash:Hash,ajar:number,requestDoor:boolean,forceUpdate:boolean	DoorSystemSetOpenRatio
N_0xb7257ba2550ea10a	c	STATS	0xB7257BA2550EA10A		p0:any,p1:any,p2:any,p3:any,p4:any,p5:any,p6:any	PlaystatsCopyRankIntoNewSlot
N_0xb743f735c03d7810	c	PHYSICS	0xB743F735C03D7810		ropeId:integer,p1:integer	
N_0xb746d20b17f2a229	c	NETWORK	0xB746D20B17F2A229	boolean,integer,integer		
N_0xb782f8238512bad5	c	PED	0xB782F8238512BAD5	integer	p0:any,p1?:integer	SpawnpointsGetSearchResultFlags
N_0xb7b873520c84c118	c	HUD	0xB7B873520C84C118			
N_0xb7c6d80fb371659a	c	OBJECT	0xB7C6D80FB371659A			
N_0xb7c7f6ad6424304b	c	NETWORK	0xB7C7F6AD6424304B			NetworkUpdatePlayerScars
N_0xb7ed70c49521a61d	c	GRAPHICS	0xB7ED70C49521A61D		decalType:integer	UnpatchDecalDiffuseMap
N_0xb81656bc81fe24d1	c	HUD	0xB81656BC81FE24D1		blip:Blip,toggle:boolean	ShowOutlineIndicatorOnBlip
N_0xb81cf134aeb56ffb	c	AUDIO	0xB81CF134AEB56FFB			EnableStuntJumpAudio
N_0xb846f547d3792df6	c	MONEY	0xB846F547D3792DF6		p0:any,p1:any,p2:any	NetworkEarnFromTunerAward
N_0xb8721407ee9c3ff6	c	MISC	0xB8721407EE9C3FF6		x:number,y:number,z:number	AddTacticalAnalysisPoint
N_0xb885852c39cc265d	c	PLAYER	0xB885852C39CC265D			
N_0xb893215d8d4c015b	c	VEHICLE	0xB893215D8D4C015B		plane:Vehicle,height:integer	SetTaskVehicleGotoPlaneMinHeightAboveTerrain
N_0xb8b52e498014f5b0	c	PED	0xB8B52E498014F5B0	boolean	ped:Ped	IsPedSheltered
N_0xb8f87ead7533b176	c	MISC	0xB8F87EAD7533B176		amplitude:number	WaterOverrideSetShorewaveamplitude
N_0xb8fbc8b1330ca9b4	c	VEHICLE	0xB8FBC8B1330CA9B4		vehicle:Vehicle,toggle:boolean	SetVehicleKeepEngineOnWhenAbandoned
N_0xb9351a07a0d458b1	c	NETWORK	0xB9351A07A0D458B1	any	p0:any	
N_0xb9449845f73f5e9c	c	GRAPHICS	0xB9449845F73F5E9C	boolean	functionName:string	BeginScaleformMovieMethodOnFrontendHeader
N_0xb9496ce47546db2c	c	PED	0xB9496CE47546DB2C	boolean	ped:Ped	IsPedHelmetUnk
N_0xb9562064627ff9db	c	VEHICLE	0xB9562064627FF9DB		p0:any,p1:any	
N_0xb96b00e976be977f	c	WATER	0xB96B00E976BE977F		intensity:number	SetDeepOceanScaler
N_0xb9854dfde0d833d6	c	MISC	0xB9854DFDE0D833D6		disturb:number	WaterOverrideSetRippledisturb
N_0xb99c4e4d9499df29	c	HUD	0xB99C4E4D9499DF29		flagIndex:integer	ResetGlobalActionscriptFlag
N_0xb9c362babecddc7a	c	HUD	0xB9C362BABECDDC7A		style:integer,hudColor:integer,alpha:integer,p3:integer,p4:integer	SetHelpMessageTextStyle
N_0xb9cf1f793a9f1bf1	c	PLAYER	0xB9CF1F793A9F1BF1	boolean		
N_0xb9f7a469460e7a4a	c	MONEY	0xB9F7A469460E7A4A		p0:any,p1:any,p2:any,p3:boolean	NetworkSpentFromBank
N_0xba0127da25fd54c9	c	GRAPHICS	0xBA0127DA25FD54C9		p0:any,p1:any	
N_0xba3d194057c79a7b	c	GRAPHICS	0xBA3D194057C79A7B		p0:string	
N_0xba3d65906822bed5	c	GRAPHICS	0xBA3D65906822BED5		p0:boolean,p1:boolean,nearplaneOut:number,nearplaneIn:number,farplaneOut:number,farplaneIn:number	SetHidofOverride
N_0xba416d68c631496a	c	NETWORK	0xBA416D68C631496A	boolean		NetworkSessionIsVisible
N_0xba4b8d83bdc75551	c	MISC	0xBA4B8D83BDC75551		p0:any	
N_0xba52ff538ed2bc71	c	STATS	0xBA52FF538ED2BC71	Hash	index:integer,spStat:boolean,charStat:boolean,character:integer,section:string	GetNgstatBoolHash
N_0xba63d9fe45412247	c	PED	0xBA63D9FE45412247	boolean	ped:Ped,p1:boolean	IsPedDefensiveAreaActive
N_0xba751764f0821256	c	HUD	0xBA751764F0821256			SuppressFrontendRenderingThisFrame
N_0xba7f0b77d80a4eb7	c	NETWORK	0xBA7F0B77D80A4EB7		p0:any,p1:any	
N_0xba8805a1108a2515	c	PED	0xBA8805A1108A2515	integer	ped:Ped	RegisterPedheadshot_3
N_0xba8d65c1c65702e5	c	HUD	0xBA8D65C1C65702E5		toggle:boolean	
N_0xba91d045575699ad	c	VEHICLE	0xBA91D045575699AD	boolean	vehicle:Vehicle	GetIsBoatCapsized
N_0xba96394a0eecfa65	c	NETWORK	0xBA96394A0EECFA65			UgcClearQueryResults
N_0xba9749cc94c1fd85	c	STATS	0xBA9749CC94C1FD85	any		
N_0xba9775570db788cf	c	NETWORK	0xBA9775570DB788CF	boolean		NetworkAreSocialClubPoliciesCurrent
N_0xbaa045b4e42f3c06	c	VEHICLE	0xBAA045B4E42F3C06		vehicle:Vehicle,speed:number	SetVehicleMaxSpeed
N_0xbaa2f0490e146be8	c	STATS	0xBAA2F0490E146BE8		p0:any	
N_0xbad8f2a42b844821	c	NETWORK	0xBAD8F2A42B844821	boolean	friendIndex:integer	NetworkIsFriendIndexOnline
N_0xbae4f9b97cd43b30	c	HUD	0xBAE4F9B97CD43B30		toggle:boolean	ThefeedSetFlushAnimpostfx
N_0xbaf6babf9e7ccc13	c	NETWORK	0xBAF6BABF9E7CCC13	string	p0:integer,p1:integer	UgcGetContentPath
N_0xbb0527ec6341496d	c	GRAPHICS	0xBB0527EC6341496D	integer		GetExtraTimecycleModifierIndex
N_0xbb2333bb87ddd87f	c	VEHICLE	0xBB2333BB87DDD87F		p0:any,p1:any	
N_0xbb8ea16ecbc976c4	c	SOCIALCLUB	0xBB8EA16ECBC976C4	Hash	msgIndex:integer	ScInboxGetMessageTypeAtIndex
N_0xbb90e12cac1dab25	c	GRAPHICS	0xBB90E12CAC1DAB25		p0:number	
N_0xbba55be9aaaabf44	c	STATS	0xBBA55BE9AAAABF44		p0:any	PlaystatsRobberyFinale
N_0xbbb45c3cf5c8aa85	c	PATHFIND	0xBBB45C3CF5C8AA85	integer		GetGpsBlipRouteLength
N_0xbbf327ded94e4deb	c	GRAPHICS	0xBBF327DED94E4DEB		modifierName:string	SetCurrentPlayerTcmodifier
N_0xbc0753c9ca14b506	c	PLAYER	0xBC0753C9CA14B506	boolean	player:Player,ms:integer,p2:boolean	HasPlayerBeenShotByCop
N_0xbc0ce682d4d05650	c	PHYSICS	0xBC0CE682D4D05650		ropeId:integer,p1:integer,p2:number,p3:number,p4:number,p5:number,p6:number,p7:number,p8:number,p9:number,p10:number,p11:number,p12:number,p13:number	
N_0xbc1cc91205ec8d6e	c	SOCIALCLUB	0xBC1CC91205EC8D6E	boolean		IsRockstarMessageReadyForScript
N_0xbc1d768f2f5d6c05	c	NETWORK	0xBC1D768F2F5D6C05	Hash	player:Player	NetworkHashFromPlayerHandle
N_0xbc3cca5844452b06	c	VEHICLE	0xBC3CCA5844452B06		distance:number	SetLightsCutoffDistanceTweak
N_0xbc6227792a188e2e	c	MONEY	0xBC6227792A188E2E		p0:any	NetworkEarnFromCarclubMembership
N_0xbc9490ca15aea8fb	c	PLAYER	0xBC9490CA15AEA8FB		player:Player	
N_0xbc9823ab80a3dcac	c	STREAMING	0xBC9823AB80A3DCAC	boolean		IsStreamvolActive
N_0xbcb266247193ac61	c	MONEY	0xBCB266247193AC61		p0:any,p1:any,p2:any,p3:any,p4:any	NetworkEarnFromTunerFinale
N_0xbcbfcd9d1dac19e2	c	VEHICLE	0xBCBFCD9D1DAC19E2		cargobob:Vehicle,strength:number	SetCargobobPickupMagnetStrength
N_0xbce595371a5fbaaf	c	OBJECT	0xBCE595371A5FBAAF		object:Object,toggle:boolean	SetCreateWeaponObjectLightSource
N_0xbcedb009461da156	c	GRAPHICS	0xBCEDB009461DA156	any		
N_0xbcfc632db7673bf0	c	CAM	0xBCFC632DB7673BF0		minAngle:number,maxAngle:number	SetFirstPersonCamPitchRange
N_0xbcfde9ede4cf27dc	c	PLAYER	0xBCFDE9EDE4CF27DC		player:Player,modifier:number	SetPlayerWeaponDefenseModifier_2
N_0xbd0be0bfc927eac1	c	NETWORK	0xBD0BE0BFC927EAC1			NetworkCacheLocalPlayerHeadBlendData
N_0xbd0efb25cca8f97a	c	MONEY	0xBD0EFB25CCA8F97A		p0:any,p1:any,p2:any,p3:any	
N_0xbd12f8228410d9b4	c	HUD	0xBD12F8228410D9B4		busySpinnerType:integer	EndTextCommandBusyspinnerOn
N_0xbd32e46aa95c1dd2	c	VEHICLE	0xBD32E46AA95C1DD2		vehicle:Vehicle	SetBoatIsSinking
N_0xbd4d7eaf8a30f637	c	NETSHOPPING	0xBD4D7EAF8A30F637	boolean	name:string	NetGameserverCatalogItemExists
N_0xbd545d44cce70597	c	NETWORK	0xBD545D44CCE70597	boolean		
N_0xbd605b8e0e18b3bb	c	STREAMING	0xBD605B8E0E18B3BB			DisableSwitchOutroFx
N_0xbdb6f89c729cf388	c	NETWORK	0xBDB6F89C729CF388	boolean		
N_0xbdeb86f4d5809204	c	GRAPHICS	0xBDEB86F4D5809204		value:number	SetPlayerTcmodifierTransition
N_0xbe197eaa669238f4	c	GRAPHICS	0xBE197EAA669238F4	any	p0:any,p1:any,p2:any,p3:any	
N_0xbe3db208333d9844	c	STATS	0xBE3DB208333D9844	any		
N_0xbe3e347a87aceb82	c	NETWORK	0xBE3E347A87ACEB82	boolean	p0:any,p1:any,p2:any,p3:any	NetworkSessionActivityQuickmatch
N_0xbe4c854ffdb6eebe	c	VEHICLE	0xBE4C854FFDB6EEBE		vehicle:Vehicle,instantly:boolean	TransformToSubmarine
N_0xbe509b0a3693de8b	c	STATS	0xBE509B0A3693DE8B		amount:integer	PlaystatsSpentPiCustomLoadout
N_0xbe5c1255a1830ff5	c	VEHICLE	0xBE5C1255A1830FF5		vehicle:Vehicle,toggle:boolean	
N_0xbeb2d9a1d9a8f55a	c	STREAMING	0xBEB2D9A1D9A8F55A		p0:any,p1:any,p2:any,p3:any	
N_0xbeb3d46bb7f043c0	c	GRAPHICS	0xBEB3D46BB7F043C0		tvChannel:integer	ClearTvChannelPlaylist
N_0xbec0816ff5acbcda	c	NETWORK	0xBEC0816FF5ACBCDA		player:Player,toggle:boolean	ActivateDamageTrackerOnPlayer
N_0xbed8ca5ff5e04113	c	STREAMING	0xBED8CA5FF5E04113		p0:number,p1:number,p2:number,p3:number	
N_0xbed9f5693f34ed17	c	STATS	0xBED9F5693F34ED17	boolean,number	statName:Hash,p1:integer,outValue?:number	
N_0xbedb96a7584aa8cf	c	DATAFILE	0xBEDB96A7584AA8CF	boolean		DatafileIsSavePending
N_0xbef34b1d9624d5dd	c	AUDIO	0xBEF34B1D9624D5DD		p0:boolean	
N_0xbf09786a7fcab582	c	NETWORK	0xBF09786A7FCAB582	string	p0:any	UgcGetContentName
N_0xbf22e0f32968e967	c	NETWORK	0xBF22E0F32968E967		player:Player,p1:boolean	
N_0xbf371cd2b64212fd	c	STATS	0xBF371CD2B64212FD		p0:any	
N_0xbf4dc1784be94dfa	c	AUDIO	0xBF4DC1784BE94DFA		ped:Ped,useSweetner:boolean,soundSetHash:Hash	UseFootstepScriptSweeteners
N_0xbf4f34a85ca2970c	c	HUD	0xBF4F34A85CA2970C			DrawHudOverFadeThisFrame
N_0xbf59707b3e5ed531	c	GRAPHICS	0xBF59707B3E5ED531		modifierName:string	SetNextPlayerTcmodifier
N_0xbf72910d0f26f025	c	CAM	0xBF72910D0F26F025	any		
N_0xbfa0a56a817c6c7d	c	SOCIALCLUB	0xBFA0A56A817C6C7D		toggle:boolean	SetHandleRockstarMessageViaScript
N_0xbfafdb5faaa5c5ab	c	STATS	0xBFAFDB5FAAA5C5AB		p0:any	
N_0xbfba3ba79cff7ebf	c	VEHICLE	0xBFBA3BA79CFF7EBF	number	modelHash:Hash	GetVehicleModelMaxBrakingMaxMods
N_0xbfe5756e7407064a	c	MISC	0xBFE5756E7407064A		x1:number,y1:number,z1:number,x2:number,y2:number,z2:number,damage:integer,p7:boolean,weaponHash:Hash,ownerPed:Ped,isAudible:boolean,isInvisible:boolean,speed:number,entity:Entity,p14:boolean,p15:boolean,p16:boolean,p17:boolean	ShootSingleBulletBetweenCoordsIgnoreEntityNew
N_0xbfefe3321a3f5015	c	HUD	0xBFEFE3321A3F5015	integer	ped:Ped,username:string,crewIsPrivate:boolean,crewIsRockstar:boolean,crewName:string,crewRank:integer	CreateFakeMpGamerTag
N_0xbffe53ae7e67fcdc	c	OBJECT	0xBFFE53AE7E67FCDC		p0:any,p1:any	
N_0xc0173d6bff4e0348	c	NETWORK	0xC0173D6BFF4E0348	string	p0:integer	UgcGetRootContentId
N_0xc01d2470f22cde5a	c	STATS	0xC01D2470F22CDE5A			
N_0xc01e93fac20c3346	c	NETWORK	0xC01E93FAC20C3346	boolean	doorHash:Hash	NetworkIsDoorNetworked
N_0xc03fab2c2f92289b	c	STATS	0xC03FAB2C2F92289B		p0:any	
N_0xc0416b061f2b7e5e	c	GRAPHICS	0xC0416B061F2B7E5E		p0:boolean	
N_0xc098810437312fff	c	FILES	0xC098810437312FFF	Hash	hash:Hash	GetDlcVehicleModLockHash
N_0xc0d2af00bcc234ca	c	NETWORK	0xC0D2AF00BCC234CA	boolean		NetworkIsLocalTalking
N_0xc0e0d686ddfc6eae	c	STATS	0xC0E0D686DDFC6EAE	any		
N_0xc0ed6438e6d39ba8	c	VEHICLE	0xC0ED6438E6D39BA8		p0:any,p1:any,p2:any	
N_0xc10322a8d3e061ee	c	MONEY	0xC10322A8D3E061EE		p0:any,p1:any	NetworkEarnFromUpgradeAutoshopLocation
N_0xc116ff9b4d488291	c	NETWORK	0xC116FF9B4D488291	boolean,integer,integer	p2:any,p3:any	NetworkSendPresenceTransitionInvite
N_0xc13c38e47ea5df31	c	NETSHOPPING	0xC13C38E47EA5DF31	boolean,integer	p0?:integer	
N_0xc141b8917e0017ec	c	STATS	0xC141B8917E0017EC			
N_0xc1447451ddb512f0	c	NETWORK	0xC1447451DDB512F0		p0:any,p1:any	NetworkUgcNav
N_0xc14bd9f5337219b2	c	STATS	0xC14BD9F5337219B2		p0:any	
N_0xc153c43ea202c8c1	c	OBJECT	0xC153C43EA202C8C1	boolean	doorHash:Hash	IsDoorRegisteredWithSystem
N_0xc15907d667f7cfb2	c	AUDIO	0xC15907D667F7CFB2		vehicle:Vehicle,enable:boolean	EnableStallWarningSounds
N_0xc17ad0e5752becda	c	FILES	0xC17AD0E5752BECDA	integer	componentHash:Hash	GetShopPedApparelVariantComponentCount
N_0xc1805d05e6d4fe10	c	AUDIO	0xC1805D05E6D4FE10		vehicle:Vehicle	
N_0xc1952f3773ba18fe	c	MONEY	0xC1952F3773BA18FE		p0:any,p1:any,p2:any	NetworkSpentImportExportRepair
N_0xc19f6c8e7865a6ff	c	NETWORK	0xC19F6C8E7865A6FF		p0:boolean	NetworkSessionValidateJoin
N_0xc1e963c58664b556	c	STATS	0xC1E963C58664B556		p0:any	
N_0xc1f6ebf9a3d55538	c	PED	0xC1F6EBF9A3D55538		ped:Ped,heatScale:number	SetPedHeatscaleOverride
N_0xc1f981a6f74f0c23	c	VEHICLE	0xC1F981A6F74F0C23		vehicle:Vehicle,p1:boolean	GetBoatBoomPositionRatio_2
N_0xc208b673ce446b61	c	STREAMING	0xC208B673CE446B61		cameraCoordX:number,cameraCoordY:number,cameraCoordZ:number,camRotationX:number,camRotationY:number,camRotationZ:number,camFov:number,camFarClip:number,rotationOrder:integer	SetPlayerSwitchOutro
N_0xc22912b1d85f26b1	c	NETWORK	0xC22912B1D85F26B1	boolean,integer,vector3	privilege:integer	NetworkHasRosPrivilegeEndDate
N_0xc23de0e91c30b58c	c	CUTSCENE	0xC23DE0E91C30B58C		cutsceneName:string,playbackFlags:integer,flags:integer	RequestCutsceneWithPlaybackList
N_0xc24075310a8b9cd1	c	VEHICLE	0xC24075310A8B9CD1		vehicle:Vehicle,wheelId:integer,state:integer,value:number,p4:number	SetHydraulicWheelStateTransition
N_0xc265df9fb44a9fbd	c	AUDIO	0xC265DF9FB44A9FBD	boolean	pedHandle:Ped	IsAnimalVocalizationPlaying
N_0xc2afffdabbdc2c5c	c	PLAYER	0xC2AFFFDABBDC2C5C	boolean	achievement:integer,progress:integer	SetAchievementProgress
N_0xc2b82527ca77053e	c	NETWORK	0xC2B82527CA77053E			NetworkClearPropertyId
N_0xc2c97ea97711d1ae	c	SOCIALCLUB	0xC2C97EA97711D1AE	boolean		
N_0xc2d15bef167e27bc	c	HUD	0xC2D15BEF167E27BC			SetMultiplayerWalletCash
N_0xc2d2ad9eaae265b8	c	HUD	0xC2D2AD9EAAE265B8	boolean		
N_0xc2eae3fb8cdbed31	c	CAM	0xC2EAE3FB8CDBED31		p0:string,p1:string,p2:string,p3:number	AnimatedShakeScriptGlobal
N_0xc2ee020f5fb4db53	c	PED	0xC2EE020F5FB4DB53		ped:Ped	
N_0xc2f7fe5309181c7d	c	NETSHOPPING	0xC2F7FE5309181C7D	boolean	charSlot:integer,amount:integer	NetGameserverTransferWalletToBank
N_0xc30bdaee47256c13	c	PED	0xC30BDAEE47256C13	any	p0:any	
N_0xc32ea7a2f6ca7557	c	NETWORK	0xC32EA7A2F6CA7557	any		
N_0xc3376f42b1faccc6	c	PLAYER	0xC3376F42B1FACCC6		player:Player	
N_0xc34bc448da29f5e9	c	ENTITY	0xC34BC448DA29F5E9		entity:Entity,toggle:boolean	
N_0xc35a6d07c93802b2	c	GRAPHICS	0xC35A6D07C93802B2			
N_0xc361aa040d6637a8	c	VEHICLE	0xC361AA040D6637A8		vehicle:Vehicle,p1:boolean	
N_0xc3654a441402562d	c	CAM	0xC3654A441402562D		camera:Cam,p1:number	SetCamDofMaxNearInFocusDistance
N_0xc388a0f065f5bc34	c	PLAYER	0xC388A0F065F5BC34		player:Player,limit:number	SetPlayerHealthRechargeLimit
N_0xc38dc1e90d22547c	c	STATS	0xC38DC1E90D22547C	boolean,integer,integer,integer		Leaderboards2ReadRankPrediction
N_0xc3ac2fff9612ac81	c	RECORDING	0xC3AC2FFF9612AC81		mode:integer	StartRecording
N_0xc3bfed92026a2aad	c	NETWORK	0xC3BFED92026A2AAD		hash:Hash,p1:integer,p2:integer,state:integer,p4:integer	NetworkTransitionTrack
N_0xc3c221addde31a11	c	MISC	0xC3C221ADDDE31A11		p0:number	WaterOverrideFadeOut
N_0xc3c7a6afdb244624	c	NETWORK	0xC3C7A6AFDB244624	boolean,integer,integer	p2:any,p3:any	NetworkSendInviteViaPresence
N_0xc3ead29ab273ece8	c	MISC	0xC3EAD29AB273ECE8		minAmplitude:number	WaterOverrideSetShorewaveminamplitude
N_0xc406be343fc4b9af	c	HUD	0xC406BE343FC4B9AF	boolean		IsSocialClubActive
N_0xc4278f70131baa6d	c	HUD	0xC4278F70131BAA6D		blip:Blip,toggle:boolean	SetBlipDisplayIndicatorOnBlip
N_0xc42dd763159f3461	c	NETWORK	0xC42DD763159F3461	boolean		
N_0xc434133d9ba52777	c	NETWORK	0xC434133D9BA52777	any,integer	p0:any,TypeOfWeapon?:integer	
N_0xc45c27ef50f36adc	c	VEHICLE	0xC45C27EF50F36ADC		vehicle:Vehicle,toggle:boolean	SetVehicleUsePlayerLightSettings
N_0xc4637a6d03c24cc3	c	DLC	0xC4637A6D03C24CC3	boolean		
N_0xc485e07e4f0b7958	c	OBJECT	0xC485E07E4F0B7958		doorHash:Hash,removed:boolean,requestDoor:boolean,forceUpdate:boolean	DoorSystemSetSpringRemoved
N_0xc4b3347bd68bd609	c	VEHICLE	0xC4B3347BD68BD609		p0:any	
N_0xc4bb08ee7907471e	c	STATS	0xC4BB08EE7907471E	Hash	index:integer,spStat:boolean,charStat:boolean,character:integer	GetPackedTuBoolStatKey
N_0xc4c4575f62534a24	c	SOCIALCLUB	0xC4C4575F62534A24	boolean		ScPresenceAttrSetFloat
N_0xc505036a35afd01b	c	NETWORK	0xC505036A35AFD01B		toggle:boolean	NetworkDisableLeaveRemotePedBehind
N_0xc50ce861b55eab8b	c	VEHICLE	0xC50CE861B55EAB8B		vehicle:Vehicle,p1:boolean	
N_0xc5156361f26e2212	c	MONEY	0xC5156361F26E2212		p0:any	NetworkEarnFromFmbbPhonecallMission
N_0xc54a08c85ae4d410	c	MISC	0xC54A08C85AE4D410		strength:number	WaterOverrideSetStrength
N_0xc55854c7d7274882	c	DATAFILE	0xC55854C7D7274882			DatafileFlushMissionHeader
N_0xc55a0b40ffb1ed23	c	NETWORK	0xC55A0B40FFB1ED23	string		UgcGetCreateContentId
N_0xc56fbf2f228e1dac	c	PED	0xC56FBF2F228E1DAC	any	modelHash:Hash,p1:any,p2:any	
N_0xc571d0e77d8bbc29	c	NETWORK	0xC571D0E77D8BBC29	boolean		
N_0xc594b315edf2d4af	c	HUD	0xC594B315EDF2D4AF		ped:Ped	
N_0xc5a35c73b68f3c49	c	SOCIALCLUB	0xC5A35C73B68F3C49	boolean		
N_0xc5be134ec7ba96a0	c	STATS	0xC5BE134EC7BA96A0		p0:any,p1:any,p2:any,p3:any,p4:any	PlaystatsLeaveJobChain
N_0xc5c8f970d4edff71	c	GRAPHICS	0xC5C8F970D4EDFF71		p0:any	
N_0xc60060eb0d8ac7b1	c	VEHICLE	0xC60060EB0D8AC7B1		vehicle:Vehicle,index:integer,toggle:boolean	SetVehicleTurretUnk
N_0xc6033d32241f6fb5	c	OBJECT	0xC6033D32241F6FB5		object:Object,toggle:boolean	
N_0xc61b86c9f61eb404	c	CUTSCENE	0xC61B86C9F61EB404		toggle:boolean	
N_0xc6372ecd45d73bcd	c	GRAPHICS	0xC6372ECD45D73BCD		flag:boolean	SetScriptGfxDrawBehindPausemenu
N_0xc64a06d939f826f5	c	AUDIO	0xC64A06D939F826F5	boolean,number,number,integer		GetNextAudibleBeat
N_0xc64ded7ef0d2fe37	c	NETWORK	0xC64DED7EF0D2FE37	integer	p0:string	CloudDeleteMemberFile
N_0xc65ab383cd91df98	c	HUD	0xC65AB383CD91DF98			PreloadBusyspinner
N_0xc669eea5d031b7de	c	CAM	0xC669EEA5D031B7DE		camera:Cam,p1:number	SetCamDofFocusDistanceBias
N_0xc66d1cf99ed7fe25	c	MONEY	0xC66D1CF99ED7FE25		p0:any	NetworkEarnFromAutoshopIncome
N_0xc67db108a9ade3be	c	VEHICLE	0xC67DB108A9ADE3BE		submarine:Vehicle,time:integer	ForceSubmarineNeurtalBuoyancy
N_0xc67e2da1cbe759e2	c	STATS	0xC67E2DA1CBE759E2			
N_0xc69bb1d832a710ef	c	VEHICLE	0xC69BB1D832A710EF	boolean	vehicle:Vehicle	IsVehicleBeingHalted
N_0xc6ad107ddc9054cc	c	VEHICLE	0xC6AD107DDC9054CC	number	modelHash:Hash	GetVehicleModelMaxKnots
N_0xc6dc823253fbb366	c	LOADINGSCREEN	0xC6DC823253FBB366	boolean		LoadingscreenIsLoadingFreemode
N_0xc6e0e2616a7576bb	c	STATS	0xC6E0E2616A7576BB	any		
N_0xc6e74cf8c884c880	c	MONEY	0xC6E74CF8C884C880		p0:any,p1:any,p2:any,p3:any,p4:any,p5:any,p6:any	
N_0xc6f580e4c94926ac	c	HUD	0xC6F580E4C94926AC	integer	txdName:string,textureName:string,flash:boolean,iconType:integer,sender:string,subject:string	EndTextCommandThefeedPostMessagetextGxtEntry
N_0xc70ddce56d0d3a99	c	STATS	0xC70DDCE56D0D3A99	boolean		StatSaveMigrationStatusStart
N_0xc729991a9065376e	c	STATS	0xC729991A9065376E	integer	data?:integer	PlaystatsSellContraband
N_0xc7397a83f7a2a462	c	NETWORK	0xC7397A83F7A2A462	boolean,integer	count:integer,latestVersion:boolean,contentTypeName:string	UgcQueryByContentIds
N_0xc7420099936ce286	c	NETWORK	0xC7420099936CE286	boolean	tunableContext:Hash,tunableName:Hash,defaultValue:boolean	NetworkTryAccessTunableBoolHash
N_0xc7827959479dcc78	c	NETWORK	0xC7827959479DCC78	boolean	entity:Entity	NetworkGetEntityIsNetworked
N_0xc78e239ac5b2ddb9	c	HUD	0xC78E239AC5B2DDB9		bVisible:boolean,iColumnID:integer,iSpinnerIndex:integer	PauseMenuSetBusySpinner
N_0xc79196dcb36f6121	c	PED	0xC79196DCB36F6121		ped:Ped	ClearPedCoverClipsetOverride
N_0xc79ae21974b01fb2	c	MISC	0xC79AE21974B01FB2			CleanupAsyncInstall
N_0xc7abac5de675ee3b	c	NETWORK	0xC7ABAC5DE675EE3B	boolean		CloudIsCheckingAvailability
N_0xc7be335216b5ec7c	c	NETWORK	0xC7BE335216B5EC7C	integer		GetMaxNumNetworkObjects
N_0xc7db36c24634f52b	c	MISC	0xC7DB36C24634F52B			StopBenchmarkRecording
N_0xc7e7181c09f33b69	c	LOADINGSCREEN	0xC7E7181C09F33B69		toggle:boolean	LoadingscreenSetIsLoadingFreemode
N_0xc7f29ca00f46350e	c	OBJECT	0xC7F29CA00F46350E		p0:boolean	
N_0xc819f3cbb62bf692	c	CAM	0xC819F3CBB62BF692		bShouldApplyAcrossAllThreads:boolean,distanceToBlend:number,blendType:integer	StopRenderingScriptCamsUsingCatchUp
N_0xc830417d630a50f9	c	NETSHOPPING	0xC830417D630A50F9	boolean	transactionId:integer	
N_0xc8391c309684595a	c	CAM	0xC8391C309684595A			
N_0xc8407624cef2354b	c	MONEY	0xC8407624CEF2354B		amount:integer,p1:string	NetworkEarnFromPremiumJob
N_0xc84527e235fca219	c	DATAFILE	0xC84527E235FCA219	boolean	data:string,dataCount:integer,contentName:string,description:string,tagsCsv:string,contentTypeName:string,publish:boolean	UgcCreateContent
N_0xc847b43f369ac0b5	c	STATS	0xC847B43F369AC0B5			
N_0xc85a7127e7ad02aa	c	SOCIALCLUB	0xC85A7127E7AD02AA	boolean,integer	name:string,outValue?:integer	ScGamerdataGetInt
N_0xc87e740d9f3872cc	c	NETWORK	0xC87E740D9F3872CC	any		
N_0xc88156ebb786f8d5	c	NETWORK	0xC88156EBB786F8D5	any		NetworkActionFollowInvite
N_0xc8b1b2425604cdd0	c	AUDIO	0xC8B1B2425604CDD0	boolean		IsMobileInterferenceActive
N_0xc8b5c4a79cc18b94	c	CAM	0xC8B5C4A79CC18B94		cam:Cam	
N_0xc8e1071177a23be5	c	HUD	0xC8E1071177A23BE5	boolean,integer,integer,integer		
N_0xc8ede9bdbccba6d4	c	AUDIO	0xC8EDE9BDBCCBA6D4		audioName:string,x:number,y:number,z:number	InitSynchSceneAudioWithPosition
N_0xc8f3aaf93d0600bf	c	HUD	0xC8F3AAF93D0600BF	any	chTitle:string,iconType:integer,chSubtitle:string,isImportant:boolean	EndTextCommandThefeedPostUnlockTu
N_0xc912af078af19212	c	CAM	0xC912AF078AF19212	boolean		IsScriptGlobalShaking
N_0xc91c6c55199308ca	c	CAM	0xC91C6C55199308CA		cam:Cam,x:number,y:number,z:number	SetFlyCamCoordAndConstrain
N_0xc92717ef615b6704	c	CAM	0xC92717EF615B6704		yOffset:number	SetGameplayHintAnimOffsety
N_0xc970d0e0fc31d768	c	VEHICLE	0xC970D0E0FC31D768		vehicle:Vehicle,wheelIndex:integer,multiplier:number	SetTyreTractionLossMultiplier
N_0xc980e62e33df1d5c	c	STATS	0xC980E62E33DF1D5C	boolean,integer,integer		Leaderboards2WriteDataForEventType
N_0xc9a763d8fe87436a	c	PLAYER	0xC9A763D8FE87436A		player:Player	SpecialAbilityChargeOnMissionFailed
N_0xc9b18b4619f48f7b	c	GRAPHICS	0xC9B18B4619F48F7B		p0:number	FadeUpPedLight
N_0xc9b43a33d09cada7	c	NETWORK	0xC9B43A33D09CADA7		sceneId:integer	NetworkForceLocalUseOfSyncedSceneCamera
N_0xca465d9cc0d231ba	c	GRAPHICS	0xCA465D9CC0D231BA		p0:any	
N_0xca4ac3eaae46ec7b	c	VEHICLE	0xCA4AC3EAAE46EC7B	integer	vehicle:Vehicle,doorIndex:integer	GetVehicleIndividualDoorLockStatus
N_0xca4ae345a153d573	c	GRAPHICS	0xCA4AE345A153D573		p0:boolean	
N_0xca4cea6ae0000a7e	c	AUDIO	0xCA4CEA6AE0000A7E		model:Hash	PreloadVehicleAudioBank
N_0xca575c391fea25cc	c	NETWORK	0xCA575C391FEA25CC		p0:any	
N_0xca59ccae5d01e4ce	c	NETWORK	0xCA59CCAE5D01E4CE			
N_0xca6b2f7ce32ab653	c	HUD	0xCA6B2F7CE32AB653	boolean,integer	p0:any,p2:any	
N_0xca78cfa0366592fe	c	MISC	0xCA78CFA0366592FE		keyboardType:integer,windowTitle:string,description:string,defaultText:string,defaultConcat1:string,defaultConcat2:string,defaultConcat3:string,defaultConcat4:string,defaultConcat5:string,defaultConcat6:string,defaultConcat7:string,maxInputLength:integer	DisplayOnscreenKeyboardWithLongerInitialString
N_0xca94551b50b4932c	c	NETWORK	0xCA94551B50B4932C	string	index:integer	GetCommerceProductPrice
N_0xca9d2aa3e326d720	c	CAM	0xCA9D2AA3E326D720	boolean		IsCinematicIdleCamRendering
N_0xcac57395b151135f	c	PLAYER	0xCAC57395B151135F		player:Player,p1:boolean	
N_0xcac66558b944da67	c	VEHICLE	0xCAC66558B944DA67		vehicle:Vehicle,toggle:boolean	SetVehicleUsesLargeRearRamp
N_0xcada5a0d0702381e	c	AUDIO	0xCADA5A0D0702381E		soundName:string,soundsetName:string	PlayDeferredSoundFrontend
N_0xcae55f48d3d7875c	c	NETWORK	0xCAE55F48D3D7875C		groupId:integer	NetworkSessionAddActiveMatchmakingGroup
N_0xcb00196b31c39eb1	c	STATS	0xCB00196B31C39EB1		p0:any,p1:any,p2:any,p3:any	PlaystatsHoldUpMissionDone
N_0xcb0360efefb2580d	c	PAD	0xCB0360EFEFB2580D		padIndex:integer	
N_0xcb215c4b56a7fae7	c	NETWORK	0xCB215C4B56A7FAE7	integer	p0:boolean	GetNumCreatedMissionPeds
N_0xcb645e85e97ea48b	c	PLAYER	0xCB645E85E97EA48B	boolean		
N_0xcb82a0bf0e3e3265	c	GRAPHICS	0xCB82A0BF0E3E3265	integer	p0:integer	
N_0xcb968b53fc7f916d	c	PED	0xCB968B53FC7F916D		ped:Ped,p1:boolean,type:integer,p3:integer	SetForceStepType
N_0xcbdb9b923cacc92d	c	VEHICLE	0xCBDB9B923CACC92D	vector3	cargobob:Vehicle	GetCargobobHookPosition
N_0xcc25a4553dfbf9ea	c	STATS	0xCC25A4553DFBF9EA		p0:any,p1:any,p2:any,p3:any,p4:any	
N_0xcc3fdded67bcfc63	c	HUD	0xCC3FDDED67BCFC63			AllowPauseMenuWhenDeadThisFrame
N_0xcc6e3b6bb69501f1	c	PED	0xCC6E3B6BB69501F1	boolean	groupHash:Hash	DoesRelationshipGroupExist
N_0xcc6e963682533882	c	PHYSICS	0xCC6E963682533882		object:Object	
N_0xcc9682b8951c5229	c	PED	0xCC9682B8951C5229		ped:Ped,r:integer,g:integer,b:integer,id:integer	SetHeadBlendPaletteColor
N_0xcca4318e1ab03f1f	c	NETWORK	0xCCA4318E1AB03F1F	boolean,integer	networkHandle?:integer	NetworkHasViewGamerUserContentResult
N_0xccd078c2665d2973	c	CAM	0xCCD078C2665D2973		p0:boolean	
N_0xcce26000e9a6fad7	c	STREAMING	0xCCE26000E9A6FAD7			ShutdownCreatorBudget
N_0xccf1e97befdae480	c	ENTITY	0xCCF1E97BEFDAE480	boolean	entity:Entity	GetEntityCollisionDisabled
N_0xcd018c591f94cb43	c	PED	0xCD018C591F94CB43		ped:Ped,p1:boolean	
N_0xcd0f5b5d932ae473	c	MONEY	0xCD0F5B5D932AE473			
N_0xcd4d66b43b1dd28d	c	MONEY	0xCD4D66B43B1DD28D		p0:any,p1:any,p2:any	
N_0xcd67ad041a394c9c	c	NETWORK	0xCD67AD041A394C9C	string	p0:integer	UgcGetContentUserId
N_0xcd71a4ecab22709e	c	NETWORK	0xCD71A4ECAB22709E		entity:Entity	NetworkUseLogarithmicBlendingThisFrame
N_0xcd74233600c4ea6b	c	HUD	0xCD74233600C4EA6B		toggle:boolean	
N_0xcd79a550999d7d4f	c	WEAPON	0xCD79A550999D7D4F	boolean	zoneId:integer	DoesAirDefenseZoneExist
N_0xcd9cc7e200a52a6f	c	PED	0xCD9CC7E200A52A6F		scene:integer	TakeOwnershipOfSynchronizedScene
N_0xcda1c62be2777802	c	MONEY	0xCDA1C62BE2777802		p0:any,p1:any,p2:any	NetworkEarnGoon
N_0xcda42c4bb9bde779	c	AUDIO	0x0350E7E17BA767D0		vehicle:Vehicle,value:integer	SetVehicleHornVariation
N_0xcdca26e80faecb8f	c	HUD	0xCDCA26E80FAECB8F			PauseMenuceptionTheKick
N_0xce5aa445aba8dee0	c	STATS	0xCE5AA445ABA8DEE0	integer,integer	p0?:integer	StatGetSaveMigrationConsumeContentUnlockStatus
N_0xce5d0e5e315db238	b	HUD	0xCE5D0E5E315DB238	Blip	x:number,y:number,z:number,width:number,height:number	AddBlipForArea
N_0xce6294a232d03786	c	ENTITY	0xCE6294A232D03786	vector3	entity:Entity,boneIndex:integer	GetEntityBoneRotation
N_0xcea553e35c2246e1	c	STATS	0xCEA553E35C2246E1		p0:any,p1:any,vehicleHash:Hash	OrderedBossVehicle
N_0xcea7c8e1b48ff68c	c	ENTITY	0xCEA7C8E1B48FF68C		p0:any,p1:any	
N_0xced08cbe8ebb97c7	c	CAM	0xCED08CBE8EBB97C7		p0:number,p1:number	
N_0xceda60a74219d064	c	PED	0xCEDA60A74219D064		p0:any,p1:boolean	
N_0xcef214315d276fd1	c	HUD	0xCEF214315D276FD1		toggle:boolean	FlagPlayerContextInTournament
N_0xcef70aa5b3f89ba1	c	NETWORK	0xCEF70AA5B3F89BA1	boolean		NetworkSessionIsPrivate
N_0xcefa968912d0f78d	c	NETWORK	0xCEFA968912D0F78D	integer		NetworkGetNumPresenceInvites
N_0xcf1182f682f65307	c	VEHICLE	0xCF1182F682F65307		cargobob:Vehicle,p1:number	SetCargobobPickupRopeDampingMultiplier
N_0xcf228e2aa03099c3	c	HUD	0xCF228E2AA03099C3		gamerTagId:integer,wantedlvl:integer	SetMpGamerTagWantedLevel
N_0xcf38dafbb49ede5e	c	NETSHOPPING	0xCF38DAFBB49EDE5E	boolean,integer	state?:integer	NetGameserverGetCatalogState
N_0xcf61d4b4702ee9eb	c	NETWORK	0xCF61D4B4702EE9EB	integer		NetworkGetTotalNumPlayers
N_0xcf8bd3b0bd6d42d7	c	NETWORK	0xCF8BD3B0BD6D42D7		netScene:integer,animDict:string,animName:string	NetworkAddSynchronisedSceneCamera
N_0xcf9159024555488c	c	VEHICLE	0xCF9159024555488C		p0:any	
N_0xcfd115b373c0df63	c	NETWORK	0xCFD115B373C0DF63	integer	p0:any,p1?:integer	UgcGetContentUpdatedDate
N_0xcfd16f0db5a3535c	c	GRAPHICS	0xCFD16F0DB5A3535C		toggle:boolean	
N_0xcfd778e7904c255e	c	VEHICLE	0xCFD778E7904C255E		vehicle:Vehicle	
N_0xcfdbdf5ae59ba0f4	c	HUD	0xCFDBDF5AE59BA0F4		p0:boolean	EndTextCommandObjective
N_0xcfeb46dcd7d8d5eb	c	NETWORK	0xCFEB46DCD7D8D5EB		p0:boolean	
N_0xcfeb8af24fc1d0bb	c	NETWORK	0xCFEB8AF24FC1D0BB		toggle:boolean	NetworkBlockJoinQueueInvites
N_0xd0082607100d7193	c	CAM	0xD0082607100D7193	number		GetFinalRenderedCamNearClip
N_0xd00d76a7dfc9d852	c	CUTSCENE	0xD00D76A7DFC9D852		cutsceneName:string	RemoveCutFile
N_0xd01005d2ba2eb778	c	AUDIO	0xD01005D2BA2EB778		mode:string	ActivateAudioSlowmoMode
N_0xd01015c7316ae176	c	TASK	0xD01015C7316AE176	boolean	ped:Ped,name:string	RequestTaskMoveNetworkStateTransition
N_0xd05a3241b9a86f19	c	OBJECT	0xD05A3241B9A86F19		p0:any,p1:any	
N_0xd05d1a6c74da3498	c	NETWORK	0xD05D1A6C74DA3498	boolean,integer,integer	p1:boolean	UgcSetDeleted
N_0xd0917a423314bba8	c	VEHICLE	0xD0917A423314BBA8	boolean	aircraft:Vehicle	AreBombBayDoorsOpen
N_0xd0a484cb2f829fbe	c	NETWORK	0xD0A484CB2F829FBE	boolean		NetworkIsTransitionVisibilityLocked
N_0xd0bc1c6fb18ee154	c	PATHFIND	0xD0BC1C6FB18EE154		x1:number,y1:number,z1:number,x2:number,y2:number,z2:number,index:integer	SetGpsDisabledZoneAtIndex
N_0xd0ee05fe193646ea	c	SOCIALCLUB	0xD0EE05FE193646EA	boolean	oldPlateText:string,newPlateText:string,plateData:string	ScLicenseplateSetPlateData
N_0xd10282b6e3751ba0	c	MISC	0xD10282B6E3751BA0	any		
N_0xd1032e482629049e	c	STATS	0xD1032E482629049E		joinType:integer	PlaystatsSetJoinType
N_0xd10f442036302d50	c	MISC	0xD10F442036302D50		x:number,y:number,z:number	SetDispatchSpawnLocation
N_0xd1110739eeadb592	c	NETWORK	0xD1110739EEADB592	boolean	p0:any,p1:boolean,p2:any	NetworkIsThisScriptMarked
N_0xd12882d3ff82bf11	c	HUD	0xD12882D3FF82BF11			ClearAllBlipRoutes
N_0xd16c2ad6b8e32854	c	STATS	0xD16C2AD6B8E32854	Hash	index:integer,spStat:boolean,charStat:boolean,character:integer	GetPackedTuIntStatKey
N_0xd1871251f3b5acd7	c	PED	0xD1871251F3B5ACD7	boolean	ped:Ped	IsPedRunningMeleeTask
N_0xd1942374085c8469	c	HUD	0xD1942374085C8469		p0:any	
N_0xd1a1ee3b4fa8e760	c	STATS	0xD1A1EE3B4FA8E760		p0:any	
N_0xd1b0f412f109ea5d	c	CAM	0xD1B0F412F109EA5D		cam:Cam,smoothingStyle:integer	SetCamSplineSmoothingStyle
N_0xd1c55b110e4df534	c	GRAPHICS	0xD1C55B110E4DF534		p0:any	
N_0xd1c7cb175e012964	c	GRAPHICS	0xD1C7CB175E012964	boolean	scaleformHandle:integer	PassKeyboardInputToScaleform
N_0xd1c9b92bdd3f151d	c	STATS	0xD1C9B92BDD3F151D		p0:any,p1:any,p2:any	
N_0xd1e46824e6fb92b5	c	MONEY	0xD1E46824E6FB92B5		p0:any,p1:any,p2:any,p3:any	NetworkSpentCarclubTakeover
N_0xd1f7ca1535d22818	c	PED	0xD1F7CA1535D22818	integer		GetNumMakeupColors
N_0xd1f8363dfad03848	c	CAM	0xD1F8363DFAD03848		value:number	SetGameplayHintBaseOrbitPitchOffset
N_0xd202b92cbf1d816f	c	HUD	0xD202B92CBF1D816F	integer	eType:integer,iIcon:integer,sTitle:string	EndTextCommandThefeedPostReplayIcon
N_0xd2049635deb9c375	c	HUD	0xD2049635DEB9C375			
N_0xd20d79671a598594	c	MONEY	0xFA009A62990671D4		p0:any,p1:any,p2:any	NetworkEarnFromCriminalMastermindBonus
N_0xd2209be128b5418c	c	GRAPHICS	0xD2209BE128B5418C		effectName:string	AnimpostfxStopAndDoUnk
N_0xd2300034310557e4	c	GRAPHICS	0xD2300034310557E4		vehicle:Vehicle,p1:integer	RemoveVehicleCrewEmblem
N_0xd261ba3e7e998072	c	MISC	0xD261BA3E7E998072		incidentId:integer,p1:number	SetIncidentUnk
N_0xd29334ed1a256dbf	c	MONEY	0xD29334ED1A256DBF		p0:any,p1:any,p2:any,p3:any,p4:any	
N_0xd2936cab8b58fcbd	c	GRAPHICS	0xD2936CAB8B58FCBD		p0:any,p1:boolean,p2:number,p3:number,p4:number,p5:number,p6:boolean,p7:number	CascadeShadowsSetCascadeBounds
N_0xd29ec58c2f6b5014	c	HUD	0xD29EC58C2F6B5014		gamerTagId:integer,toggle:boolean	SetMpGamerTagDisablePlayerHealthSync
N_0xd2b315b6689d537d	c	PLAYER	0xD2B315B6689D537D		player:Player,toggle:boolean	SetAutoGiveScubaGearWhenExitVehicle
N_0xd2b32be3fc1626c6	c	HUD	0xD2B32BE3FC1626C6			CloseSocialClubMenu
N_0xd2cc78cd3d0b50f9	c	AUDIO	0xD2CC78CD3D0B50F9		overriddenMaterialHash:Hash,scriptOverrides:boolean	OverridePlayerGroundMaterial
N_0xd2dccd8e16e20997	c	AUDIO	0xD2DCCD8E16E20997		vehicle:Vehicle	ResetVehicleStartupRevSound
N_0xd302e99edf0449cf	c	SOCIALCLUB	0xD302E99EDF0449CF	boolean	token:integer	ScLicenseplateGetIsvalidIsPending
N_0xd30c50df888d58b5	c	HUD	0xD30C50DF888D58B5		ped:Ped,hasCone:boolean	SetPedHasAiBlip
N_0xd313de83394af134	c	NETWORK	0xD313DE83394AF134	boolean		
N_0xd3301660a57c9272	c	VEHICLE	0xD3301660A57C9272		p0:any	
N_0xd33daa36272177c4	c	PED	0xD33DAA36272177C4		ped:Ped	
N_0xd38c4a6d047c019d	c	NETWORK	0xD38C4A6D047C019D	integer		NetworkGetNumBodyTrackers
N_0xd39b3fff8ffdd5bf	c	NETWORK	0xD39B3FFF8FFDD5BF	any	p0:any	NetworkGetPresenceInvitePlaylistLength
N_0xd39d13c9febf0511	c	GRAPHICS	0xD39D13C9FEBF0511		p0:boolean	CascadeShadowsSetDynamicDepthMode
N_0xd3a10fc7fd8d98cd	c	GRAPHICS	0xD3A10FC7FD8D98CD	boolean		Ui3dsceneIsAvailable
N_0xd3a6a0ef48823a8c	c	PATHFIND	0xD3A6A0EF48823A8C	integer	index:integer	GetNextGpsDisabledZoneIndex
N_0xd3d15555431ab793	c	MISC	0xD3D15555431AB793	boolean		ShouldUseMetricMeasurements
N_0xd3e51c0ab8c26eee	c	VEHICLE	0xD3E51C0AB8C26EEE	any	p0:any,p1:any	
N_0xd40aac51e8e4c663	c	FILES	0xD40AAC51E8E4C663	integer	propHash:Hash	GetShopPedApparelVariantPropCount
N_0xd414be129bb81b32	c	NETWORK	0xD414BE129BB81B32	number	player:Player	NetworkGetAverageLatencyForPlayer
N_0xd4196117af7bb974	c	VEHICLE	0xD4196117AF7BB974	any	p0:any,p1:any	
N_0xd422fcc5f239a915	c	HUD	0xD422FCC5F239A915	boolean		BusyspinnerIsOn
N_0xd4367d310f079db0	c	STATS	0xD4367D310F079DB0		p0:any,p1:any,p2:any,p3:any	
N_0xd4438c0564490e63	c	HUD	0xD4438C0564490E63			ThefeedSpsExtendWidescreenOn
N_0xd4793dff3af2abcd	c	STREAMING	0xD4793DFF3AF2ABCD			EnableSwitchPauseBeforeDescent
N_0xd47a2c1ba117471d	c	NETSHOPPING	0xD47A2C1BA117471D	boolean	charSlot:integer,amount:integer	NetGameserverTransferBankToWallet
N_0xd484bf71050ca1ee	c	HUD	0xD484BF71050CA1EE	Blip	blipSprite:integer	GetClosestBlipOfType
N_0xd48fe545cd46f857	c	HUD	0xD48FE545CD46F857		gamerTagId:integer,component:integer,alpha:integer	SetMpGamerTagAlpha
N_0xd4a7a435b3710d05	c	OBJECT	0xD4A7A435B3710D05		x:number,y:number,z:number,radius:number	
N_0xd4b8e3d1917bc86b	c	VEHICLE	0xD4B8E3D1917BC86B		toggle:boolean	SetDisableRandomTrainsThisFrame
N_0xd4c4642cb7f50b5d	c	VEHICLE	0xD4C4642CB7F50B5D	boolean	vehicle:Vehicle	GetVehicleIsMercenary
N_0xd53acdbef24a46e8	c	NETWORK	0xD53ACDBEF24A46E8	boolean		UgcIsGetting
N_0xd53f3a29bce2580e	c	AUDIO	0xD53F3A29BCE2580E	integer	vehicle:Vehicle	GetVehicleHornSoundIndex
N_0xd558bec0bba7e8d2	c	STATS	0xD558BEC0BBA7E8D2		p0:any,p1:any,p2:any,p3:any,p4:any	
N_0xd565f438137f0e10	c	VEHICLE	0xD565F438137F0E10		p0:any,p1:any	
N_0xd57aaae0e2214d11	c	AUDIO	0xD57AAAE0E2214D11			FreezeMicrophone
N_0xd5a4b59980401588	c	NETWORK	0xD5A4B59980401588	boolean,integer,integer	p0:any,p1:any	UgcGetBookmarkedContent
N_0xd5b35bea41919acb	c	TASK	0xD5B35BEA41919ACB		ped:Ped,p1:string,p2:number,p3:number,p4:number,p5:number,p6:number,p7:number,p8:any,p9:number,p10:boolean,animDict:string,flags:integer	TaskMoveNetworkAdvancedByName
N_0xd5bb4025ae449a4e	c	TASK	0xD5BB4025AE449A4E		ped:Ped,signalName:string,value:number	SetTaskMoveNetworkSignalFloat
N_0xd5bb406f4e04019f	c	MONEY	0xD5BB406F4E04019F		p0:any,p1:boolean,p2:boolean	NetworkSpentNoCops
N_0xd642319c54aadeb6	c	MISC	0xD642319C54AADEB6	any		
N_0xd6429a016084f1a5	c	OBJECT	0xD6429A016084F1A5	Hash	weapon:Hash	GetPickupHashFromWeapon
N_0xd66c9e72b3cc4982	c	NETWORK	0xD66C9E72B3CC4982	integer,integer	p1:any	NetworkDisplaynamesFromHandlesStart
N_0xd6781e42755531f7	c	STATS	0xD6781E42755531F7	integer	data?:integer	PlaystatsBuyContraband
N_0xd68a5ff8a3a89874	c	HUD	0xD68A5FF8A3A89874		r:integer,g:integer,b:integer,a:integer	SetScriptVariableHudColour
N_0xd69411aa0cebf9e9	c	PED	0xD69411AA0CEBF9E9		ped:Ped,r:integer,g:integer,b:integer	SetPedEnveffColorModulator
N_0xd6ade981781fca09	c	MOBILE	0xD6ADE981781FCA09		p0:number	CellCamSetHeadPitch
N_0xd6ca58b3b53a0f22	c	STATS	0xD6CA58B3B53A0F22		p0:any	
N_0xd6d7478ca62b8d41	c	NETWORK	0xD6D7478CA62B8D41		p0:any,p1:any	
N_0xd7021272eb0a451e	c	GRAPHICS	0xD7021272EB0A451E		timecycleModifierName:string	PresetInteriorAmbientCache
N_0xd7360051c885628b	c	CAM	0xD7360051C885628B	boolean		IsBonnetCinematicCamRendering
N_0xd76eeef746057fd6	c	OBJECT	0xD76EEEF746057FD6	boolean	object:Object	PlaceObjectOnGroundOrObjectProperly
N_0xd79185689f8fd5df	c	MISC	0xD79185689F8FD5DF		toggle:boolean	SetStuntJumpsCanTrigger
N_0xd7b6c73cad419bcf	c	NETWORK	0xD7B6C73CAD419BCF		p0:boolean	
N_0xd7b80e7c3befc396	c	ENTITY	0xD7B80E7C3BEFC396		entity:Entity,toggle:boolean	SetPickUpByCargobobDisabled
N_0xd7c10c4a637992c9	c	DLC	0xD7C10C4A637992C9			OnEnterSp
N_0xd7c95d322ff57522	c	NETWORK	0xD7C95D322FF57522	boolean		NetworkIsClockTimeOverridden
N_0xd7cccba28c4ecaf0	c	MONEY	0xD7CCCBA28C4ECAF0		p0:any,p1:any,p2:any,p3:any,p4:any	NetworkSpentBaService
N_0xd7d0b00177485411	c	GRAPHICS	0xD7D0B00177485411		index:integer,heatScale:number	SeethroughSetHeatscale
N_0xd7d22f5592aed8ba	c	PAD	0xD7D22F5592AED8BA	integer	padIndex:integer	GetTimeSinceLastInput
N_0xd801cc02177fa3f1	c	GRAPHICS	0xD801CC02177FA3F1			FreeMemoryForHighQualityPhoto
N_0xd80a80346a45d761	c	GRAPHICS	0xD80A80346A45D761	boolean	methodReturn:integer	GetScaleformMovieMethodReturnValueBool
N_0xd8122c407663b995	c	SOCIALCLUB	0xD8122C407663B995	any		
N_0xd81b7f27bc773e66	c	FILES	0xD81B7F27BC773E66	Hash,integer,integer	componentHash:Hash,variantPropIndex:integer	GetVariantProp
N_0xd821056b9acf8052	c	PLAYER	0xD821056B9ACF8052		player:Player,p1:any	
N_0xd8295af639fd9cb8	c	STREAMING	0xD8295AF639FD9CB8		ped:Ped	SwitchToMultiSecondpart
N_0xd86d101fcfd00a4b	c	PED	0xD86D101FCFD00A4B		ped:Ped,flags:integer	ClearRagdollBlockingFlags
N_0xd8c3be3ee94caf2d	c	PED	0xD8C3BE3EE94CAF2D		x:number,y:number,z:number,min:number,max:number	SetPopControlSphereThisFrame
N_0xd8e694757bcea8e9	c	HUD	0xD8E694757BCEA8E9			DeleteWaypointsFromThisPlayer
N_0xd9454b5752c857dc	c	GRAPHICS	0xD9454B5752C857DC			SetDisablePetrolDecalsIgnitingThisFrame
N_0xd95cc5d2ab15a09f	c	ENTITY	0xD95CC5D2AB15A09F	boolean	entity:Entity	GetEntityCanBeDamaged
N_0xd972df67326f966e	c	NETWORK	0xD972DF67326F966E			NetworkClearClockTimeOverride
N_0xd99db210089617fe	c	MONEY	0xD99DB210089617FE		p0:any,p1:any,amount:integer	NetworkSpentWager
N_0xd9b71952f78a2640	c	OBJECT	0xD9B71952F78A2640		doorHash:Hash,toggle:boolean	DoorSystemSetHoldOpen
N_0xd9d2cfff49fab35f	c	STREAMING	0xD9D2CFFF49FAB35F	boolean		IsPlayerSwitchInProgress
N_0xd9f692d349249528	c	MISC	0xD9F692D349249528			
N_0xda024bdbd600f44a	c	SOCIALCLUB	0xDA024BDBD600F44A	integer	networkHandle?:integer	ScInboxMessagePushGamerToEventRecipList
N_0xda05194260cdcdf9	c	OBJECT	0xDA05194260CDCDF9		garageHash:Hash,isNetwork:boolean	ClearGarageArea
N_0xda07819e452ffe8f	c	AUDIO	0xDA07819E452FFE8F		enabled:boolean	SetPositionedPlayerVehicleRadioEmitterEnabled
N_0xda62027c8bdb326e	c	VEHICLE	0xDA62027C8BDB326E	number	aircraft:Vehicle	GetVehicleFlightNozzlePosition
N_0xdab963831dbfd3f4	c	WEAPON	0xDAB963831DBFD3F4	boolean,integer	x:number,y:number,z:number,radius:number,SphereIndex?:integer	IsAnyAirDefenseZoneInsideSphere
N_0xdac073c7901f9e15	c	STATS	0xDAC073C7901F9E15		value:integer	SetHasContentUnlocksFlags
N_0xdadfada5a20143a8	c	SCRIPT	0xDADFADA5A20143A8			ScriptThreadIteratorReset
N_0xdaf80797fc534bec	c	STATS	0xDAF80797FC534BEC		p0:any	
N_0xdaf87174be7454ff	c	HUD	0xDAF87174BE7454FF	boolean	p0:any	
N_0xdb1ea9411c8911ec	c	GRAPHICS	0xDB1EA9411C8911EC		checkpointHandle:integer	
N_0xdb34e8d56fc13b08	c	HUD	0xDB34E8D56FC13B08		hudColor:integer,displayOnFoot:boolean,followPlayer:boolean	StartGpsCustomRoute
N_0xdb41d07a45a6d4b7	c	OBJECT	0xDB41D07A45A6D4B7	any	p0:any	
N_0xdb663cc9ff3407a9	c	NETWORK	0xDB663CC9FF3407A9	integer	player:Player	
N_0xdb88a37483346780	c	HUD	0xDB88A37483346780	number	size:number,font:integer	GetRenderedCharacterHeight
N_0xdb90c6cca48940f1	c	CAM	0xDB90C6CCA48940F1		p0:boolean	
N_0xdba3c090e3d74690	c	VEHICLE	0xDBA3C090E3D74690		vehicle:Vehicle	RequestVehicleDashboardScaleformMovie
N_0xdbaa5ec848ba2d46	c	GRAPHICS	0xDBAA5EC848BA2D46		p0:integer,p1:integer	GolfTrailSetTessellation
N_0xdbbc7a2432524127	c	TASK	0xDBBC7A2432524127		vehicle:Vehicle	ClearVehicleTasks
N_0xdbc631f109350b8c	c	VEHICLE	0xDBC631F109350B8C		vehicle:Vehicle,p1:boolean	
N_0xdbc966a01c02bca7	c	MONEY	0xDBC966A01C02BCA7		p0:any,p1:any,p2:any	NetworkSpentPayBoss
N_0xdbf860cf1db8e599	c	DATAFILE	0xDBF860CF1DB8E599	any	p0:any	
N_0xdc0f817884cdd856	c	MISC	0xDC0F817884CDD856		dispatchService:integer,toggle:boolean	EnableDispatchService
N_0xdc18531d7019a535	c	MONEY	0xDC18531D7019A535	boolean	amount:integer,characterSlot:integer	NetworkGetVcBankWalletBalanceIsNotLessThan
N_0xdc459cfa0cce245b	c	GRAPHICS	0xDC459CFA0CCE245B		toggle:boolean	ForceRenderInGameUi
N_0xdc48473142545431	c	NETWORK	0xDC48473142545431	boolean		FacebookSetCreateCharacterComplete
N_0xdc54a7af8b3a14ef	c	GRAPHICS	0xDC54A7AF8B3A14EF	integer		GetMaximumNumberOfCloudPhotos
N_0xdc57a637a20006ed	c	PHYSICS	0xDC57A637A20006ED		ropeId:integer,p1:any	RopeSetUpdateOrder
N_0xdc64d2c53493ed12	c	PLAYER	0xDC64D2C53493ED12		player:Player	ReportPoliceSpottedPlayer
N_0xdc6f8601faf2e893	c	ENTITY	0xDC6F8601FAF2E893		entity:Entity,toggle:boolean	SetWaitForCollisionsBeforeProbe
N_0xdc9274a7ef6b2867	c	MISC	0xDC9274A7EF6B2867	integer		GetReplayStatCount
N_0xdc9da9e8789f5246	c	CAM	0xDC9DA9E8789F5246			SetCinematicNewsChannelActiveThisUpdate
N_0xdcc07526b8ec45af	c	PLAYER	0xDCC07526B8EC45AF	boolean	player:Player	
N_0xdcca191df9980fd7	c	PED	0xDCCA191DF9980FD7	boolean	ped:Ped	IsPedPerformingMeleeAction
N_0xdce97bdf8a0eabc8	c	VEHICLE	0xDCE97BDF8A0EABC8			
N_0xdcfb5d4db8bf367e	c	HUD	0xDCFB5D4DB8BF367E		blip:Blip,toggle:boolean	ShowCrewIndicatorOnBlip
N_0xdd2238f57b977751	c	HUD	0xDD2238F57B977751	boolean	blip:Blip	DoesBlipHaveGpsRoute
N_0xdd2620b7b9d16ff1	c	PLAYER	0xDD2620B7B9D16FF1	boolean	player:Player,p1:number	
N_0xdd564bdd0472c936	c	HUD	0xDD564BDD0472C936		hash:Hash	PauseMenuActivateContext
N_0xdd6bcf9e94425df9	c	AUDIO	0xDD6BCF9E94425DF9			SetRadioRetuneDown
N_0xdd6cb2cce7c2735c	c	HUD	0xDD6CB2CCE7C2735C	integer	type:integer,button:string,text:string	EndTextCommandThefeedPostReplayInput
N_0xdd79df9f4d26e1c9	c	CAM	0xDD79DF9F4D26E1C9			
N_0xdd829aa198fdc46c	c	MONEY	0xDD829AA198FDC46C		p0:any,p1:any,p2:any,p3:any	NetworkSpentUpgradeAutoshop
N_0xddc635d5b3262c56	c	AUDIO	0xDDC635D5B3262C56		mode:string	DeactivateAudioSlowmoMode
N_0xdde23f30cc5a0f03	c	GRAPHICS	0xDDE23F30CC5A0F03	integer	effectName:string,entity:Entity,xOffset:number,yOffset:number,zOffset:number,xRot:number,yRot:number,zRot:number,boneIndex:integer,scale:number,xAxis:boolean,yAxis:boolean,zAxis:boolean	StartNetworkedParticleFxLoopedOnEntityBone
N_0xddf24d535060f811	c	STATS	0xDDF24D535060F811		scaleformHash:Hash,p1:integer	PlaystatsWebsiteVisited
N_0xddf3cb5a0a4c0b49	c	TASK	0xDDF3CB5A0A4C0B49		entity:Entity,p1:number,p2:any,p3:boolean	SetAnimPhase
N_0xddf73e2b1fec5ab4	c	NETWORK	0xDDF73E2B1FEC5AB4		player:Player,toggle:boolean	NetworkOverrideReceiveRestrictions
N_0xde03620f8703a9df	c	HUD	0xDE03620F8703A9DF	any		
N_0xde45d1a1ef45ee61	c	PLAYER	0xDE45D1A1EF45EE61		player:Player,toggle:boolean	
N_0xde68e30d89f97132	c	MONEY	0xDE68E30D89F97132		amount:integer,p1:any	
N_0xde81239437e8c5a8	c	GRAPHICS	0xDE81239437E8C5A8			DisableScreenblurFade
N_0xdea2b8283baa3944	c	HUD	0xDEA2B8283BAA3944		gamerTagId:integer,string:string	SetMpGamerTagName
N_0xdea36202fc3382df	c	MISC	0xDEA36202FC3382DF		toggle:boolean	AllowMissionCreatorWarp
N_0xdeaaf77eb3687e97	c	STATS	0xDEAAF77EB3687E97	any,integer	p0:any,p1?:integer	
N_0xdeadc0dedeadc0de	c	GRAPHICS	0xDEADC0DEDEADC0DE		entity:Entity	UpdateLightsOnEntity
N_0xdeb2b99a1af1a2a6	c	NETWORK	0xDEB2B99A1AF1A2A6	integer	netHandle:any	NetworkStartUserContentPermissionsCheck
N_0xded5af5a0ea4b297	c	PED	0xDED5AF5A0EA4B297		driver:Ped,modifier:number	SetDriverRacingModifier
N_0xdf4b952f7d381b95	c	RECORDING	0xDF4B952F7D381B95	any		
N_0xdf649c4e9afdd788	c	SOCIALCLUB	0xDF649C4E9AFDD788	string		RockstarMessageGetString
N_0xdf6ca0330f2e737b	c	OBJECT	0xDF6CA0330F2E737B		object:Object,duration:number	SetObjectStuntPropDuration
N_0xdf7e3eeb29642c38	c	VEHICLE	0xDF7E3EEB29642C38	vector3,vector3	vehicle:Vehicle	GetVehicleSuspensionBounds
N_0xdf97cdd4fc08fd34	c	OBJECT	0xDF97CDD4FC08FD34	boolean	doorHash:Hash	DoorSystemGetIsPhysicsLoaded
N_0xdfa80cb25d0a19b3	c	STREAMING	0xDFA80CB25D0A19B3	boolean		IsSwitchReadyForDescent
N_0xdfb4138eefed7b81	c	MISC	0xDFB4138EEFED7B81	boolean,vector3	ped:Ped,weaponHash:Hash,distance:number,ownedByPlayer:boolean	GetCoordsOfProjectileTypeWithinDistance
N_0xdfbd93bf2943e29b	c	STATS	0xDFBD93BF2943E29B		p0:any	
N_0xdfc8cbc606fdb0fc	c	CAM	0xDFC8CBC606FDB0FC	number		GetFinalRenderedCamFarClip
N_0xdfcdb14317a9b361	c	STATS	0xDFCDB14317A9B361		p0:any	
N_0xdfe68c4b787e1bfb	c	PED	0xDFE68C4B787E1BFB		ped:Ped	
N_0xdff09646e12ec386	c	NETWORK	0xDFF09646E12EC386	any	p0:any	NetworkGetPresenceInviteId
N_0xdffa5be8381c3314	c	NETWORK	0xDFFA5BE8381C3314	integer		NetworkGetTargetingMode
N_0xdffcef48e511db48	c	VEHICLE	0xDFFCEF48E511DB48		vehicle:Vehicle,toggle:boolean	SetVehicleActiveDuringPlayback
N_0xe0130b41d3cf4574	c	HUD	0xE0130B41D3CF4574	number		GetMinimapFowDiscoveryRatio
N_0xe01903c47c7ac89e	c	VEHICLE	0xE01903C47C7AC89E			ClearLastDrivenVehicle
N_0xe023e8ac4ef7c117	c	VEHICLE	0xE023E8AC4EF7C117	any	p0:Vehicle,p1:boolean,p2:boolean,p3:boolean	SetVehicleUseCutsceneWheelCompression
N_0xe036a705f989e049	c	NETWORK	0xE036A705F989E049			NetworkClearVoiceChannel
N_0xe058175f8eafe79a	c	REPLAY	0xE058175F8EAFE79A		p0:boolean	
N_0xe05dd0e9707003a3	c	VEHICLE	0xE05DD0E9707003A3		p0:any,p1:boolean	
N_0xe05f6aeefeb0bb02	c	OBJECT	0xE05F6AEEFEB0BB02		p0:any,p1:any,p2:any	
N_0xe0a6138401bcb837	c	NETWORK	0xE0A6138401BCB837	any		UgcGetContentNum
N_0xe0d36e5d9e99cc21	c	PED	0xE0D36E5D9E99CC21	boolean	colorID:integer	IsPedHairColorValid
N_0xe0e854f5280fb769	c	STATS	0xE0E854F5280FB769	integer	statName:Hash	StatGetNumberOfDays
N_0xe0f82d68c7039158	c	MONEY	0xE0F82D68C7039158		p0:any	
N_0xe111a7c0d200cbc5	c	CAM	0xE111A7C0D200CBC5		p0:any,p1:number	
N_0xe124fa80a759019c	c	HUD	0xE124FA80A759019C		text:string	BeginTextCommandClearPrint
N_0xe12abe5e3a389a6c	c	ENTITY	0xE12ABE5E3A389A6C		entity:Entity,toggle:boolean	SetCanAutoVaultOnEntity
N_0xe154b48b68ef72bc	c	MONEY	0xE154B48B68EF72BC	boolean	p0:any	
N_0xe16142b94664defd	c	VEHICLE	0xE16142B94664DEFD		vehicle:Vehicle,toggle:boolean	SetPlaneResistToExplosion
N_0xe1615ec03b3bb4fd	c	PAD	0xE1615EC03B3BB4FD	boolean		
N_0xe16aa70ce9beedc3	c	NETWORK	0xE16AA70CE9BEEDC3	any	p0:any	
N_0xe1a0450ed46a7812	c	NETSHOPPING	0xE1A0450ED46A7812	boolean,integer	p0:any,p1?:integer	NetGameserverBasketApplyServerData
N_0xe1c8709406f2c41c	c	GRAPHICS	0xE1C8709406F2C41C			ResetPausedRenderphases
N_0xe1ca84ebf72e691d	c	FILES	0xE1CA84EBF72E691D	Hash,integer,integer	componentHash:Hash,forcedPropIndex:integer	GetForcedProp
N_0xe1cd1e48e025e661	c	HUD	0xE1CD1E48E025E661			ThefeedResume
N_0xe23adc6fcb1f29ae	c	MONEY	0xE23ADC6FCB1F29AE		p0:any,p1:any,p2:any	
N_0xe23d5873c2394c61	c	PLAYER	0xE23D5873C2394C61	boolean	player:Player	UpdatePlayerTeleport
N_0xe260e0bb9cd995ac	c	MONEY	0xE260E0BB9CD995AC	boolean	amount:integer	DepositVc
N_0xe266ed23311f24d4	c	MISC	0xE266ED23311F24D4		ped:Ped,animDict:string,animName:string,p3:number,p4:number,p5:boolean	PlayTennisSwingAnim
N_0xe26ccff8094d8c74	c	NETWORK	0xE26CCFF8094D8C74	boolean	p0:integer	RefreshPlayerListStats
N_0xe2892e7e55d7073a	c	GRAPHICS	0xE2892E7E55D7073A		p0:number	
N_0xe2a99a9b524befff	c	NETSHOPPING	0xE2A99A9B524BEFFF	boolean	transactionId:integer	NetGameserverEndService
N_0xe2bb399d90942091	c	MONEY	0xE2BB399D90942091		p0:any,p1:any	
N_0xe2e244ab823b4483	c	MONEY	0xE2E244AB823B4483		amount:integer,p1:any	
N_0xe2f53f172b45ede1	c	VEHICLE	0xE2F53F172B45EDE1			
N_0xe301bd63e9e13cf0	c	VEHICLE	0xE301BD63E9E13CF0		cargobob:Vehicle,vehicle:Vehicle	SetCargobobPickupMagnetReducedStrength
N_0xe30524e1871f481d	c	VEHICLE	0xE30524E1871F481D		p0:any	RemoveVehicleCombatAvoidanceArea
N_0xe30cf56f1efa5f43	c	NETWORK	0xE30CF56F1EFA5F43	integer	rangeStart:integer,rangeEnd:integer	NetworkGetRandomIntRanged
N_0xe3261d791eb44acb	c	STATS	0xE3261D791EB44ACB		p0:any	
N_0xe33ffa906ce74880	c	VEHICLE	0xE33FFA906CE74880	boolean	vehicle:Vehicle,seatIndex:integer	IsTurretSeat
N_0xe3433eadaaf7ee40	c	CAM	0xE3433EADAAF7EE40		toggle:boolean	SetGameplayHintAnimCloseup
N_0xe35b38a27e8e7179	c	GRAPHICS	0xE35B38A27E8E7179	number	effectName:string	AnimpostfxGetUnk
N_0xe36a98d8ab3d3c66	c	CUTSCENE	0xE36A98D8AB3D3C66		p0:boolean	
N_0xe38cb9d7d39fdbcc	c	VEHICLE	0xE38CB9D7D39FDBCC		vehicle:Vehicle,x:number,y:number,z:number	EjectJb700Roof
N_0xe3a3db414a373dab	c	GRAPHICS	0xE3A3DB414A373DAB			ResetScriptGfxAlign
N_0xe3a7742e0b7a2f8b	c	MISC	0xE3A7742E0B7A2F8B		x1:number,y1:number,z1:number,x2:number,y2:number,z2:number,damage:integer,p7:boolean,weaponHash:Hash,ownerPed:Ped,isAudible:boolean,isInvisible:boolean,speed:number,entity:Entity	ShootSingleBulletBetweenCoordsIgnoreEntity
N_0xe3b05614dce1d014	c	HUD	0xE3B05614DCE1D014	integer	flagIndex:integer	GetGlobalActionscriptFlag
N_0xe3b27e70ceab9f0c	c	PED	0xE3B27E70CEAB9F0C		ped:Ped	ClearPedDecorationsLeaveScars
N_0xe3d969d2785ffb5e	c	MISC	0xE3D969D2785FFB5E			
N_0xe3e2c1b4c59dbc77	c	GRAPHICS	0xE3E2C1B4C59DBC77		numFrames:integer	ResetAdaptation
N_0xe3e5a7c64ca2c6ed	c	NETSHOPPING	0xE3E5A7C64CA2C6ED	any		
N_0xe3ebaae484798530	c	VEHICLE	0xE3EBAAE484798530		boat:Vehicle,toggle:boolean	SetBoatRemainsAnchoredWhilePlayerIsDriver
N_0xe41033b25d003a07	c	VEHICLE	0xE41033B25D003A07		vehicle:Vehicle,color:integer	SetVehicleXenonLightsColor
N_0xe42d626eec94e5d9	c	NETWORK	0xE42D626EEC94E5D9	integer,integer,integer	p0:any,p1:any,p2:any,p3:any	
N_0xe43701c36caff1a4	c	VEHICLE	0xE43701C36CAFF1A4	boolean	vehicle:Vehicle	DoesVehicleHaveLandingGear
N_0xe43a13c9e4cccbcf	c	PED	0xE43A13C9E4CCCBCF		ped:Ped,toggle:boolean	BlockPedDeadBodyShockingEvents
N_0xe44a982368a4af23	c	VEHICLE	0xE44A982368A4AF23		sourceVehicle:Vehicle,targetVehicle:Vehicle	CopyVehicleDamages
N_0xe45087d85f468bc2	c	HUD	0xE45087D85F468BC2		p0:boolean,name:string	SetMissionName_2
N_0xe4723db6e736ccff	c	PED	0xE4723DB6E736CCFF		ped:Ped,target:Vehicle,xOffset:number,yOffset:number,zOffset:number,radius:number,p6:boolean	SetPedDefensiveSphereAttachedToVehicle
N_0xe496a53ba5f50a56	c	STATS	0xE496A53BA5F50A56	any	p0:any	
N_0xe4c3b169876d33d7	c	HUD	0xE4C3B169876D33D7		p0:any	
N_0xe4dcec7fd5b739a5	c	WEAPON	0xE4DCEC7FD5B739A5		ped:Ped	
N_0xe4e2fd323574965c	c	VEHICLE	0xE4E2FD323574965C		vehicle:Vehicle,toggle:boolean	SetVehicleBrake
N_0xe4e53e1419d81127	c	NETWORK	0xE4E53E1419D81127	boolean	tunableContext:Hash,tunableName:Hash	NetworkDoesTunableExistHash
N_0xe4e6dd5566d28c82	c	AUDIO	0xE4E6DD5566D28C82			StopSmokeGrenadeExplosionSounds
N_0xe4f6e8d07a2f0f51	c	SOCIALCLUB	0xE4F6E8D07A2F0F51	any	p0:any	
N_0xe52b8e7f85d39a08	c	HUD	0xE52B8E7F85D39A08		ped:Ped,gangId:integer	SetPedAiBlipGangId
N_0xe532d6811b3a4d2a	c	NETWORK	0xE532D6811B3A4D2A	boolean	p0:any	NetworkFindGamersInCrew
N_0xe532ec1a63231b4f	c	MISC	0xE532EC1A63231B4F		p0:integer,p1:integer	
N_0xe547e9114277098f	c	NETSHOPPING	0xA65568121DF2EA26	boolean		NetGameserverBasketEnd
N_0xe5608ca7bc163a5f	c	NETWORK	0xE5608CA7BC163A5F	boolean,number	tunableContext:string,tunableName:string,value?:number	NetworkAccessTunableFloat
N_0xe574a662acaefbb1	c	MISC	0xE574A662ACAEFBB1			RestartGame
N_0xe5810ac70602f2f5	c	VEHICLE	0xE5810AC70602F2F5		vehicle:Vehicle,p1:number	
N_0xe59343e9e96529e7	c	GRAPHICS	0xE59343E9E96529E7	number		
N_0xe599a503b3837e1b	c	MISC	0xE599A503B3837E1B	number		GetBenchmarkTime
N_0xe5e9746a66359f9d	c	SAVEMIGRATION	0xE5E9746A66359F9D	any		
N_0xe615bb7a7752c76a	c	VEHICLE	0xE615BB7A7752C76A		vehicle:Vehicle,turretIdx:integer	SetDisableTurretMovementThisFrame
N_0xe620fd3512a04f18	c	WEAPON	0xE620FD3512A04F18		p0:number	SetPickupAmmoAmountScaler
N_0xe63d7c6eececb66b	c	GRAPHICS	0xE63D7C6EECECB66B		toggle:boolean	
N_0xe64a3ca08dfa37a9	c	NETWORK	0xE64A3CA08DFA37A9	boolean	areaHandle:integer	NetworkEntityAreaDoesExist
N_0xe66377cddada4810	c	ENTITY	0xE66377CDDADA4810		entity:Entity,p1:boolean	
N_0xe66c690248f11150	c	NETWORK	0xE66C690248F11150		ped:Ped,p1:integer	NetworkApplyPedScarData
N_0xe6717e652b8c8d8a	c	NETWORK	0xE6717E652B8C8D8A		p0:any,p1:any	
N_0xe67c6dfd386ea5e7	c	HUD	0xE67C6DFD386EA5E7		allow:boolean	AllowDisplayOfMultiplayerCashText
N_0xe6869becdd8f2403	c	MISC	0xE6869BECDD8F2403		id:integer,p1:boolean	RemovePopMultiplierSphere
N_0xe6a9f00d4240b519	c	GRAPHICS	0xE6A9F00D4240B519		scaleformHandle:integer,toggle:boolean	SetScaleformMovieToUseSuperLargeRt
N_0xe6ac6c45fbe83004	c	SHAPETEST	0xE6AC6C45FBE83004	integer	x1:number,y1:number,z1:number,x2:number,y2:number,z2:number,radius:number,flags:integer,entity:Entity,p9:integer	StartShapeTestSweptSphere
N_0xe6b0e8cfc3633bf0	c	VEHICLE	0xE6B0E8CFC3633BF0	integer	vehicle:Vehicle	GetVehicleHomingLockonState
N_0xe6c0c80b8c867537	c	VEHICLE	0xE6C0C80B8C867537		toggle:boolean	SetEnableVehicleSlipstreaming
N_0xe6ca85e7259ce16b	c	PED	0xE6CA85E7259CE16B		ped:Ped	ClearAllPedVehicleForcedSeatUsage
N_0xe6d2cedd370ff98e	c	WEAPON	0xE6D2CEDD370FF98E		p0:any,p1:any	
N_0xe6de0561d9232a64	c	HUD	0xE6DE0561D9232A64			ClearGpsCustomRoute
N_0xe6f13851780394da	c	VEHICLE	0xE6F13851780394DA		vehicle:Vehicle,p1:number	SetHeliTurbulenceScalar
N_0xe70ba7b90f8390dc	c	TASK	0xE70BA7B90F8390DC		p0:any,p1:any,p2:boolean,p3:any	WaypointPlaybackStartShootingAtPed
N_0xe73364db90778ffa	c	AUDIO	0xE73364DB90778FFA	boolean		GetIsPreloadedConversationReady
N_0xe75a4a2e5e316d86	c	SOCIALCLUB	0xE75A4A2E5E316D86	boolean		
N_0xe791df1f73ed2c8b	c	GRAPHICS	0xE791DF1F73ED2C8B	any	p0:any	
N_0xe7d267ec6ca966c3	c	INTERIOR	0xE7D267EC6CA966C3	integer		GetInteriorFromPrimaryView
N_0xe7df4e0545dfb56e	c	MONEY	0xE7DF4E0545DFB56E		amount:integer,p1:boolean,p2:boolean	NetworkSpentMoveYacht
N_0xe7e4c198b0185900	c	OBJECT	0xE7E4C198B0185900		p0:Object,p1:any,p2:boolean	BreakObjectFragmentChild
N_0xe82728f0de75d13a	c	GRAPHICS	0xE82728F0DE75D13A		type:integer,posX:number,posY:number,posZ:number,dirX:number,dirY:number,dirZ:number,rotX:number,rotY:number,rotZ:number,scaleX:number,scaleY:number,scaleZ:number,red:integer,green:integer,blue:integer,alpha:integer,bobUpAndDown:boolean,faceCamera:boolean,rotationOrder:integer,rotate:boolean,textureDict:string,textureName:string,drawOnEnts:boolean,p24:boolean	DrawMarker_2
N_0xe827b9382cfb41ba	c	CAM	0xE827B9382CFB41BA		cam:Cam,p1:number,p2:number,p3:number	SetFlyCamVerticalSpeedMultiplier
N_0xe83a3e3557a56640	c	GRAPHICS	0xE83A3E3557A56640		string:string	ScaleformMovieMethodAddParamPlayerNameString
N_0xe842a9398079bd82	c	VEHICLE	0xE842A9398079BD82		boat:Vehicle,value:number	SetBoatLowLodAnchorDistance
N_0xe84eb93729c5f36a	c	OBJECT	0xE84EB93729C5F36A	integer	object:Object	GetObjectTextureVariation
N_0xe851e480b814d4ba	c	VEHICLE	0xE851E480B814D4BA		vehicle:Vehicle,p1:boolean	
N_0xe861d0b05c7662b8	c	PED	0xE861D0B05C7662B8		ped:Ped,loseProps:boolean,p2:integer	SetPedCanLosePropsOnDamage
N_0xe8718faf591fd224	c	VEHICLE	0xE8718FAF591FD224	boolean	vehicle:Vehicle	
N_0xe8853fbce7d8d0d6	c	STATS	0xE8853FBCE7D8D0D6	any		
N_0xe8a169e666cbc541	c	PED	0xE8A169E666CBC541	boolean		HasPedheadshotImgUploadSucceeded
N_0xe8a25867fba3b05e	c	PAD	0xE8A25867FBA3B05E	boolean	padIndex:integer,control:integer,amount:number	SetControlNormal
N_0xe8b0b270b6e7c76e	c	MONEY	0xE8B0B270B6E7C76E		p0:any,p1:any,p2:any,p3:any	NetworkSpentOrderBodyguardVehicle
N_0xe8b9c0ec9e183f35	c	MISC	0xE8B9C0EC9E183F35	boolean		HasResumedFromSuspend
N_0xe906ec930f5fe7c8	c	PED	0xE906EC930F5FE7C8		p0:any,p1:any	
N_0xe95b0c7d5ba3b96b	c	MISC	0xE95B0C7D5BA3B96B	boolean	ped:Ped	
N_0xe95c8a1875a02ca4	c	STATS	0xE95C8A1875A02CA4		weaponHash:Hash,componentHashTo:Hash,componentHashFrom:Hash	PlaystatsWeaponModeChange
N_0xe9b99b6853181409	c	NETWORK	0xE9B99B6853181409			UgcCancelQuery
N_0xe9ea16d6e54cdca4	c	CAM	0xE9EA16D6E54CDCA4		p0:Vehicle,p1:integer	SetInVehicleCamStateThisUpdate
N_0xea12bd130d7569a1	c	VEHICLE	0xEA12BD130D7569A1	integer	aircraft:Vehicle	GetVehicleBombCount
N_0xea14eef5b7cd2c30	c	NETWORK	0xEA14EEF5B7CD2C30	boolean		IsCommerceDataValid
N_0xea16b69d93d71a45	c	NETWORK	0xEA16B69D93D71A45	boolean	tunableContext:Hash,tunableName:Hash	NetworkAccessTunableBoolHash
N_0xea2f2061875eed90	c	MISC	0xEA2F2061875EED90	boolean		UiStartedEndUserBenchmark
N_0xea8c0ddb10e2822a	c	NETWORK	0xEA8C0DDB10E2822A		p0:any,p1:any	
N_0xea95c0853a27888e	c	SOCIALCLUB	0xEA95C0853A27888E			
N_0xea9960d07dadcf10	c	PED	0xEA9960D07DADCF10	integer	p0:any	
N_0xeaf0fa793d05c592	c	CAM	0xEAF0FA793D05C592	boolean		IsAllowedIndependentCameraModes
N_0xeaf66acddc794793	c	TASK	0xEAF66ACDDC794793		ped:Ped,x1:number,y1:number,z1:number,x2:number,y2:number,z2:number,minZ:number,ropeId:integer,clipset:string,p10:any	TaskRappelDownWall
N_0xeb078ca2b5e82add	c	MISC	0xEB078CA2B5E82ADD		p0:any,p1:any	
N_0xeb2104e905c6f2e9	c	MISC	0xEB2104E905C6F2E9	any		
N_0xeb2bf817463dfa28	c	SOCIALCLUB	0xEB2BF817463DFA28	boolean,integer	string:string,token?:integer	ScProfanityCheckUgcString
N_0xeb2d525b57f42b40	c	RECORDING	0xEB2D525B57F42B40			StopRecordingThisFrame
N_0xeb354e5376bc81a7	c	HUD	0xEB354E5376BC81A7		show:boolean	HudForceWeaponWheel
N_0xeb3dac2c86001e5e	c	GRAPHICS	0xEB3DAC2C86001E5E	boolean		GetTogglePausedRenderphasesStatus
N_0xeb4a0c2d56441717	c	MISC	0xEB4A0C2D56441717	integer	dispatchService:integer	GetNumDispatchedUnitsForPlayer
N_0xeb6891f03362fb12	c	MISC	0xEB6891F03362FB12			QuitGame
N_0xeb6f1a9b5510a5d2	c	OBJECT	0xEB6F1A9B5510A5D2		p0:any,p1:boolean	
N_0xeb709a36958abe0d	c	HUD	0xEB709A36958ABE0D	boolean	playerId:integer	IsUpdatingMpGamerTagNameAndCrewDetails
N_0xeb81a3dadd503187	c	HUD	0xEB81A3DADD503187			
N_0xebb376779a760aa8	c	PED	0xEBB376779A760AA8	boolean		IsPedheadshotImgUploadAvailable
N_0xebcab9e5048434f4	c	NETWORK	0xEBCAB9E5048434F4	any		
N_0xebd0edba5be957cf	c	PED	0xEBD0EDBA5BE957CF	boolean	ped:Ped	IsPedPerformingDependentComboLimit
N_0xebd3205a207939ed	c	MISC	0xEBD3205A207939ED	integer	p0?:integer	
N_0xebefc2e77084f599	c	NETWORK	0xEBEFC2E77084F599		p0:integer,string:string,p2:boolean	NetworkApplyTransitionParameterString
N_0xebf8284d8cadeb53	c	NETWORK	0xEBF8284D8CADEB53			
N_0xebfa8d50addc54c4	c	NETWORK	0xEBFA8D50ADDC54C4	boolean	p0:any	
N_0xec0c1d4922af9754	c	VEHICLE	0xEC0C1D4922AF9754		vehicle:Vehicle,toggle:boolean	NetworkUseHighPrecisionVehicleBlending
N_0xec4b4b3b9908052a	c	PED	0xEC4B4B3B9908052A		ped:Ped,unk:number	
N_0xec52c631a1831c03	c	GRAPHICS	0xEC52C631A1831C03		value:integer	ScaleformMovieMethodAddParamLatestBriefString
N_0xec5e3af5289dca81	c	NETWORK	0xEC5E3AF5289DCA81	boolean,integer	event:integer,amountReceived:integer	BadSportPlayerLeftDetected
N_0xec6935ebe0847b90	c	PED	0xEC6935EBE0847B90	boolean	ped:Ped,x:number,y:number,z:number	SetPedShouldPlayDirectedScenarioExit
N_0xec69adf931aae0c3	c	VEHICLE	0xEC69ADF931AAE0C3	boolean	vehicle:Vehicle	IsVehicleEngineOnFire
N_0xec72c258667be5ea	c	GRAPHICS	0xEC72C258667BE5EA	any	p0:any	
N_0xec9264727eec0f28	c	HUD	0xEC9264727EEC0F28			TakeControlOfFrontend
N_0xeca658ce2a4e5a72	c	MONEY	0xECA658CE2A4E5A72		amount:integer,p1:any	NetworkEarnFromContraband
N_0xecb41ac6ab754401	c	STATS	0xECB41AC6AB754401	boolean		
N_0xecdc202b25e5cf48	c	WEAPON	0xECDC202B25E5CF48		player:Player,zoneId:integer,enable:boolean	SetPlayerAirDefenseZoneFlag
N_0xecf128344e9ff9f1	c	HUD	0xECF128344E9FF9F1		state:boolean	SetPauseMenuPedSleepState
N_0xed34c0c02c098bb7	c	NETWORK	0xED34C0C02C098BB7	boolean	p0:integer,maxPlayers:integer	NetworkSessionHostClosed
N_0xed3c76adfa6d07c4	c	PED	0xED3C76ADFA6D07C4		ped:Ped	
N_0xed5ede9e676643c9	c	VEHICLE	0xED5EDE9E676643C9		p0:any,p1:any	
N_0xed5fd7af10f5e262	c	MONEY	0xED5FD7AF10F5E262		p0:any,p1:any,p2:any,p3:any	
N_0xed640017ed337e45	c	AUDIO	0xED640017ED337E45		speechName:string,voiceName:string,x:number,y:number,z:number,speechParam:string	PlayAmbientSpeechFromPositionNative
N_0xed6d8e27a43b8cde	c	PED	0xED6D8E27A43B8CDE	boolean	colorId:integer	IsPedHairColorValid_2
N_0xed76d195e6e3bf7f	c	MONEY	0xED76D195E6E3BF7F		p0:any,p1:any,p2:any,p3:any	
N_0xed8286f71a819baa	c	VEHICLE	0xED8286F71A819BAA		cargobob:Vehicle,p1:number	SetCargobobPickupMagnetPullStrength
N_0xedbc8405b3895cc9	c	VEHICLE	0xEDBC8405B3895CC9		helicopter:Vehicle,disableExplode:boolean	SetDisableHeliExplodeFromBodyDamage
N_0xedbf6c9b0d2c65c8	c	STATS	0xEDBF6C9B0D2C65C8		p0:any	
N_0xedead9a91ec768b3	c	MONEY	0xEDEAD9A91EC768B3		amount:integer,p1:any,p2:any	NetworkEarnFromVehicleExport
N_0xedf7f927136c224b	c	NETWORK	0xEDF7F927136C224B	any		UgcGetQueryResult
N_0xee066c7006c49c0a	c	AUDIO	0xEE066C7006C49C0A		pedHandle:Ped,animalType:integer,speechName:string	PlayAnimalVocalization
N_0xee4c0e6dbc6f2c6f	c	HUD	0xEE4C0E6DBC6F2C6F			ForceCloseReportugcMenu
N_0xee4ebdd2593ba844	c	PLAYER	0xEE4EBDD2593BA844		player:Player,p1:boolean	SetPlayerHomingRocketDisabled
N_0xee76ff7e6a0166b0	c	HUD	0xEE76FF7E6A0166B0		gamerTagId:integer,toggle:boolean	SetMpGamerTagVisibilityAll
N_0xee778f8c7e1142e2	c	CAM	0xEE778F8C7E1142E2	integer	context:integer	GetCamViewModeForContext
N_0xee99784e4467689c	c	MONEY	0xEE99784E4467689C		p0:any,p1:boolean,p2:any,p3:boolean	NetworkSpentInStripclub
N_0xeea5ac2eda7c33e8	c	INTERIOR	0xEEA5AC2EDA7C33E8	boolean	x:number,y:number,z:number	IsCollisionMarkedOutside
N_0xeeb7e5d1feb20869	c	MONEY	0xEEB7E5D1FEB20869		p0:any,p1:any,p2:any,p3:any	NetworkSpentBuyAutoshop
N_0xeebfc7a7efdc35b4	c	VEHICLE	0xEEBFC7A7EFDC35B4	integer	vehicle:Vehicle	GetVehicleColoursWhichCanBeSet
N_0xeeed8fafec331a70	c	PED	0xEEED8FAFEC331A70	any	ped:Ped,p1:any,p2:any,p3:any	SetPedShouldPlayFleeScenarioExit
N_0xeeeda5e6d7080987	c	NETWORK	0xEEEDA5E6D7080987		p0:any,p1:any	NetworkChangeTransitionSlots
N_0xef0912ddf7c4cb4b	c	NETWORK	0xEF0912DDF7C4CB4B	boolean		NetworkSessionIsVoiceSessionBusy
N_0xef0d582cbf2d9b0f	c	PED	0xEF0D582CBF2D9B0F		ped:Ped,component:integer,u:number,v:number,rotation:number,scale:number,forcedFrame:integer,preAge:number,bloodName:string	ApplyPedBloodSpecific
N_0xef398beee4ef45f9	c	GRAPHICS	0xEF398BEEE4EF45F9		p0:boolean	
N_0xef39ee20c537e98c	c	STREAMING	0xEF39EE20C537E98C		p0:any,p1:any,p2:any,p3:any,p4:any,p5:any	
N_0xef49cf0270307cbe	c	VEHICLE	0xEF49CF0270307CBE			DetonateVehiclePhoneExplosiveDevice
N_0xef4ced81cebedc6d	c	HUD	0xEF4CED81CEBEDC6D	boolean,integer	p0:any,p1?:integer	GetMenuPedIntStat
N_0xef7d17bc6c85264c	c	LOADINGSCREEN	0xEF7D17BC6C85264C	boolean		LoadingscreenGetLoadFreemode
N_0xef9d388f8d377f44	c	VEHICLE	0xEF9D388F8D377F44		vehicle:Vehicle,p1:boolean	
N_0xefabc7722293da7c	c	GRAPHICS	0xEFABC7722293DA7C			AdjustNextPosSizeAsNormalized_16_9
N_0xefb55e7c25d3b3be	c	GRAPHICS	0xEFB55E7C25D3B3BE			OverrideInteriorSmokeEnd
N_0xefc13b1ce30d755d	c	VEHICLE	0xEFC13B1CE30D755D		vehicle:Vehicle,p1:number	SetVehicleRampLaunchModifier
N_0xefd79fa81dfba9cb	c	PLAYER	0xEFD79FA81DFBA9CB		player:Player,distance:number	SetPlayerFallDistance
N_0xefd97ff47b745b8d	c	GRAPHICS	0xEFD97FF47B745B8D		p0:any	DisableScriptAmbientEffects
N_0xeff296097ff1e509	c	WEAPON	0xEFF296097FF1E509		ped:Ped,toggle:boolean	SetCanPedEquipAllWeapons
N_0xeffb25453d8600f9	c	NETWORK	0xEFFB25453D8600F9	boolean		NetworkIsCableConnected
N_0xf0210268db0974b1	c	NETWORK	0xF0210268DB0974B1	boolean	p0:any	NetworkRemovePresenceInvite
N_0xf033419d1b81fae8	c	PED	0xF033419D1B81FAE8	any	p0:any	
N_0xf03755696450470c	c	NETWORK	0xF03755696450470C			NetworkClearVoiceProximityOverride
N_0xf051d9bfb6ba39c0	c	VEHICLE	0xF051D9BFB6BA39C0		p0:any	
N_0xf06a16ca55d138d8	c	VEHICLE	0xF06A16CA55D138D8		vehicle:Vehicle,toggle:boolean	SetUseHigherVehicleJumpForce
N_0xf06a6f41cb445443	c	STATS	0xF06A6F41CB445443		p0:any	
N_0xf06ebb91a81e09e3	c	HUD	0xF06EBB91A81E09E3		setWarn:boolean	PauseMenuSetWarnOnTabChange
N_0xf083835b70ba9bfe	c	NETWORK	0xF083835B70BA9BFE			
N_0xf086ad9354fac3a3	c	STREAMING	0xF086AD9354FAC3A3		modelHash:Hash	RemoveModelFromCreatorBudget
N_0xf0a60040be558f2d	c	WEAPON	0xF0A60040BE558F2D	integer	ped:Ped,weaponHash:Hash,camoComponentHash:Hash	GetPedWeaponLiveryColor
N_0xf0bc9bcd24a511d5	c	NETWORK	0xF0BC9BCD24A511D5		ped:Ped	NetworkPedForceGameStateUpdate
N_0xf0daef2f545bee25	c	PED	0xF0DAEF2F545BEE25	boolean	id:integer	RequestPedheadshotImgUpload
N_0xf0e4ba16d1db546c	c	VEHICLE	0xF0E4BA16D1DB546C		vehicle:Vehicle,p1:integer,p2:integer	SetVehicleShadowEffect
N_0xf0eed5a6bc7b237a	c	OBJECT	0xF0EED5A6BC7B237A	boolean	garageHash:Hash,entity:Entity,p2:integer	IsObjectPartiallyInsideGarage
N_0xf0f2103efaf8cba7	c	VEHICLE	0xF0F2103EFAF8CBA7	vector3	id:integer,time:number	GetRotationOfVehicleRecordingIdAtTime
N_0xf0f77adb9f67e79d	c	INTERIOR	0xF0F77ADB9F67E79D	integer	x:number,y:number,z:number,typeHash:Hash	GetInteriorAtCoordsWithTypehash
N_0xf10b44fd479d69f3	c	PLAYER	0xF10B44FD479D69F3	boolean	player:Player,type:integer	IsPlayerDrivingDangerously
N_0xf11f01d98113536a	c	STATS	0xF11F01D98113536A	any,number	p0?:number	
N_0xf1211889df15a763	c	VEHICLE	0xF1211889DF15A763		vehicle:Vehicle,toggle:boolean	SetSpecialFlightModeAllowed
N_0xf12e33034d887f66	c	OBJECT	0xF12E33034D887F66	boolean	x:number,y:number,z:number,radius:number,modelHash:Hash,textureVariation:integer	SetTextureVariationOfClosestObjectOfType
N_0xf12e6cd06c73d69e	c	NETWORK	0xF12E6CD06C73D69E	string		GetCloudTimeAsString
N_0xf13fe2a80c05c561	c	HUD	0xF13FE2A80C05C561	boolean		
N_0xf154b8d1775b2dec	c	AUDIO	0xF154B8D1775B2DEC		blocked:boolean	BlockDeathJingle
N_0xf1a1803d3476f215	c	STATS	0xF1A1803D3476F215		value:integer	
N_0xf1a6c18b35bcade6	c	HUD	0xF1A6C18B35BCADE6		p0:boolean	ShowStartMissionInstructionalButton
N_0xf1ae5dcdbfca2721	c	STATS	0xF1AE5DCDBFCA2721	boolean,integer	gamerHandleCsv:string,platformName:string	Leaderboards2ReadByPlatform
N_0xf1b84178f8674195	c	NETWORK	0xF1B84178F8674195		seed:integer	NetworkSeedRandomNumberGenerator
N_0xf1c03a5352243a30	c	PED	0xF1C03A5352243A30		ped:Ped	SetPedShouldPlayImmediateScenarioExit
N_0xf1ca12b18aef5298	c	NETWORK	0xF1CA12B18AEF5298		entity:Entity,toggle:boolean	NetworkSetEntityInvisibleToNetwork
N_0xf1cea8a4198d8e9a	c	GRAPHICS	0xF1CEA8A4198D8E9A	boolean	presetName:string	Ui3dscenePushPreset
N_0xf1e22dc13f5eebad	c	MOBILE	0xF1E22DC13F5EEBAD		p0:number	CellCamSetHeadRoll
N_0xf1eea2dda9ffa69d	c	NETWORK	0xF1EEA2DDA9FFA69D		p0:any	NetworkSessionSetMatchmakingMentalState
N_0xf1f8157b8c3f171c	c	AUDIO	0xF1F8157B8C3F171C		vehicle:Vehicle,soundName:string,setName:string	SetVehicleStartupRevSound
N_0xf22ca0fd74b80e7a	c	SOCIALCLUB	0xF22CA0FD74B80E7A	boolean	p0:any	
N_0xf2385935bffd4d92	c	PED	0xF2385935BFFD4D92	boolean	ped:Ped	
N_0xf239400e16c23e08	c	PAD	0xF239400E16C23E08		padIndex:integer,p1:integer	
N_0xf25e02cb9c5818f8	c	VEHICLE	0xF25E02CB9C5818F8			
N_0xf284ac67940c6812	c	HUD	0xF284AC67940C6812	any		
N_0xf287f506767cc8a9	c	NETWORK	0xF287F506767CC8A9	any		
N_0xf2bebcdfafdaa19e	c	PED	0xF2BEBCDFAFDAA19E		toggle:boolean	
N_0xf2ca003f167e21d2	c	LOADINGSCREEN	0xF2CA003F167E21D2	integer		
N_0xf2d4b2fe415aafc3	c	STATS	0xF2D4B2FE415AAFC3	integer	statName:Hash	StatGetNumberOfHours
N_0xf2e07819ef1a5289	c	DLC	0xF2E07819EF1A5289	boolean		
N_0xf2e1a7133dd356a6	c	OBJECT	0xF2E1A7133DD356A6		garageHash:Hash,toggle:boolean	EnableSavingInGarage
N_0xf2eac213d5ea0623	c	NETWORK	0xF2EAC213D5EA0623	integer		GetNumCommerceItems
N_0xf2f6a2fa49278625	c	MISC	0xF2F6A2FA49278625	number,number,number,number	t:number,x:number,y:number,z:number,w:number,x1:number,y1:number,z1:number,w1:number	SlerpNearQuaternion
N_0xf30980718c8ed876	c	NETSHOPPING	0xF30980718C8ED876	boolean,integer	quantity:integer	NetGameserverBasketAddItem
N_0xf314cf4f0211894e	c	HUD	0xF314CF4F0211894E		hudColorIndex:integer,r:integer,g:integer,b:integer,a:integer	ReplaceHudColourWithRgba
N_0xf3162836c28f9da5	c	PATHFIND	0xF3162836C28F9DA5	boolean,vector3	bStartAtPlayerPos:boolean,fDistanceAlongRoute:number,slotType:integer	GetPosAlongGpsTypeRoute
N_0xf3365489e0dd50f9	c	AUDIO	0xF3365489E0DD50F9		vehicle:Vehicle,toggle:boolean	SetVehicleMissileWarningEnabled
N_0xf36199225d6d8c86	c	MISC	0xF36199225D6D8C86		opacity:number	SetCloudsAlpha
N_0xf3929c2379b60cce	c	NETWORK	0xF3929C2379B60CCE	boolean		NetworkSessionIsSolo
N_0xf3b0e0aed097a3f5	c	VEHICLE	0xF3B0E0AED097A3F5	any	p0:any,p1:any	
N_0xf3e31d16cbdcb304	c	SOCIALCLUB	0xF3E31D16CBDCB304	string	p0:integer	ScInboxMessageGetString
N_0xf3f776ada161e47d	c	GRAPHICS	0xF3F776ADA161E47D		p0:any,p1:any	
N_0xf3fbe2d50a6a8c28	c	FILES	0xF3FBE2D50A6A8C28	integer	character:integer,p1:boolean	SetupShopPedOutfitQuery
N_0xf41b5d290c99a3d6	c	PED	0xF41B5D290C99A3D6	boolean	colorId:integer	IsPedBlushColorValid_2
N_0xf434a10ba01c37d0	c	STATS	0xF434A10BA01C37D0		toggle:boolean	StatSetBlockSaves
N_0xf445de8da80a1792	c	PED	0xF445DE8DA80A1792	boolean		SpawnpointsIsSearchFailed
N_0xf44a5456ac3f4f97	c	GRAPHICS	0xF44A5456AC3F4F97		hudComponent:integer	RemoveScaleformScriptHudMovie
N_0xf45352426ff3a4f0	c	NETWORK	0xF45352426FF3A4F0	integer	bufferSize:integer,formattedTag:string	NetworkClanGetUiFormattedTag
N_0xf46a1e03e8755980	c	NETWORK	0xF46A1E03E8755980		toggle:boolean	NetworkSetNoSpectatorChat
N_0xf47e567b3630dd12	c	HUD	0xF47E567B3630DD12		p0:integer,hudColor:integer	OverrideMultiplayerChatColour
N_0xf488c566413b4232	c	VEHICLE	0xF488C566413B4232		vehicle:Vehicle,ratio:number	SetBoatBoomPositionRatio
N_0xf49abc20d8552257	c	NETWORK	0xF49ABC20D8552257		p0:any	
N_0xf4a0dadb70f57fa6	c	STREAMING	0xF4A0DADB70F57FA6			
N_0xf4b2ed59deb5d774	c	VEHICLE	0xF4B2ED59DEB5D774		aircraft:Vehicle,bombCount:integer	SetVehicleBombCount
N_0xf4c8cf9e353afeca	c	CAM	0xF4C8CF9E353AFECA		p0:string,p1:number	ShakeScriptGlobal
N_0xf4d8e7ac2a27758c	c	STATS	0xF4D8E7AC2A27758C	integer	p0:integer	StatGetPackedBoolMask
N_0xf4f2c0d4ee209e20	c	CAM	0xF4F2C0D4EE209E20			InvalidateIdleCam
N_0xf4ff020a08bc8863	c	STATS	0xF4FF020A08BC8863		hash:Hash,p1:integer	PlaystatsHeistSaveCheat
N_0xf514621e8ea463d0	c	MONEY	0xF514621E8EA463D0		amount:integer	NetworkEarnFromArmourTruck
N_0xf51d36185993515d	c	GRAPHICS	0xF51D36185993515D		checkpoint:integer,posX:number,posY:number,posZ:number,unkX:number,unkY:number,unkZ:number	
N_0xf534d94dfa2ead26	c	STATS	0xF534D94DFA2EAD26		p0:any,p1:any,p2:any,p3:any,p4:any	
N_0xf53e48461b71eecb	c	NETWORK	0xF53E48461B71EECB	boolean	p0:any	UgcIsLanguageSupported
N_0xf55e4046f6f831dc	c	CAM	0xF55E4046F6F831DC		p0:any,p1:number	
N_0xf56dfb7b61be7276	c	MISC	0xF56DFB7B61BE7276	boolean,number	x1:number,y1:number,z1:number,x2:number,y2:number,z2:number,planeX:number,planeY:number,planeZ:number,planeNormalX:number,planeNormalY:number,planeNormalZ:number,intersectionParameter?:number	GetLinePlaneIntersection
N_0xf5846edb26a98a24	c	PED	0xF5846EDB26A98A24		ped:Ped,p1:boolean	SetPedCanTorsoReactIk
N_0xf584cf8529b51434	c	AUDIO	0xF584CF8529B51434		vehicle:Vehicle,toggle:boolean	SetSirenKeepOn
N_0xf5a2c681787e579d	c	GRAPHICS	0xF5A2C681787E579D		x:number,y:number,w:number,h:number	SetScriptGfxAlignParams
N_0xf5bb8dac426a52c0	c	STATS	0xF5BB8DAC426A52C0	integer,integer,integer,integer		PlaystatsJobBend
N_0xf5bed327cea362b1	c	GRAPHICS	0xF5BED327CEA362B1	integer	scanForSaving:boolean	GetStatusOfSortedListOperation
N_0xf5f1e89a970b7796	c	CAM	0xF5F1E89A970B7796	boolean		IsCinematicCamInputActive
N_0xf60165e1d2c5370b	c	PED	0xF60165E1D2C5370B	boolean,number,number	ped:Ped	GetPedCurrentMovementSpeed
N_0xf6792800ac95350d	c	STATS	0xF6792800AC95350D		transactionId:integer	SetSaveMigrationTransactionId
N_0xf6b170f9a02e9e87	c	MONEY	0xF6B170F9A02E9E87		p0:any	NetworkEarnBountyHunterReward
N_0xf6baaaf762e1bf40	c	SOCIALCLUB	0xF6BAAAF762E1BF40	boolean,integer	p0:string,p1?:integer	
N_0xf6f4383b7c92f11a	c	NETWORK	0xF6F4383B7C92F11A		p0:any	
N_0xf70efa14fe091429	c	MONEY	0xF70EFA14FE091429	integer	amount:integer	WithdrawVc
N_0xf751b16fb32abc1d	c	MISC	0xF751B16FB32ABC1D		minAmplitude:number	WaterOverrideSetOceanwaveminamplitude
N_0xf78b803082d4386f	c	GRAPHICS	0xF78B803082D4386F		p0:number	
N_0xf78f94d60248c737	c	VEHICLE	0xF78F94D60248C737	boolean	vehicle:Vehicle,checkForZeroHealth:boolean	ArePlaneControlPanelsIntact
N_0xf796359a959df65d	c	VEHICLE	0xF796359A959DF65D		toggle:boolean	SetDistantCarsEnabled
N_0xf79f9def0aade61a	c	PED	0xF79F9DEF0AADE61A		ped:Ped	ReleasePedPreloadPropData
N_0xf7b2cfde5c9f700d	c	NETWORK	0xF7B2CFDE5C9F700D	boolean	p0:any,p1:number,p2:number,p3:number	NetworkFindMatchedGamers
N_0xf7b38b8305f1fe8b	c	GRAPHICS	0xF7B38B8305F1FE8B		tvChannel:integer,playlistName:string,restart:boolean	SetTvChannelPlaylist
N_0xf7b79a50b905a30d	c	PATHFIND	0xF7B79A50B905A30D	boolean	x1:number,y1:number,x2:number,y2:number	AreNodesLoadedForArea
N_0xf7f203e31f96f6a1	c	VEHICLE	0xF7F203E31F96F6A1	boolean	vehicle:Vehicle,seatIndex:integer	IsSeatWarpOnly
N_0xf814fec6a19fd6e0	c	NETWORK	0xF814FEC6A19FD6E0			
N_0xf8155a7f03ddfc8e	c	STREAMING	0xF8155A7F03DDFC8E		p0:any	
N_0xf83d0febe75e62c9	c	HUD	0xF83D0FEBE75E62C9		blip:Blip,p1:any,p2:any,width:number,p4:any,length:number,heading:number,p7:any	
N_0xf846aa63df56b804	c	VEHICLE	0xF846AA63DF56B804	integer	aircraft:Vehicle	GetVehicleCountermeasureCount
N_0xf854439efbb3b583	c	RECORDING	0xF854439EFBB3B583			
N_0xf86aa3c56ba31381	c	SCRIPT	0xF86AA3C56BA31381	boolean	scriptHash:Hash	DoesScriptWithNameHashExist
N_0xf87d9f2301f7d206	c	VEHICLE	0xF87D9F2301F7D206		vehicle:Vehicle	RemoveVehicleShadowEffect
N_0xf8ad2eed7c47e8fe	c	AUDIO	0xF8AD2EED7C47E8FE		ped:Ped,shouldBlock:boolean,suppressOutgoingNetworkSpeech:boolean	BlockAllSpeechFromPed
N_0xf8b49f5ba7f850e7	c	VEHICLE	0xF8B49F5BA7F850E7		vehicle:Vehicle,p1:integer	
N_0xf8bdbf3d573049a1	c	CAM	0xF8BDBF3D573049A1		value:number	SetGameplayHintFollowDistanceScalar
N_0xf8c54a461c3e11dc	c	STATS	0xF8C54A461C3E11DC	integer,integer,integer,integer		
N_0xf8cc1ebe0b62e29f	c	DATAFILE	0xF8CC1EBE0B62E29F	boolean	p0:any	DatafileHasValidFileData
N_0xf8dee0a5600cbb93	c	HUD	0xF8DEE0A5600CBB93		toggle:boolean	SetMinimapHideFow
N_0xf8ebccc96adb9fb7	c	VEHICLE	0xF8EBCCC96ADB9FB7		vehicle:Vehicle,position:number,p2:boolean	SetVehicleBulldozerArmPosition
N_0xf9096193df1f99d4	c	STATS	0xF9096193DF1F99D4		p0:any	
N_0xf92099527db8e2a7	c	OBJECT	0xF92099527DB8E2A7		p0:any,p1:any	
N_0xf98dde0a8ed09323	c	NETWORK	0xF98DDE0A8ED09323		p0:boolean	UgcSetQueryDataFromOffline
N_0xf98e4b3e56afc7b1	c	HUD	0xF98E4B3E56AFC7B1		blip:Blip,zoom:number	SetRadarZoomToBlip
N_0xf9904d11f1acbec3	c	HUD	0xF9904D11F1ACBEC3	boolean,number,number	worldX:number,worldY:number,worldZ:number	GetHudScreenPositionFromWorldPosition
N_0xf9acf4a08098ea25	c	PED	0xF9ACF4A08098EA25		ped:Ped,noCollisionUntilClear:boolean	SpecialFunctionDoNotUse
N_0xf9b83b77929d8863	c	NETWORK	0xF9B83B77929D8863	boolean		NetworkDidFindGamersSucceed
N_0xf9b8f91aad3b953e	c	PED	0xF9B8F91AAD3B953E		ped:Ped,target:Ped,xOffset:number,yOffset:number,zOffset:number,radius:number,p6:boolean	SetPedDefensiveSphereAttachedToPed
N_0xf9c1681347c8bd15	c	OBJECT	0xF9C1681347C8BD15		object:Object	FixObjectFragment
N_0xf9c812cd7c46e817	c	MONEY	0xF9C812CD7C46E817		index:integer,context:string,reason:string,unk:boolean	NetworkRefundCash
N_0xf9d02130ecdd1d77	c	CAM	0xF9D02130ECDD1D77		cam:Cam,height:number	SetFlyCamMaxHeight
N_0xf9e1ccae8ba4c281	c	NETWORK	0xF9E1CCAE8BA4C281	boolean,integer,integer	p0:any,p1:any	UgcGetFriendContent
N_0xf9f2922717b819ec	c	STATS	0xF9F2922717B819EC	any		
N_0xfa07759e6fddd7cf	c	MONEY	0xFA07759E6FDDD7CF		p0:any,p1:any,p2:any,p3:any	
N_0xfa1e0e893d915215	c	LOADINGSCREEN	0xFA1E0E893D915215		toggle:boolean	
N_0xfa2888e3833c8e96	c	NETWORK	0xFA2888E3833C8E96			
N_0xfa3ffb0eebc288a3	c	MISC	0xFA3FFB0EEBC288A3		p0:boolean	
N_0xfa5b74bab8a7ef99	c	STATS	0xFA5B74BAB8A7EF99		p0:any	PlaystatsExtraEvent
N_0xfa83ca6776038f64	c	TASK	0xFA83CA6776038F64		x:number,y:number,z:number	
N_0xfaa457ef263e8763	c	MISC	0xFAA457EF263E8763	integer	name:string	
N_0xfab944d4d481accb	c	PED	0xFAB944D4D481ACCB		ped:Ped,toggle:boolean	
N_0xfac18e7356bd3210	c	NETWORK	0xFAC18E7356BD3210			
N_0xfac75988a7d078d3	c	PLAYER	0xFAC75988A7D078D3		player:Player	
N_0xfae628f1e9adb239	c	NETWORK	0xFAE628F1E9ADB239		p0:Hash,p1:integer,p2:Hash	
N_0xfaf2a78061fd9ef4	c	VEHICLE	0xFAF2A78061FD9EF4		p0:any,p1:number,p2:number,p3:number	
N_0xfafc23aee23868db	c	NETWORK	0xFAFC23AEE23868DB	boolean		NetworkAllocateTunablesRegistrationDataMap
N_0xfb00ca71da386228	c	MISC	0xFB00CA71DA386228			
N_0xfb199266061f820a	c	STREAMING	0xFB199266061F820A	boolean		
N_0xfb1f9381e80fa13f	c	NETWORK	0xFB1F9381E80FA13F	any,integer	p0:integer,p1?:integer	
N_0xfb680d403909dc70	c	NETWORK	0xFB680D403909DC70		p0:any,p1:any	
N_0xfb6c4072e9a32e92	c	PAD	0xFB6C4072E9A32E92	boolean	padIndex:integer,control:integer	IsDisabledControlReleased
N_0xfb6db092fbae29e6	c	MONEY	0xFB6DB092FBAE29E6	integer	p0:integer,p1:string,p2?:integer	NetworkEarnFromAmbientJob
N_0xfb80ab299d2ee1bd	c	MISC	0xFB80AB299D2EE1BD		toggle:boolean	ToggleShowOptionalStuntJumpCamera
N_0xfb8f2a6f3df08cbe	c	NETWORK	0xFB8F2A6F3DF08CBE			NetworkCancelRespawnSearch
N_0xfbc5e768c7a77a6a	c	NETWORK	0xFBC5E768C7A77A6A	any		UgcGetCreateResult
N_0xfbcfa2ea2e206890	c	NETWORK	0xFBCFA2EA2E206890	boolean		NetworkSessionIsClosedFriends
N_0xfbe20329593dec9d	c	AUDIO	0xFBE20329593DEC9D		x:number,y:number,z:number,radius:number	RecordBrokenGlass
N_0xfc18db55ae19e046	c	NETWORK	0xFC18DB55AE19E046		toggle:boolean	NetworkSetInFreeCamMode
N_0xfc309e94546fcdb5	c	LOADINGSCREEN	0xFC309E94546FCDB5		toggle:boolean	LoadingscreenSetLoadFreemodeWithEventName
N_0xfc40cbf7b90ca77c	c	VEHICLE	0xFC40CBF7B90CA77C		vehicle:Vehicle	SetCarBootOpen
N_0xfc481c641ebbd27d	c	OBJECT	0xFC481C641EBBD27D	boolean	object:Object	IsObjectAPickup
N_0xfc4ee00a7b3bfb76	c	MONEY	0xFC4EE00A7B3BFB76		p0:any,p1:any,p2:any	NetworkSpentRenameOrganization
N_0xfc695459d4d0e219	c	PAD	0xFC695459D4D0E219	boolean	x:number,y:number	SetCursorLocation
N_0xfc859e2374407556	c	PAD	0xFC859E2374407556	boolean		GetAllowMovementWhileZoomed
N_0xfcc228e07217fcac	c	STATS	0xFCC228E07217FCAC		p0:any	
N_0xfcc75460aba29378	c	HUD	0xFCC75460ABA29378			EndTextCommandClearPrint
N_0xfccae5b92a830878	c	DATAFILE	0xFCCAE5B92A830878	boolean	index:integer	DatafileIsValidRequestId
N_0xfcf37a457cb96dc0	c	PED	0xFCF37A457CB96DC0	boolean	ped:Ped,x:number,y:number,z:number,p4:number	IsPedHeadingTowardsPosition
N_0xfcf6788fc4860cd4	c	GRAPHICS	0xFCF6788FC4860CD4		checkpoint:integer	
N_0xfcfacd0db9d7a57d	c	HUD	0xFCFACD0DB9D7A57D		ped:Ped,spriteId:integer	SetPedAiBlipSprite
N_0xfd1695c5d3b05439	c	ENTITY	0xFD1695C5D3B05439		entity1:Entity,entity2:Entity,entityBone:integer,entityBone2:integer,p4:boolean,p5:boolean	AttachEntityBoneToEntityBonePhysically
N_0xfd3151cd37ea2245	c	CAM	0xFD3151CD37EA2245		entity:Entity	
N_0xfd325494792302d7	c	PED	0xFD325494792302D7		ped:Ped,toggle:boolean	
N_0xfd75dabc0957bf33	c	NETWORK	0xFD75DABC0957BF33		p0:boolean	
N_0xfd8b834a8ba05048	c	NETWORK	0xFD8B834A8BA05048	boolean		NetworkIsInPlatformPartyChat
N_0xfdb423997fa30340	c	HUD	0xFDB423997FA30340			ThefeedPause
N_0xfdbf4cdbc07e1706	c	WATER	0xFDBF4CDBC07E1706	integer	xLow:number,yLow:number,xHigh:number,yHigh:number,height:number	AddExtraCalmingQuad
N_0xfdc07c58e8aab715	c	OBJECT	0xFDC07C58E8AAB715		pickupHash:Hash	
N_0xfdd85225b2dea55e	c	HUD	0xFDD85225B2DEA55E			ThefeedResetAllParameters
N_0xfddb234cf74073d9	c	PED	0xFDDB234CF74073D9		ped:Ped	RemovePedPreferredCoverSet
N_0xfdec055ab549e328	c	HUD	0xFDEC055AB549E328			ThefeedFreezeNextPost
N_0xfe07ff6495d52e2a	c	PED	0xFE07FF6495D52E2A	any	ped:Ped,x:number,y:number,z:number	SetPedPanicExitScenario
N_0xfe205f38aaa58e5b	c	VEHICLE	0xFE205F38AAA58E5B		vehicle:Vehicle,health:number	SetHeliTailRotorHealth
N_0xfe26117a5841b2ff	c	GRAPHICS	0xFE26117A5841B2FF	integer	vehicle:Vehicle,p1:integer	GetVehicleCrewEmblemRequestState
N_0xfe466162c4401d18	c	SHAPETEST	0xFE466162C4401D18	integer	x:number,y:number,z:number,x1:number,y1:number,z1:number,rotX:number,rotY:number,rotZ:number,p9:integer,flags:integer,entity:Entity,p12:integer	StartShapeTestBox
N_0xfe4c1d0d3b9cc17e	c	SOCIALCLUB	0xFE4C1D0D3B9CC17E	boolean	p0:any,p1:boolean	
N_0xfe65afe7308e32b2	c	MONEY	0xFE65AFE7308E32B2		p0:any	NetworkEarnFromVehicleAutoshopBonus
N_0xfebfbfdfb66039de	c	GRAPHICS	0xFEBFBFDFB66039DE		amount:number	SeethroughSetNoiseAmountMax
N_0xfec9a3b1820f3331	c	PED	0xFEC9A3B1820F3331	boolean	ped:Ped	
N_0xfee4a5459472a9f8	c	PED	0xFEE4A5459472A9F8			SpawnpointsCancelSearch
N_0xff14d6feec507bbe	c	STATS	0xFF14D6FEEC507BBE		p0:any	PlaystatsCarclubPoints
N_0xff266d1d0eb1195d	c	AUDIO	0xFF266D1D0EB1195D			SetRadioRetuneUp
N_0xff287323b0e2c69a	c	PED	0xFF287323B0E2C69A		ped:Ped	FreezePedCameraRotation
N_0xff300c7649724a0b	c	PLAYER	0xFF300C7649724A0B		player:Player,toggle:boolean	SetPlayerLeavePedBehind
N_0xff4803bc019852d9	c	PED	0xFF4803BC019852D9		p0:number,p1:any	
N_0xff56381874f82086	c	FILES	0xFF56381874F82086	boolean,integer	characterType:integer,decorationIndex:integer,outComponent?:integer	GetTattooShopDlcItemData
N_0xff5992e1c9e65d05	c	GRAPHICS	0xFF5992E1C9E65D05		amount:number	SeethroughSetNoiseAmountMin
N_0xff6be494c7987f34	c	SHAPETEST	0xFF6BE494C7987F34	integer,vector3,vector3	flag:integer,entity:Entity,flag2:integer	StartShapeTestSurroundingCoords
N_0xff8f3a92b75ed67a	c	SOCIALCLUB	0xFF8F3A92B75ED67A	any		
N_0xffbe02cd385356bd	c	MONEY	0xFFBE02CD385356BD	boolean		NetworkSpentBoss
N_0xffe1e5b792d92b34	c	NETWORK	0xFFE1E5B792D92B34	boolean		NetworkJoinPreviouslyFailedTransition
N_0xffe5c16f402d851d	c	SOCIALCLUB	0xFFE5C16F402D851D	boolean	p0:integer,p1:string	ScInboxMessageGetDataBool
N_0xffee8fa29ab9a18e	c	PLAYER	0xFFEE8FA29AB9A18E		player:Player	
N_0xfffba1b1f7c0b6f4	c	MONEY	0xFFFBA1B1F7C0B6F4		p0:any	NetworkEarnFmbbWageBonus
NetGameserverBasketAddItem	c	NETSHOPPING	0xF30980718C8ED876	boolean,integer	quantity:integer	
NetGameserverBasketApplyServerData	c	NETSHOPPING	0xE1A0450ED46A7812	boolean,integer	p0:any,p1?:integer	
NetGameserverBasketDelete	c	NETSHOPPING	0xFA336E7F40C0A0D0	boolean		
NetGameserverBasketEnd	c	NETSHOPPING	0xA65568121DF2EA26	boolean		
NetGameserverBasketIsFull	c	NETSHOPPING	0x27F76CC6C55AD30E	boolean		
NetGameserverBasketStart	c	NETSHOPPING	0x279F08B1A4B29B7E	boolean,integer	categoryHash:Hash,actionHash:Hash,flags:integer	
NetGameserverBeginService	c	NETSHOPPING	0x3C5FD37B5499582E	boolean,integer	categoryHash:Hash,itemHash:Hash,actionTypeHash:Hash,value:integer,flags:integer	
NetGameserverCatalogIsReady	c	NETSHOPPING	0x3C4487461E9B0DCB	boolean		
NetGameserverCatalogItemExists	c	NETSHOPPING	0xBD4D7EAF8A30F637	boolean	name:string	
NetGameserverCatalogItemExistsHash	c	NETSHOPPING	0x247F0F73A182EA0B	boolean	hash:Hash	
NetGameserverCheckoutStart	c	NETSHOPPING	0x39BE7CEA8D9CC8E6	boolean	transactionId:integer	
NetGameserverDeleteCharacterSlot	c	NETSHOPPING	0x51F1A8E48C3D2F6D	boolean	slot:integer,transfer:boolean,reason:Hash	
NetGameserverDeleteCharacterSlotGetStatus	c	NETSHOPPING	0x0A6D923DFFC9BD89	integer		
NetGameserverDeleteSetTelemetryNonceSeed	c	NETSHOPPING	0x112CEF1615A1139F	boolean		
NetGameserverEndService	c	NETSHOPPING	0xE2A99A9B524BEFFF	boolean	transactionId:integer	
NetGameserverGetBalance	c	NETSHOPPING	0x35A1B3E1D1315CFA	boolean	inventory:boolean,playerbalance:boolean	
NetGameserverGetCatalogState	c	NETSHOPPING	0xCF38DAFBB49EDE5E	boolean,integer	state?:integer	
NetGameserverGetPrice	c	NETSHOPPING	0xC27009422FCCA88D	integer	itemHash:Hash,categoryHash:Hash,p2:boolean	
NetGameserverGetTransactionManagerData	c	NETSHOPPING	0x897433D292B44130	boolean,integer,boolean		
NetGameserverIsCatalogValid	c	NETSHOPPING	0x2B949A1E6AEC8F6A	boolean		
NetGameserverIsSessionRefreshPending	c	NETSHOPPING	0x810E8431C0614BF9	boolean		
NetGameserverIsSessionValid	c	NETSHOPPING	0xB24F0944DA203D9E	boolean	charSlot:integer	
NetGameserverSessionApplyReceivedData	c	NETSHOPPING	0x2F41D51BA3BCD1F1	boolean	charSlot:integer	
NetGameserverSetTelemetryNonceSeed	c	NETSHOPPING	0x9507D4271988E1AE	boolean	p0:integer	
NetGameserverStartSession	c	NETSHOPPING	0xA135AC892A58FC07	boolean	charSlot:integer	
NetGameserverTransferBankToWallet	c	NETSHOPPING	0xD47A2C1BA117471D	boolean	charSlot:integer,amount:integer	
NetGameserverTransferCashGetStatus	c	NETSHOPPING	0x23789E777D14CE44	integer		
NetGameserverTransferCashGetStatus_2	c	NETSHOPPING	0x350AA5EBC03D3BD2	integer		
NetGameserverTransferCashSetTelemetryNonceSeed	c	NETSHOPPING	0x498C1E05CE5F7877	boolean		
NetGameserverTransferWalletToBank	c	NETSHOPPING	0xC2F7FE5309181C7D	boolean	charSlot:integer,amount:integer	
NetGameserverUseServerTransactions	c	NETSHOPPING	0x7D2708796355B20B	boolean		
NetToEnt	c	NETWORK	0xBFFEAB45A9A9094A	Entity	netHandle:integer	
NetToObj	c	NETWORK	0xD8515F5FEA14CB3F	Object	netHandle:integer	
NetToPed	c	NETWORK	0xBDCD95FC216A8B3E	Ped	netHandle:integer	
NetToVeh	c	NETWORK	0x367B936610BA360C	Vehicle	netHandle:integer	
NetworkAcceptInvite	c	NETWORK	0x62A0296C1BB1CEB3	boolean		
NetworkAcceptPresenceInvite	c	NETWORK	0xFA91550DF9318B22	boolean	p0:any	
NetworkAccessTunableBool	c	NETWORK	0xAA6A47A573ABB75A	boolean	tunableContext:string,tunableName:string	
NetworkAccessTunableBoolHash	c	NETWORK	0xEA16B69D93D71A45	boolean	tunableContext:Hash,tunableName:Hash	
NetworkAccessTunableBoolHashFailVal	c	NETWORK	0xC7420099936CE286	boolean	tunableContext:Hash,tunableName:Hash,defaultValue:boolean	NetworkTryAccessTunableBoolHash
NetworkAccessTunableFloat	c	NETWORK	0xE5608CA7BC163A5F	boolean,number	tunableContext:string,tunableName:string,value?:number	
NetworkAccessTunableFloatHash	c	NETWORK	0x972BC203BBC4C4D5	boolean,number	tunableContext:Hash,tunableName:Hash,value?:number	
NetworkAccessTunableInt	c	NETWORK	0x8BE1146DFD5D4468	boolean,integer	tunableContext:string,tunableName:string,value?:integer	
NetworkAccessTunableIntHash	c	NETWORK	0x40FCE03E50E8DBE8	boolean,integer	tunableContext:Hash,tunableName:Hash,value?:integer	
NetworkActionFollowInvite	c	NETWORK	0xC88156EBB786F8D5	any		
NetworkAddEntityAngledArea	c	NETWORK	0x376C6375BA60293A	any	x1:number,y1:number,z1:number,x2:number,y2:number,z2:number,width:number	
NetworkAddEntityArea	c	NETWORK	0x494C8FB299290269	any	p0:number,p1:number,p2:number,p3:number,p4:number,p5:number	
NetworkAddEntityDisplayedBoundaries	c	NETWORK	0x25B99872D588A101	any	p0:number,p1:number,p2:number,p3:number,p4:number,p5:number	
NetworkAddEntityToSynchronisedScene	c	NETWORK	0xF2404D68CBC855FA		entity:Entity,netScene:integer,animDict:string,animName:string,blendIn:number,blendOut:number,flag:integer	
NetworkAddFollowers	c	NETWORK	0x236406F60CF216D6	integer	p1:integer	
NetworkAddFriend	c	NETWORK	0x8E02D73914064223	boolean,integer	message:string	
NetworkAddMapEntityToSynchronisedScene	c	NETWORK	0x45F35C0EDC33B03B		netScene:integer,modelHash:Hash,x:number,y:number,z:number,animDict:string,animName:string,blendInSpeed:number,blendOutSpeed:number,flags:integer	
NetworkAddPedToSynchronisedScene	c	NETWORK	0x742A637471BCECD9		ped:Ped,netScene:integer,animDict:string,animClip:string,blendInSpeed:number,blendOutSpeed:number,syncedSceneFlags:integer,ragdollFlags:integer,moverBlendInDelta:number,ikFlags:integer	
NetworkAddPedToSynchronisedSceneWithIk	c	NETWORK	0xA5EAFE473E45C442		ped:Ped,netSceneID:integer,animDict:string,animClip:string,blendIn:number,blendOut:number,sceneFlags:integer,ragdollFlags:integer,moverBlendInDelta:number,ikFlags:integer	
NetworkAddSynchronisedSceneCamera	c	NETWORK	0xCF8BD3B0BD6D42D7		netScene:integer,animDict:string,animName:string	
NetworkAllocateTunablesRegistrationDataMap	c	NETWORK	0xFAFC23AEE23868DB	boolean		
NetworkAllowLocalEntityAttachment	c	NETWORK	0x267C78C60E806B9A		entity:Entity,toggle:boolean	NetworkAllowRemoteAttachmentModification
NetworkAllowRemoteAttachmentModification	c	NETWORK	0x267C78C60E806B9A		entity:Entity,toggle:boolean	
NetworkAmIBlockedByGamer	c	NETWORK	0x15337C7C268A27B2	boolean,integer	networkHandle?:integer	
NetworkAmIBlockedByPlayer	c	NETWORK	0x87F395D957D4353D	boolean	player:Player	
NetworkAmIMutedByGamer	c	NETWORK	0xDF02A2C93F1F26DA	boolean,integer	networkHandle?:integer	
NetworkAmIMutedByPlayer	c	NETWORK	0x9D6981DFC91A8604	boolean	player:Player	
NetworkApplyCachedPlayerHeadBlendData	c	NETWORK	0x99B72C7ABDE5C910	boolean	ped:Ped,player:Player	
NetworkApplyPedScarData	c	NETWORK	0xE66C690248F11150		ped:Ped,p1:integer	
NetworkApplyTransitionParameter	c	NETWORK	0x521638ADA1BA0D18		p0:integer,p1:integer	
NetworkApplyTransitionParameterString	c	NETWORK	0xEBEFC2E77084F599		p0:integer,string:string,p2:boolean	
NetworkApplyVoiceProximityOverride	c	NETWORK	0xDBD2056652689917		x:number,y:number,z:number	
NetworkAreCutsceneEntities	c	NETWORK	0x66D6A5E9C511214A	boolean		
NetworkAreHandlesTheSame	c	NETWORK	0x57DBA049E110F217	boolean,integer,integer		
NetworkAreRosAvailable	c	NETWORK	0x85443FF4C328F53B	boolean		NetworkHasValidRosCredentials
NetworkAreSocialClubPoliciesCurrent	c	NETWORK	0xBA9775570DB788CF	boolean		
NetworkAreTransitionDetailsValid	c	NETWORK	0x2615AA2A695930C1	boolean	p0:any	
NetworkAttachSynchronisedSceneToEntity	c	NETWORK	0x478DCBD2A98B705A		netScene:integer,entity:Entity,bone:integer	
NetworkBail	c	NETWORK	0x95914459A87EBA28			
NetworkBailTransition	c	NETWORK	0xEAA572036990CD1B			
NetworkBailTransitionQuickmatch	c	NETWORK	0x023782EFC70585EE			
NetworkBlockInvites	c	NETWORK	0x34F9E9049454A7A0		toggle:boolean	
NetworkBlockInvites_2	c	NETWORK	0xCFEB8AF24FC1D0BB		toggle:boolean	NetworkBlockJoinQueueInvites
NetworkBlockJoinQueueInvites	c	NETWORK	0xCFEB8AF24FC1D0BB		toggle:boolean	
NetworkBlockKickedPlayers	c	NETWORK	0x6B07B9CE4D390375		p0:boolean	
NetworkBuyAirstrike	c	MONEY	0x763B4BD305338F19		cost:integer,p1:boolean,p2:boolean	
NetworkBuyBackupGang	c	MONEY	0xA3EDDAA42411D3B9		p0:integer,p1:integer,p2:boolean,p3:boolean	
NetworkBuyBounty	c	MONEY	0x7B718E197453F2D9		amount:integer,victim:Player,p2:boolean,p3:boolean	
NetworkBuyContraband	c	MONEY	0x30FD873ECE50E9F6		p0:integer,p1:integer,p2:Hash,p3:boolean,p4:boolean	
NetworkBuyFairgroundRide	c	MONEY	0x8A7B3952DD64D2B5		amountSpent:integer,p1:any,p2:boolean,p3:boolean	
NetworkBuyHealthcare	c	MONEY	0xD9B067E55253E3DD		cost:integer,p1:boolean,p2:boolean	
NetworkBuyHeliStrike	c	MONEY	0x81AA4610E3FD3A69		cost:integer,p1:boolean,p2:boolean	
NetworkBuyItem	c	MONEY	0xF0077C797F66A355		amount:integer,item:Hash,p2:any,p3:any,p4:boolean,item_name:string,p6:any,p7:any,p8:any,p9:boolean	
NetworkBuyLotteryTicket	c	MONEY	0xD987F2489969668C		p0:integer,p1:integer,p2:boolean,p3:boolean	
NetworkBuyProperty	c	MONEY	0x650A08A280870AF6		propertyCost:integer,propertyName:Hash,p2:boolean,p3:boolean	
NetworkBuySmokes	c	MONEY	0x75AF80E61248EEBD		p0:integer,p1:boolean,p2:boolean	
NetworkCacheLocalPlayerHeadBlendData	c	NETWORK	0xBD0BE0BFC927EAC1			
NetworkCanAccessMultiplayer	c	NETWORK	0xAF50DA1A3F8B1BA4	boolean,integer	loadingState?:integer	
NetworkCanBail	c	NETWORK	0x580CE4438479CC61	boolean		
NetworkCanBet	c	MONEY	0x3A54E33660DED67F	boolean	amount:integer	
NetworkCanBuyLotteryTicket	c	MONEY	0xC62DD18375C99130	boolean	cost:integer	
NetworkCanCommunicateWithGamer	c	NETWORK	0xA150A4F065806B1F	boolean,integer	networkHandle?:integer	
NetworkCanCommunicateWithGamer_2	c	NETWORK	0x8F5D1AD832AEB06C	boolean,integer	networkHandle?:integer	
NetworkCanEnterMultiplayer	c	NETWORK	0x7E782A910C362C25	boolean		
NetworkCanGamerPlayMultiplayerWithMe	c	NETWORK	0x135F9B7B7ADD2185	boolean,integer	networkHandle?:integer	
NetworkCanNetworkIdBeSeen	c	NETWORK	0xA1607996431332DF	boolean	netId:integer	IsNetworkIdOwnedByParticipant
NetworkCanPlayMultiplayerWithGamer	c	NETWORK	0x07DD29D5E22763F1	boolean,integer	networkHandle?:integer	
NetworkCanReceivePlayerCash	c	MONEY	0x5D17BE59D2123284	boolean	p0:any,p1:any,p2:any,p3:any	
NetworkCanSessionEnd	c	NETWORK	0x4EEBC3694E49C572	boolean		
NetworkCanSetWaypoint	c	NETWORK	0xC927EC229934AF60	boolean		
NetworkCanShareJobCash	c	MONEY	0x1C2473301B1C66BA	boolean		
NetworkCanSpendMoney	c	MONEY	0xAB3CAA6B422164DA	boolean	p0:any,p1:boolean,p2:boolean,p3:boolean,p4:any	
NetworkCanSpendMoney_2	c	MONEY	0x7303E27CC6532080	boolean,integer	p0:any,p1:boolean,p2:boolean,p3:boolean,p5:any	
NetworkCanViewGamerUserContent	c	NETWORK	0xB57A49545BA53CE7	boolean,integer	networkHandle?:integer	
NetworkCancelRespawnSearch	c	NETWORK	0xFB8F2A6F3DF08CBE			
NetworkCasinoCanGamble	c	MONEY	0xF62F6D9528358FE4	boolean	p0:any	
NetworkCasinoCanPurchaseChipsWithPvc	c	MONEY	0x394DCDB9E836B7A9	boolean		
NetworkCasinoCanPurchaseChipsWithPvc_2	c	MONEY	0x8968D4D8C6C40C11	boolean		
NetworkCasinoCanUseGamblingType	c	MONEY	0x158C16F5E4CF41F8	boolean	hash:Hash	
NetworkCasinoPurchaseChips	c	MONEY	0x3BD101471C7F9EEC	boolean	p0:integer,p1:integer	
NetworkCasinoSellChips	c	MONEY	0xED44897CB336F480	boolean	p0:integer,p1:integer	
NetworkChangeTransitionSlots	c	NETWORK	0xEEEDA5E6D7080987		p0:any,p1:any	
NetworkChatMute	c	NETWORK	0x57B192B4D4AD23D5		toggle:boolean	NetworkOverrideSendRestrictionsAll
NetworkCheckCommunicationPrivileges	c	NETWORK	0x83F28CE49FBBFFBA	boolean	p0:integer,p1:integer,p2:boolean	
NetworkCheckDataManagerForHandle	c	NETWORK	0x796A87B3B68D1F3D	boolean,integer	p0?:integer	NetworkSetCurrentDataManagerHandle
NetworkCheckDataManagerSucceededForHandle	c	NETWORK	0x44B37CDCAE765AAE	boolean,integer	friendDataIndex:integer,networkHandle?:integer	
NetworkCheckUserContentPrivileges	c	NETWORK	0x595F028698072DD9	boolean	p0:integer,p1:integer,p2:boolean	
NetworkClanAnimation	c	NETWORK	0x729E3401F0430686	boolean	animDict:string,animName:string	
NetworkClanAnyDownloadMembershipPending	c	NETWORK	0xB3F64A6A91432477	boolean		
NetworkClanDownloadMembership	c	NETWORK	0xA989044E70010ABE	boolean,integer	networkHandle?:integer	
NetworkClanDownloadMembershipPending	c	NETWORK	0x5B9E023DC6EBEDC0	boolean,integer	p0?:integer	
NetworkClanGetEmblemTxdName	c	NETWORK	0x5835D9CD92E83184	boolean,integer	txdName:string	
NetworkClanGetLocalMembershipsCount	c	NETWORK	0x1F471B79ACC90BEF	integer		
NetworkClanGetMembership	c	NETWORK	0xC8BC2011F67B3411	boolean,integer,integer	membershipIndex:integer	
NetworkClanGetMembershipCount	c	NETWORK	0xAAB11F6C4ADBC2C1	integer,integer	p0?:integer	
NetworkClanGetMembershipDesc	c	NETWORK	0x48DE78AF2C8885B8	boolean,integer	p1:integer	
NetworkClanGetMembershipValid	c	NETWORK	0x48A59CF88D43DF0E	boolean,integer	membershipIndex:integer	
NetworkClanGetNumMembershipDesc	c	NETWORK	0x1F471B79ACC90BEF	integer		NetworkClanGetLocalMembershipsCount
NetworkClanGetUiFormattedTag	c	NETWORK	0xF45352426FF3A4F0	integer	bufferSize:integer,formattedTag:string	
NetworkClanIsEmblemReady	c	NETWORK	0xA134777FF7F33331	boolean,integer	p0:any,p1?:integer	
NetworkClanIsRockstarClan	c	NETWORK	0x7543BB439F63792B	boolean,integer	bufferSize:integer	
NetworkClanJoin	c	NETWORK	0x9FAAA4F4FC71F87F	boolean	clanDesc:integer	
NetworkClanPlayerGetDesc	c	NETWORK	0xEEE6EACBE8874FBA	boolean,integer,integer	bufferSize:integer	
NetworkClanPlayerIsActive	c	NETWORK	0xB124B57F571D8F18	boolean,integer	networkHandle?:integer	
NetworkClanReleaseEmblem	c	NETWORK	0x113E6E3E50E286B0		p0:any	
NetworkClanRemoteMembershipsAreInCache	c	NETWORK	0xBB6E6FEE99D866B2	boolean,integer	p0?:integer	
NetworkClanRequestEmblem	c	NETWORK	0x13518FF1C6B28938	boolean	p0:any	
NetworkClanServiceIsValid	c	NETWORK	0x579CCED0265D4896	boolean		
NetworkClearCharacterWallet	c	MONEY	0xA921DED15FDF28F5		characterSlot:integer	
NetworkClearClockTimeOverride	c	NETWORK	0xD972DF67326F966E			
NetworkClearFollowInvite	c	NETWORK	0x439BFDE3CD0610F6	any		
NetworkClearFollowers	c	NETWORK	0x058F43EC59A8631A			
NetworkClearFoundGamers	c	NETWORK	0x6D14CCEE1B40381A			
NetworkClearGetGamerStatus	c	NETWORK	0x86E0660E4F5C956D			
NetworkClearGroupActivity	c	NETWORK	0x1888694923EF4591			
NetworkClearPropertyId	c	NETWORK	0xC2B82527CA77053E			
NetworkClearTransitionCreatorHandle	c	NETWORK	0xFB3272229A82C759			
NetworkClearVoiceChannel	c	NETWORK	0xE036A705F989E049			
NetworkClearVoiceProximityOverride	c	NETWORK	0xF03755696450470C			
NetworkCloseTransitionMatchmaking	c	NETWORK	0x43F4DBA69710E01E			
NetworkConcealEntity	c	NETWORK	0x1632BE0AC1E62876		entity:Entity,toggle:boolean	
NetworkConcealPlayer	c	NETWORK	0xBBDF066252829606		player:Player,toggle:boolean,bAllowDamagingWhileConcealed:boolean	
NetworkConvertSynchronisedSceneToSynchronizedScene	c	NETWORK	0x02C40BF885C567B6	integer	netSceneId:integer	NetworkGetLocalSceneFromNetworkId
NetworkCopyPedBlendData	c	NETWORK	0x99B72C7ABDE5C910	boolean	ped:Ped,player:Player	NetworkApplyCachedPlayerHeadBlendData
NetworkCreateSynchronisedScene	c	NETWORK	0x7CD6BC4C2BBDD526	integer	x:number,y:number,z:number,xRot:number,yRot:number,zRot:number,rotationOrder:integer,holdLastFrame:boolean,looped:boolean,phaseToStopScene:number,phaseToStartScene:number,animSpeed:number	
NetworkDeductCash	c	MONEY	0x18B7AE224B087E26		amount:integer,p1:string,p2:string,p3:boolean,p4:boolean,p5:boolean	
NetworkDeleteCharacter	c	MONEY	0x05A50AF38947EB8D		characterSlot:integer,p1:boolean,p2:boolean	
NetworkDidFindGamersSucceed	c	NETWORK	0xF9B83B77929D8863	boolean		
NetworkDidGetGamerStatusSucceed	c	NETWORK	0x5AE17C6B0134B7F1	boolean		
NetworkDisableInvincibleFlashing	c	NETWORK	0x9DD368BF06983221		player:Player,toggle:boolean	
NetworkDisableLeaveRemotePedBehind	c	NETWORK	0xC505036A35AFD01B		toggle:boolean	
NetworkDisableProximityMigration	c	NETWORK	0x407091CF6037118E		netID:integer	
NetworkDisplaynamesFromHandlesStart	c	NETWORK	0xD66C9E72B3CC4982	integer,integer	p1:any	
NetworkDoTransitionQuickmatch	c	NETWORK	0x71FB0EBCD4915D56	boolean	p0:any,p1:any,p2:any,p3:any	
NetworkDoTransitionQuickmatchAsync	c	NETWORK	0xA091A5E44F0072E5	boolean	p0:any,p1:any,p2:any,p3:any	
NetworkDoTransitionQuickmatchWithGroup	c	NETWORK	0x9C4AB58491FDC98A	boolean,integer	p0:any,p1:any,p2:any,p3:any,p5:any	
NetworkDoTransitionToFreemode	c	NETWORK	0x3AAD8B2FCA1E289F	boolean,integer	p1:any,p2:boolean,players:integer,p4:boolean	
NetworkDoTransitionToGame	c	NETWORK	0x3E9BB38102A589B0	boolean	p0:boolean,maxPlayers:integer	
NetworkDoTransitionToNewFreemode	c	NETWORK	0x9E80A5BA8109F974	boolean,integer,integer	players:integer,p3:boolean,p4:boolean,p5:boolean	
NetworkDoTransitionToNewGame	c	NETWORK	0x4665F51EFED00034	boolean	p0:boolean,maxPlayers:integer,p2:boolean	
NetworkDoesEntityExistWithNetworkId	c	NETWORK	0x18A47D074708FD68	boolean	netId:integer	
NetworkDoesNetworkIdExist	c	NETWORK	0x38CE16C96BD11344	boolean	netId:integer	
NetworkDoesTunableExist	c	NETWORK	0x85E5F8B9B898B20A	boolean	tunableContext:string,tunableName:string	
NetworkDoesTunableExistHash	c	NETWORK	0xE4E53E1419D81127	boolean	tunableContext:Hash,tunableName:Hash	
NetworkEarnBoss	c	MONEY	0x08B0CA7A6AB3AC32		p0:any,p1:any,p2:any	
NetworkEarnBossAgency	c	MONEY	0x0CB1BE0633C024A8		p0:any,p1:any,p2:any,p3:any	
NetworkEarnBountyHunterReward	c	MONEY	0xF6B170F9A02E9E87		p0:any	
NetworkEarnCasinoHeist	c	MONEY	0x72E7C7B9615FA3C3		p0:any,p1:any,p2:any,p3:any,p4:any,p5:any,p6:any	
NetworkEarnCasinoHeistBonus	c	MONEY	0x3EC7471E6909798A		p0:any,p1:any,p2:any,p3:any,p4:any	
NetworkEarnCollectableCompletedCollection	c	MONEY	0x5C9B198AF5A54FA6		amount:integer,p1:any	
NetworkEarnFmbbWageBonus	c	MONEY	0xFFFBA1B1F7C0B6F4		p0:any	
NetworkEarnFromAiTargetKill	c	MONEY	0x515B4A22E4D3C6D7		p0:any,p1:any	
NetworkEarnFromAmbientJob	c	MONEY	0xFB6DB092FBAE29E6	integer	p0:integer,p1:string,p2?:integer	
NetworkEarnFromArenaCareerProgression	c	MONEY	0x0F99F70C61F14619		amount:integer,p1:any	
NetworkEarnFromArenaSkillLevelProgression	c	MONEY	0xE08256F972C7BB2C		amount:integer,p1:any	
NetworkEarnFromArenaWar	c	MONEY	0x631F1CB8FB4130AA		amount:integer,p1:any,p2:any,p3:any	
NetworkEarnFromArmourTruck	c	MONEY	0xF514621E8EA463D0		amount:integer	
NetworkEarnFromAssassinateTargetKilled	c	MONEY	0xFA700D8A9905F78A		amount:integer	
NetworkEarnFromAssassinateTargetKilled_2	c	MONEY	0x5E7AE8AABE8B7C0D		amount:integer	
NetworkEarnFromAutoshopBusiness	c	MONEY	0x36A7FD5A7194B03E		p0:any,p1:any	
NetworkEarnFromAutoshopIncome	c	MONEY	0xC66D1CF99ED7FE25		p0:any	
NetworkEarnFromBbEventBonus	c	MONEY	0xFDD8D2440DAF1590		amount:integer	
NetworkEarnFromBbEventCargo	c	MONEY	0xA82959062361B259		amount:integer	
NetworkEarnFromBendJob	c	MONEY	0x61326EE6DF15B0CA		amount:integer,heistHash:string	
NetworkEarnFromBetting	c	MONEY	0x827A5BA1A44ACA6D		amount:integer,p1:string	
NetworkEarnFromBikeShopBusiness	c	MONEY	0x2C5809EB9DF57257		p0:any,p1:any	
NetworkEarnFromBikerIncome	c	MONEY	0x71BEC32FA466E105		p0:any	
NetworkEarnFromBounty	c	MONEY	0x131BB5DA15453ACF	integer,integer	amount:integer,p3:any	
NetworkEarnFromBusinessBattle	c	MONEY	0x42FCE14F50F27291		p0:any	
NetworkEarnFromBusinessHubSell	c	MONEY	0x0B39CF0D53F1C883		p0:any,p1:any,p2:any	
NetworkEarnFromBusinessHubSource	c	MONEY	0x59498BC8B1C8B15C		p0:any,p1:any,p2:any,p3:any	
NetworkEarnFromBusinessProduct	c	MONEY	0x8586789730B10CAF		amount:integer,p1:any,p2:any,p3:any	
NetworkEarnFromCarclubMembership	c	MONEY	0xBC6227792A188E2E		p0:any	
NetworkEarnFromCashingOut	c	MONEY	0xEFE9C9A1651B81E6		amount:integer	
NetworkEarnFromCasinoAward	c	MONEY	0x973A9781A34F8DEB		amount:integer,hash:Hash	
NetworkEarnFromCasinoMissionParticipation	c	MONEY	0x09E8F18641BE2575		amount:integer	
NetworkEarnFromCasinoMissionReward	c	MONEY	0x566FD402B25787DE		amount:integer	
NetworkEarnFromCasinoStoryMissionReward	c	MONEY	0xAC95ED552157E092		amount:integer	
NetworkEarnFromChallengeWin	c	MONEY	0x2B171E6B2F64D8DF	integer	p0:any,p2:boolean	
NetworkEarnFromClubManagementParticipation	c	MONEY	0xA75EAC69F59E96E7		p0:any	
NetworkEarnFromCollectablesActionFigures	c	MONEY	0x5517F90043466049		amount:integer	
NetworkEarnFromCollectionItem	c	MONEY	0x84FF63BD4966F33D		amount:integer,p1:any	
NetworkEarnFromCompleteCollection	c	MONEY	0x83AD64F53F4E9483		amount:integer	
NetworkEarnFromContraband	c	MONEY	0xECA658CE2A4E5A72		amount:integer,p1:any	
NetworkEarnFromCrateDrop	c	MONEY	0xB1CC1B9EC3007A2A		amount:integer	
NetworkEarnFromCriminalMastermindBonus	c	MONEY	0xFA009A62990671D4		p0:any,p1:any,p2:any	
NetworkEarnFromDailyObjective	c	MONEY	0x6EA318C91C1A8786		p0:integer,p1:string,p2:integer	NetworkEarnFromDailyObjectives
NetworkEarnFromDailyObjectiveEvent	c	MONEY	0x5128DF14A5BB86FC		amount:integer	
NetworkEarnFromDailyObjectives	c	MONEY	0x6EA318C91C1A8786		p0:integer,p1:string,p2:integer	
NetworkEarnFromDarChallenge	c	MONEY	0xCAC672087B4A24AB		amount:integer,p1:any	
NetworkEarnFromDestroyingContraband	c	MONEY	0x84C0116D012E8FC2		p0:any	
NetworkEarnFromDoomsdayFinaleBonus	c	MONEY	0x128A747F4A230952		amount:integer,vehicleHash:Hash	
NetworkEarnFromFmbbBossWork	c	MONEY	0x1FDA0AA679C9919B		p0:any	
NetworkEarnFromFmbbPhonecallMission	c	MONEY	0xC5156361F26E2212		p0:any	
NetworkEarnFromGangPickup	c	MONEY	0xA03D4ACE0A3284CE		amount:integer	
NetworkEarnFromGangopsAwards	c	MONEY	0xA9A31475F530DFDA		amount:integer,unk:string,p2:any	
NetworkEarnFromGangopsElite	c	MONEY	0x2597A0D4A4FC2C77		amount:integer,unk:string,actIndex:integer	
NetworkEarnFromGangopsJobsFinale	c	MONEY	0x1C121FC9545E0D52		amount:integer,unk:string	
NetworkEarnFromGangopsJobsPrepParticipation	c	MONEY	0xED26584F6BDCBBFD		amount:integer	
NetworkEarnFromGangopsJobsSetup	c	MONEY	0xA9160796D47A2CF8		amount:integer,unk:string	
NetworkEarnFromGangopsWages	c	MONEY	0x2DCB19ABAB0380A8		amount:integer,p1:integer	
NetworkEarnFromGangopsWagesBonus	c	MONEY	0x15BB2A5C757EB91F		amount:integer,p1:integer	
NetworkEarnFromHackerTruckMission	c	MONEY	0xE8815FE993896AD3		p0:any,amount:integer,p2:any,p3:any	
NetworkEarnFromHoldups	c	MONEY	0x45B8154E077D9E4D		amount:integer	
NetworkEarnFromImportExport	c	MONEY	0xF92A014A634442D6		amount:integer,modelHash:Hash	
NetworkEarnFromJob	c	MONEY	0xB2CC4836834E8A98		amount:integer,p1:string	
NetworkEarnFromJobBonus	c	MONEY	0x6816FB4416760775	integer,integer	p0:any	
NetworkEarnFromJobX2	c	MONEY	0xDEBBF584665411D0		amount:integer,p1:string	
NetworkEarnFromMissionH	c	MONEY	0x61326EE6DF15B0CA		amount:integer,heistHash:string	NetworkEarnFromBendJob
NetworkEarnFromNotBadsport	c	MONEY	0x4337511FA8221D36		amount:integer	
NetworkEarnFromPersonalVehicle	c	MONEY	0x3F4D00167E41E0AD		p0:any,p1:any,p2:any,p3:any,p4:any,p5:any,p6:any,p7:any,p8:any	
NetworkEarnFromPickup	c	MONEY	0xED1517D3AF17C698		amount:integer	
NetworkEarnFromPremiumJob	c	MONEY	0xC8407624CEF2354B		amount:integer,p1:string	
NetworkEarnFromProperty	c	MONEY	0x849648349D77F5C5		amount:integer,propertyName:Hash	
NetworkEarnFromRcTimeTrial	c	MONEY	0xDFF49EE984E7AAE8		amount:integer	
NetworkEarnFromRdrBonus	c	MONEY	0x7A5349B773584675		amount:integer,p1:any	
NetworkEarnFromRockstar	c	MONEY	0x02CE1D6AC0FC73EA		amount:integer	
NetworkEarnFromSellBase	c	MONEY	0x0E1E2FF3F4EC11AA		amount:integer,baseNameHash:Hash	
NetworkEarnFromSellBunker	c	MONEY	0x9251B6ABF2D0A5B4		amount:integer,bunkerHash:Hash	
NetworkEarnFromSellingVehicle	c	MONEY	0x8BCB27A057DF7B7F		amount:integer	
NetworkEarnFromSightseeing	c	MONEY	0x45087AE480B233AC		p0:any,p1:any,p2:any,p3:any	
NetworkEarnFromSmuggling	c	MONEY	0xDEE612F2D71B0308		amount:integer,p1:any,p2:any,p3:any	
NetworkEarnFromSpinTheWheelCash	c	MONEY	0x676C48776CACBB5A		amount:integer	
NetworkEarnFromTargetRefund	c	MONEY	0x5B669CF2299A271F		amount:integer,p1:integer	
NetworkEarnFromTimeTrialWin	c	MONEY	0x0819DB99FD2FBBD8		amount:integer	
NetworkEarnFromTunerAward	c	MONEY	0xB846F547D3792DF6		p0:any,p1:any,p2:any	
NetworkEarnFromTunerFinale	c	MONEY	0xBCB266247193AC61		p0:any,p1:any,p2:any,p3:any,p4:any	
NetworkEarnFromUpgradeAutoshopLocation	c	MONEY	0xC10322A8D3E061EE		p0:any,p1:any	
NetworkEarnFromVehicle	c	MONEY	0xB539BD8A4C1EECF8		p0:any,p1:any,p2:any,p3:any,p4:any,p5:any,p6:any,p7:any	
NetworkEarnFromVehicleAutoshop	c	MONEY	0x533073E8A596008C		p0:any,p1:any	
NetworkEarnFromVehicleAutoshopBonus	c	MONEY	0xFE65AFE7308E32B2		p0:any	
NetworkEarnFromVehicleExport	c	MONEY	0xEDEAD9A91EC768B3		amount:integer,p1:any,p2:any	
NetworkEarnFromWagePayment	c	MONEY	0x35F8DA0E8A31EF1B		amount:integer	
NetworkEarnFromWagePaymentBonus	c	MONEY	0x005ACA7100BD101D		amount:integer	
NetworkEarnFromWarehouse	c	MONEY	0x3E4ADAFF1830F146			
NetworkEarnGoon	c	MONEY	0xCDA1C62BE2777802		p0:any,p1:any,p2:any	
NetworkEarnIslandHeist	c	MONEY	0xD21D111C46BA9F15		p0:any,p1:any,p2:any,p3:any,p4:any,p5:any	
NetworkEarnJobBonusFirstTimeBonus	c	MONEY	0x11B0A20C493F7E36		p0:any,p1:any,p2:any	
NetworkEarnJobBonusHeistAward	c	MONEY	0x9D4FDBB035229669		p0:any,p1:any,p2:any	
NetworkEnableMotionDrugged	c	NETWORK	0x0B0CC10720653F3B	boolean		CloudGetAvailabilityCheckResult
NetworkEndTutorialSession	c	NETWORK	0xD0AFAFF5A51D72F7			
NetworkEntityAreaDoesExist	c	NETWORK	0xE64A3CA08DFA37A9	boolean	areaHandle:integer	
NetworkEntityAreaIsOccupied	c	NETWORK	0x4A2D4E8BF4265B0F	boolean	areaHandle:integer	
NetworkExplodeHeli	c	NETWORK	0x2A5E0621DD815A9A		heli:Vehicle,isAudible:boolean,isInvisible:boolean,netScriptEntityId:integer	
NetworkExplodeVehicle	c	NETWORK	0x301A42153C9AD707		vehicle:Vehicle,isAudible:boolean,isInvisible:boolean,p3:boolean	
NetworkFadeInEntity	c	NETWORK	0x1F4ED342ACEFE62D		entity:Entity,bNetwork:boolean	
NetworkFadeOutEntity	c	NETWORK	0xDE564951F95E09ED		entity:Entity,normal:boolean,slow:boolean	
NetworkFindGamersInCrew	c	NETWORK	0xE532D6811B3A4D2A	boolean	p0:any	
NetworkFindMatchedGamers	c	NETWORK	0xF7B2CFDE5C9F700D	boolean	p0:any,p1:number,p2:number,p3:number	
NetworkFinishBroadcastingData	c	NETWORK	0x64F62AFB081E260D			
NetworkForceLocalUseOfSyncedSceneCamera	c	NETWORK	0xC9B43A33D09CADA7		sceneId:integer	
NetworkGamerHasHeadset	c	NETWORK	0xF2FD55CB574BCC55	boolean,integer	networkHandle?:integer	
NetworkGamertagFromHandlePending	c	NETWORK	0xB071E27958EF4CF0	boolean		
NetworkGamertagFromHandleStart	c	NETWORK	0x9F0C0A981D73FA56	boolean,integer	networkHandle?:integer	
NetworkGamertagFromHandleSucceeded	c	NETWORK	0xFD00798DBA7523DD	boolean		
NetworkGetActivityPlayerNum	c	NETWORK	0x73E2B500410DA5A2	integer	p0:boolean	
NetworkGetAgeGroup	c	NETWORK	0x9614B71F8ADB982B	integer		
NetworkGetAverageLatencyForPlayer	c	NETWORK	0xD414BE129BB81B32	number	player:Player	
NetworkGetAverageLatencyForPlayer_2	c	NETWORK	0x0E3A041ED6AC2B45	number	player:Player	
NetworkGetAveragePacketLossForPlayer	c	NETWORK	0x350C23949E43686C	number	player:Player	
NetworkGetBackgroundLoadingRecipients	c	NETWORK	0x97A770BEEF227E2B	boolean,integer,integer	p0:any,p1:any	
NetworkGetBanData	c	NETWORK	0xC22912B1D85F26B1	boolean,integer,vector3	privilege:integer	NetworkHasRosPrivilegeEndDate
NetworkGetBankBalanceString	c	MONEY	0xA6FA3979BED01B81	string		NetworkGetStringBankBalance
NetworkGetContentModifierListId	c	NETWORK	0x187382F8A3E0A6C3	integer	contentHash:Hash	
NetworkGetCurrentlySelectedGamerHandleFromInviteMenu	c	NETWORK	0x74881E6BCAE2327C	boolean,integer	p0?:integer	
NetworkGetDesroyerOfEntity	c	NETWORK	0x4CACA84440FA26F6	boolean,Hash	p0:any,p1:any,weaponHash?:Hash	NetworkGetDestroyerOfEntity
NetworkGetDestroyerOfEntity	c	NETWORK	0x4CACA84440FA26F6	boolean,Hash	p0:any,p1:any,weaponHash?:Hash	
NetworkGetDestroyerOfNetworkId	c	NETWORK	0x7A1ADEEF01740A24	integer,Hash	netId:integer,weaponHash?:Hash	
NetworkGetDisplaynamesFromHandles	c	NETWORK	0x58CC181719256197	integer	p0:any,p1:any,p2:any	
NetworkGetEntityFromNetworkId	b	NETWORK	0xCE4E5D9B0A4FF560	Entity	netId:integer	
NetworkGetEntityIsLocal	c	NETWORK	0x0991549DE4D64762	boolean	entity:Entity	
NetworkGetEntityIsNetworked	c	NETWORK	0xC7827959479DCC78	boolean	entity:Entity	
NetworkGetEntityKillerOfPlayer	c	NETWORK	0x42B2DAA6B596F5F8	Entity,Hash	player:Player,weaponHash?:Hash	
NetworkGetEntityNetScriptId	c	NETWORK	0x815F18AD865F057F	integer	entity:Entity	
NetworkGetEntityOwner	b	CFX	0x526FEE31	integer	entity:Entity	
NetworkGetEvcBalance	c	MONEY	0x5D1E75F91C07DEE5	integer		
NetworkGetFirstEntityOwner	s	CFX	0x1E546224	integer	entity:Entity	
NetworkGetFoundGamer	c	NETWORK	0x9DCFF2AFB68B3476	boolean,integer	p1:any	
NetworkGetFriendCount	c	NETWORK	0x203F1CFD823B27A4	integer		
NetworkGetFriendName	c	NETWORK	0xE11EBBB2A783FE8B	string	friendIndex:integer	
NetworkGetFriendNameFromIndex	c	NETWORK	0x4164F227D052E293	string	friendIndex:integer	
NetworkGetGamerStatus	c	NETWORK	0x85A0EF54A500882C	boolean,integer	p0?:integer	NetworkQueueGamerForStatus
NetworkGetGamerStatusFromQueue	c	NETWORK	0x2CC848A861D01493	boolean		
NetworkGetGamerStatusResult	c	NETWORK	0x02A8BEC6FD9AF660	boolean,integer	p1:any	
NetworkGetGamertagFromHandle	c	NETWORK	0x426141162EBE5CDB	string,integer	networkHandle?:integer	
NetworkGetGlobalMultiplayerClock	c	NETWORK	0x6D03BFBD643B2A02	integer,integer,integer		
NetworkGetHostOfScript	c	NETWORK	0x1D6A14F1F9A736FC	Player	scriptName:string,p1:integer,p2:integer	
NetworkGetHostOfThisScript	c	NETWORK	0xC7B4D79B01FA7A5C	Player		
NetworkGetInstanceIdOfThisScript	c	NETWORK	0x638A3A81733086DB	integer		
NetworkGetIsHighEarner	c	MONEY	0xFB2456B2040A6A67	boolean		
NetworkGetLastVelocityReceived	c	NETWORK	0x33DE49EDF4DDE77A	vector3	entity:Entity	
NetworkGetLocalHandle	c	NETWORK	0xE86051786B66CD8E	integer	bufferSize:integer	
NetworkGetLocalSceneFromNetworkId	c	NETWORK	0x02C40BF885C567B6	integer	netSceneId:integer	
NetworkGetMaxFriends	c	NETWORK	0xAFEBB0D5D8F687D2	integer		
NetworkGetMaxNumParticipants	c	NETWORK	0xA6C90FBC38E395EE	integer		
NetworkGetNetworkIdFromEntity	b	NETWORK	0xA11700682F3AD45C	integer	entity:Entity	
NetworkGetNumBodyTrackers	c	NETWORK	0xD38C4A6D047C019D	integer		
NetworkGetNumConnectedPlayers	c	NETWORK	0xA4A79DD2D9600654	integer		
NetworkGetNumFoundGamers	c	NETWORK	0xA1B043EE79A916FB	integer		
NetworkGetNumParticipants	c	NETWORK	0x18D0456E86604654	integer		
NetworkGetNumParticipantsHost	c	NETWORK	0xA6C90FBC38E395EE	integer		NetworkGetMaxNumParticipants
NetworkGetNumPresenceInvites	c	NETWORK	0xCEFA968912D0F78D	integer		
NetworkGetNumScriptParticipants	c	NETWORK	0x3658E8CD94FC121A	integer,integer	p1:any,p2:any	
NetworkGetNumUnackedForPlayer	c	NETWORK	0xFF8FCF9FFC458A1C	integer	player:Player	
NetworkGetOldestResendCountForPlayer	c	NETWORK	0x52C1EADAF7B10302	integer	player:Player	
NetworkGetParticipantIndex	c	NETWORK	0x1B84DF6AF2A46938	integer	index:integer	
NetworkGetPlatformPartyMembers	c	NETWORK	0x120364DE2845DAF8	integer,integer	dataSize:integer	
NetworkGetPlatformPartyUnk	c	NETWORK	0x01ABCE5E7CBDA196	integer		
NetworkGetPlayerCoords	c	NETWORK	0x125E6D638B8605D4	vector3	player:Player	
NetworkGetPlayerCrewEmblemTxdName	c	NETWORK	0x5835D9CD92E83184	boolean,integer	txdName:string	NetworkClanGetEmblemTxdName
NetworkGetPlayerFromGamerHandle	c	NETWORK	0xCE5F689CF5A0A49D	Player,integer	networkHandle?:integer	
NetworkGetPlayerIndex	c	NETWORK	0x24FB80D107371267	integer	player:Player	
NetworkGetPlayerIndexFromPed	c	NETWORK	0x6C0E2E0125610278	Player	ped:Ped	
NetworkGetPlayerLoudness	c	NETWORK	0x21A1684A25C2867F	number	player:Player	
NetworkGetPlayerOwnsWaypoint	c	NETWORK	0x82377B65E943F72D	boolean	player:Player	
NetworkGetPlayerTutorialSessionInstance	c	NETWORK	0x3B39236746714134	integer	player:Player	
NetworkGetPositionHashOfThisScript	c	NETWORK	0x257ED0FADF750BCF	any		
NetworkGetPresenceInviteContentId	c	NETWORK	0x24409FC4C55CB22D	string	p0:any	
NetworkGetPresenceInviteFromAdmin	c	NETWORK	0x3DBF2DF0AEB7D289	boolean	p0:any	
NetworkGetPresenceInviteHandle	c	NETWORK	0x38D5B0FEBB086F75	boolean,integer	p0:any,p1?:integer	
NetworkGetPresenceInviteId	c	NETWORK	0xDFF09646E12EC386	any	p0:any	
NetworkGetPresenceInviteInviter	c	NETWORK	0x4962CC4AA2F345B7	string	inviteIndex:integer	
NetworkGetPresenceInviteIsTournament	c	NETWORK	0x8806CEBFABD3CE05	boolean	p0:any	
NetworkGetPresenceInvitePlaylistCurrent	c	NETWORK	0x728C4CC7920CD102	any	p0:any	
NetworkGetPresenceInvitePlaylistLength	c	NETWORK	0xD39B3FFF8FFDD5BF	any	p0:any	
NetworkGetPresenceInviteSessionId	c	NETWORK	0x26E1CD96B0903D60	Hash	inviteIndex:integer	
NetworkGetPrimaryClanDataCancel	c	NETWORK	0x042E4B70B93E6054			
NetworkGetPrimaryClanDataClear	c	NETWORK	0x9AA46BADAD0E27ED	any		
NetworkGetPrimaryClanDataNew	c	NETWORK	0xC080FF658B2E41DA	boolean,integer,integer		
NetworkGetPrimaryClanDataPending	c	NETWORK	0xB5074DB804E28CE7	any		
NetworkGetPrimaryClanDataStart	c	NETWORK	0xCE86D8191B762107	boolean,integer	p1:any	
NetworkGetPrimaryClanDataSuccess	c	NETWORK	0x5B4F04F19376A0BA	any		
NetworkGetPvcBalance	c	MONEY	0x4F54F3B6C202FB4E	integer		
NetworkGetPvcTransferBalance	c	MONEY	0x13A8DE2FD77D04F3	integer		
NetworkGetRandomInt	c	NETWORK	0x599E4FA1F87EB5FF	integer		
NetworkGetRandomIntInRange	c	NETWORK	0xE30CF56F1EFA5F43	integer	rangeStart:integer,rangeEnd:integer	NetworkGetRandomIntRanged
NetworkGetRandomIntRanged	c	NETWORK	0xE30CF56F1EFA5F43	integer	rangeStart:integer,rangeEnd:integer	
NetworkGetRemainingTransferBalance	c	MONEY	0xEA560AC9EEB1E19B	integer		
NetworkGetRemainingVcDailyTransfers	c	MONEY	0x13A8DE2FD77D04F3	integer		NetworkGetPvcTransferBalance
NetworkGetRemainingVcDailyTransfers_2	c	MONEY	0xEA560AC9EEB1E19B	integer		NetworkGetRemainingTransferBalance
NetworkGetRespawnResult	c	NETWORK	0x371EA43692861CF1	vector3,number	randomInt:integer	
NetworkGetRespawnResultFlags	c	NETWORK	0x6C34F1208B8923FD	any	p0:any	
NetworkGetRosPrivilege_10	c	NETWORK	0x606E4D3E3CCCF3EB	boolean		NetworkHaveRosSocialClubPriv
NetworkGetRosPrivilege_24	c	NETWORK	0x593570C289A77688	boolean		
NetworkGetRosPrivilege_25	c	NETWORK	0x91B87C55093DE351	boolean		
NetworkGetRosPrivilege_3	c	NETWORK	0x5F91D5D0B36AA310	boolean		NetworkHaveRosMultiplayerPriv
NetworkGetRosPrivilege_4	c	NETWORK	0x422D396F80A96547	boolean		NetworkHaveRosLeaderboardWritePriv
NetworkGetRosPrivilege_9	c	NETWORK	0x66B59CFFD78467AF	boolean		
NetworkGetScriptStatus	c	NETWORK	0x57D158647A6BFABF	integer		
NetworkGetServerTime	c	NETWORK	0x6D03BFBD643B2A02	integer,integer,integer		NetworkGetGlobalMultiplayerClock
NetworkGetStringBankBalance	c	MONEY	0xA6FA3979BED01B81	string		
NetworkGetStringBankWalletBalance	c	MONEY	0x700AF71AE615E6DD	string		
NetworkGetStringWalletBalance	c	MONEY	0xF9B10B529DCFB33B	string	characterSlot:integer	
NetworkGetTalkerProximity	c	NETWORK	0x84F0F13120B4E098	number		
NetworkGetTargetingMode	c	NETWORK	0xDFFA5BE8381C3314	integer		
NetworkGetThisScriptIsNetworkScript	c	NETWORK	0x2910669969E9535E	boolean		
NetworkGetTimeoutTime	c	NETWORK	0x5ED0356A0CE3A34F	integer		
NetworkGetTotalNumPlayers	c	NETWORK	0xCF61D4B4702EE9EB	integer		
NetworkGetTransitionHost	c	NETWORK	0x65042B9774C4435E	boolean,integer	networkHandle?:integer	
NetworkGetTransitionMembers	c	NETWORK	0x73B000F7FBC55829	integer,integer	dataCount:integer	
NetworkGetTunableCloudCrc	c	NETWORK	0x10BD227A753B0D84	integer		
NetworkGetTunablesVersion	c	NETWORK	0x10BD227A753B0D84	integer		NetworkGetTunableCloudCrc
NetworkGetUnreliableResendCountForPlayer	c	NETWORK	0x3765C3A3E8192E10	integer	player:Player	
NetworkGetVcBalance	c	MONEY	0x5CBAD97E059E1B94	integer		
NetworkGetVcBankBalance	c	MONEY	0x76EF28DA05EA395A	integer		
NetworkGetVcBankBalanceIsNotLessThan	c	MONEY	0xA31FD6A0865B6D14	boolean	amount:integer	
NetworkGetVcBankWalletBalanceIsNotLessThan	c	MONEY	0xDC18531D7019A535	boolean	amount:integer,characterSlot:integer	
NetworkGetVcWalletBalance	c	MONEY	0xA40F9C2623F6A8B5	integer	characterSlot:integer	
NetworkGetVcWalletBalanceIsNotLessThan	c	MONEY	0xED5AB8860415BABA	boolean	amount:integer,characterSlot:integer	
NetworkGetVoiceProximityOverrideForPlayer	s	CFX	0xFFEEF513	vector3	playerSrc:string	
NetworkGivePlayerJobshareCash	c	MONEY	0xFB18DF9CB95E0105	integer	amount:integer,networkHandle?:integer	
NetworkHandleFromFriend	c	NETWORK	0xD45CB817D7E177D2	integer	friendIndex:integer,bufferSize:integer	
NetworkHandleFromMemberId	c	NETWORK	0xA0FD21BED61E5C4C	integer	memberId:string,bufferSize:integer	
NetworkHandleFromPlayer	c	NETWORK	0x388EB2B86C73B6B3	integer	player:Player,bufferSize:integer	
NetworkHandleFromUserId	c	NETWORK	0xDCD51DD8F87AEC5C	integer	userId:string,bufferSize:integer	
NetworkHasAgeRestrictedProfile	c	NETWORK	0x1353F87E89946207	boolean		
NetworkHasCachedPlayerHeadBlendData	c	NETWORK	0x237D5336A9A54108	boolean	player:Player	
NetworkHasControlOfDoor	c	NETWORK	0xCB3C68ADB06195DF	boolean	doorHash:Hash	
NetworkHasControlOfEntity	c	NETWORK	0x01BF60A500E28887	boolean	entity:Entity	
NetworkHasControlOfNetworkId	c	NETWORK	0x4D36070FE0215186	boolean	netId:integer	
NetworkHasControlOfPavementStats	c	NETWORK	0xC01E93FAC20C3346	boolean	doorHash:Hash	NetworkIsDoorNetworked
NetworkHasControlOfPickup	c	NETWORK	0x5BC9495F0B3B6FA6	boolean	pickup:Pickup	
NetworkHasEntityBeenRegisteredWithThisThread	c	NETWORK	0xB07D3185E11657A5	boolean	entity:Entity	
NetworkHasFollowInvite	c	NETWORK	0x76D9B976C4C09FDE	boolean		
NetworkHasGameBeenAltered	c	NETWORK	0x659CF2EF7F550C4F	boolean		
NetworkHasHeadset	c	NETWORK	0xE870F9F1F7B4F1FA	boolean		
NetworkHasInviteBeenAcked	c	NETWORK	0x71DC455F5CD1C2B1	boolean,integer	networkHandle?:integer	
NetworkHasInvitedGamer	c	NETWORK	0x4D86CD31E8976ECE	boolean,integer	p0?:integer	
NetworkHasInvitedGamerToTransition	c	NETWORK	0x7284A47B3540E6CF	boolean,integer	p0?:integer	
NetworkHasPendingInvite	c	NETWORK	0xAC8C7B9B88C4A668	boolean		
NetworkHasPlayerBeenBanned	c	NETWORK	0x8020A73847E0CA7D	boolean		NetworkHaveRosBannedPriv
NetworkHasPlayerStartedTransition	c	NETWORK	0x9AC9CCBFA8C29795	boolean	player:Player	
NetworkHasReceivedHostBroadcastData	c	NETWORK	0x5D10B3795F3FC886	boolean		
NetworkHasRosPrivilege	c	NETWORK	0xA699957E60D80214	boolean	index:integer	
NetworkHasRosPrivilegeEndDate	c	NETWORK	0xC22912B1D85F26B1	boolean,integer,vector3	privilege:integer	
NetworkHasSocialClubAccount	c	NETWORK	0x67A5589628E0CFF6	boolean		
NetworkHasSocialNetworkingSharingPriv	c	NETWORK	0x76BF03FADBF154F5	boolean		
NetworkHasTransitionInviteBeenAcked	c	NETWORK	0x3F9990BF5F22759C	boolean,integer	networkHandle?:integer	
NetworkHasValidRosCredentials	c	NETWORK	0x85443FF4C328F53B	boolean		
NetworkHasViewGamerUserContentResult	c	NETWORK	0xCCA4318E1AB03F1F	boolean,integer	networkHandle?:integer	
NetworkHashFromGamerHandle	c	NETWORK	0x58575AC3CF2CA8EC	Hash,integer	networkHandle?:integer	
NetworkHashFromPlayerHandle	c	NETWORK	0xBC1D768F2F5D6C05	Hash	player:Player	
NetworkHaveCommunicationPrivileges	c	NETWORK	0xAEEF48CDF5B6CE7C	boolean	p0:integer,player:Player	
NetworkHaveJustUploadLater	c	NETWORK	0x85443FF4C328F53B	boolean		NetworkHasValidRosCredentials
NetworkHaveOnlinePrivilege_2	c	NETWORK	0x5EA784D197556507	boolean		
NetworkHaveOnlinePrivileges	c	NETWORK	0x25CB5A9F37BFD063	boolean		
NetworkHaveRosBannedPriv	c	NETWORK	0x8020A73847E0CA7D	boolean		
NetworkHaveRosCreateTicketPriv	c	NETWORK	0xA0AD7E2AF5349F61	boolean		
NetworkHaveRosLeaderboardWritePriv	c	NETWORK	0x422D396F80A96547	boolean		
NetworkHaveRosMultiplayerPriv	c	NETWORK	0x5F91D5D0B36AA310	boolean		
NetworkHaveRosSocialClubPriv	c	NETWORK	0x606E4D3E3CCCF3EB	boolean		
NetworkHaveSocialClubPrivilege	c	NETWORK	0xA0AD7E2AF5349F61	boolean		NetworkHaveRosCreateTicketPriv
NetworkHaveUserContentPrivileges	c	NETWORK	0x72D918C99BCACC54	boolean	p0:integer	
NetworkHostTransition	c	NETWORK	0xA60BB5CE242BB254	boolean	p0:integer,p1:integer,p2:integer,p3:integer,p4:any,p5:boolean,p6:boolean,p7:integer,p8:any,p9:integer	
NetworkInitializeCash	c	MONEY	0x3DA5ECD1A56CBA6D		wallet:integer,bank:integer	
NetworkInviteGamers	c	NETWORK	0x9D80CD1D0E6327DE	boolean,integer,integer,integer	p1:any	
NetworkInviteGamersToTransition	c	NETWORK	0x4A595C32F77DFF76	boolean,integer	p1:any	
NetworkIsActivitySession	c	NETWORK	0x05095437424397FA	boolean		
NetworkIsActivitySpectator	c	NETWORK	0x12103B9E0C9F92FB	boolean		
NetworkIsActivitySpectatorFromHandle	c	NETWORK	0x2763BBAA72A7BCB9	boolean,integer	networkHandle?:integer	
NetworkIsAddingFriend	c	NETWORK	0x6EA101606F6E4D81	any		
NetworkIsCableConnected	c	NETWORK	0xEFFB25453D8600F9	boolean		
NetworkIsChattingInPlatformParty	c	NETWORK	0x8DE9945BCC9AEC52	boolean,integer	networkHandle?:integer	
NetworkIsClanMembershipFinishedDownloading	c	NETWORK	0xB3F64A6A91432477	boolean		NetworkClanAnyDownloadMembershipPending
NetworkIsClockTimeOverridden	c	NETWORK	0xD7C95D322FF57522	boolean		
NetworkIsCloudAvailable	c	NETWORK	0x9A4CF4F48AD77302	boolean		
NetworkIsCloudBackgroundScriptRequestPending	c	NETWORK	0x8132C0EB8B2B3293	boolean		
NetworkIsCloudBackgroundScriptsRequestPending	c	NETWORK	0x8132C0EB8B2B3293	boolean		NetworkIsCloudBackgroundScriptRequestPending
NetworkIsConnectionEndpointRelayServer	c	NETWORK	0x16D3D49902F697BB	boolean	player:Player	
NetworkIsDoorNetworked	c	NETWORK	0xC01E93FAC20C3346	boolean	doorHash:Hash	
NetworkIsEntityConcealed	c	NETWORK	0x71302EC70689052A	boolean	entity:Entity	
NetworkIsEntityFading	c	NETWORK	0x422F32CC7E56ABAD	boolean	entity:Entity	
NetworkIsFindingGamers	c	NETWORK	0xDDDF64C91BFCF0AA	boolean		
NetworkIsFriend	c	NETWORK	0x1A24A179F9B31654	boolean,integer	networkHandle?:integer	
NetworkIsFriendHandleOnline	c	NETWORK	0x87EB7A3FFCB314DB	boolean,integer	networkHandle?:integer	
NetworkIsFriendInMultiplayer	c	NETWORK	0x57005C18827F3A28	boolean	friendName:string	
NetworkIsFriendInSameTitle	c	NETWORK	0x2EA9A3BEDF3F17B8	boolean	friendName:string	
NetworkIsFriendIndexOnline	c	NETWORK	0xBAD8F2A42B844821	boolean	friendIndex:integer	
NetworkIsFriendOnline	c	NETWORK	0x425A44533437B64D	boolean	name:string	
NetworkIsFriendOnline_2	c	NETWORK	0x87EB7A3FFCB314DB	boolean,integer	networkHandle?:integer	NetworkIsFriendHandleOnline
NetworkIsGameInProgress	c	NETWORK	0x10FAB35428CCC9D7	boolean		
NetworkIsGamerBlockedByMe	c	NETWORK	0xE944C4F5AF1B5883	boolean,integer	networkHandle?:integer	
NetworkIsGamerInMySession	c	NETWORK	0x0F10B05DDF8D16E9	boolean,integer	networkHandle?:integer	
NetworkIsGamerMutedByMe	c	NETWORK	0xCE60DE011B6C7978	boolean,integer	networkHandle?:integer	
NetworkIsGamerTalking	c	NETWORK	0x71C33B22606CD88A	boolean,integer	networkHandle?:integer	
NetworkIsGettingGamerStatus	c	NETWORK	0x94A8394D150B013A	boolean		
NetworkIsHandleValid	c	NETWORK	0x6F79B93B0A8E4133	boolean,integer	bufferSize:integer	
NetworkIsHost	c	NETWORK	0x8DB296B814EDDA07	boolean		
NetworkIsHostOfThisScript	c	NETWORK	0x83CD99A1E6061AB5	boolean		
NetworkIsInMpCutscene	c	NETWORK	0x6CC27C9FA2040220	boolean		
NetworkIsInParty	c	NETWORK	0x966C2BC2A7FE3F30	boolean		
NetworkIsInPlatformParty	c	NETWORK	0x2FC5650B0271CB57	boolean		
NetworkIsInPlatformPartyChat	c	NETWORK	0xFD8B834A8BA05048	boolean		
NetworkIsInSession	c	NETWORK	0xCA97246103B63917	boolean		
NetworkIsInSpectatorMode	c	NETWORK	0x048746E388762E11	boolean		
NetworkIsInTransition	c	NETWORK	0x68049AEFF83D8F0A	boolean		
NetworkIsInTutorialSession	c	NETWORK	0xADA24309FE08DACF	boolean		
NetworkIsInactiveProfile	c	NETWORK	0x7E58745504313A2E	boolean,integer	networkHandle?:integer	
NetworkIsLocalPlayerInvincible	c	NETWORK	0x8A8694B48715B000	boolean		
NetworkIsLocalTalking	c	NETWORK	0xC0D2AF00BCC234CA	boolean		
NetworkIsMultiplayerDisabled	c	NETWORK	0x9747292807126EDA	boolean		
NetworkIsNetworkIdAClone	c	NETWORK	0x7242F8B741CE1086	boolean	netId:integer	
NetworkIsOfflineInvitePending	c	NETWORK	0x74698374C45701D2	boolean		
NetworkIsParticipantActive	c	NETWORK	0x6FF8FF40B6357D45	boolean	p0:integer	
NetworkIsPartyMember	c	NETWORK	0x676ED266AADD31E0	boolean,integer	networkHandle?:integer	
NetworkIsPendingFriend	c	NETWORK	0x0BE73DA6984A6E33	any	p0:any	
NetworkIsPlayerAParticipant	c	NETWORK	0x3CA58F6CB7CBD784	boolean	player:Player	
NetworkIsPlayerAParticipantOnScript	c	NETWORK	0x1AD5B71586B94820	boolean	player1:Player,script:string,player2:Player	
NetworkIsPlayerActive	c	NETWORK	0xB8DFD30D6973E135	boolean	player:Player	
NetworkIsPlayerAnimationDrawingSynchronized	c	NETWORK	0xC6F8AB8A4189CF3A			NetworkSessionJoinInvite
NetworkIsPlayerBlockedByMe	c	NETWORK	0x57AF1F8E27483721	boolean	player:Player	
NetworkIsPlayerConcealed	c	NETWORK	0x919B3C98ED8292F9	boolean	player:Player	
NetworkIsPlayerConnected	c	NETWORK	0x93DC1BE4E1ABE9D1	boolean	player:Player	
NetworkIsPlayerEqualToIndex	c	NETWORK	0x9DE986FC9A87C474	boolean	player:Player,index:integer	
NetworkIsPlayerFading	c	NETWORK	0x631DC5DFF4B110E3	boolean	player:Player	
NetworkIsPlayerInMpCutscene	c	NETWORK	0x63F9EE203C3619F2	boolean	player:Player	
NetworkIsPlayerInScript	c	NETWORK	0x46FB3ED415C7641C	boolean	player:Player,p1:integer,scriptHash:Hash	TriggerScriptCrcCheckOnPlayer
NetworkIsPlayerMutedByMe	c	NETWORK	0x8C71288AE68EDE39	boolean	player:Player	
NetworkIsPlayerTalking	c	NETWORK	0x031E11F3D447647E	boolean	player:Player	
NetworkIsPsnAvailable	c	NETWORK	0x8D11E61A4ABF49CC	boolean		
NetworkIsScriptActive	c	NETWORK	0x9D40DF90FAD26098	boolean	scriptName:string,player:Player,p2:boolean,p3:any	
NetworkIsScriptActiveByHash	c	NETWORK	0xDA7DE67F5FE5EE13	boolean	scriptHash:Hash,p1:integer,p2:boolean,p3:integer	
NetworkIsSessionActive	c	NETWORK	0xD83C2B94E7508980	boolean		
NetworkIsSessionBusy	c	NETWORK	0xF4435D66A8E2905E	boolean		
NetworkIsSessionStarted	c	NETWORK	0x9DE624D2FC4B603F	boolean		
NetworkIsSignedIn	c	NETWORK	0x054354A99211EB96	boolean		
NetworkIsSignedOnline	c	NETWORK	0x1077788E268557C2	boolean		
NetworkIsTextChatActive	c	NETWORK	0x5FCF4D7069B09026	boolean		
NetworkIsThisScriptMarked	c	NETWORK	0xD1110739EEADB592	boolean	p0:any,p1:boolean,p2:any	
NetworkIsTransitionBusy	c	NETWORK	0x520F3282A53D26B7	boolean		
NetworkIsTransitionClosedCrew	c	NETWORK	0x0DBD5D7E3C5BEC3B	boolean		
NetworkIsTransitionClosedFriends	c	NETWORK	0x6512765E3BE78C50	boolean		
NetworkIsTransitionHost	c	NETWORK	0x0B824797C9BF2159	boolean		
NetworkIsTransitionHostFromHandle	c	NETWORK	0x6B5C83BA3EFE6A10	boolean,integer	networkHandle?:integer	
NetworkIsTransitionMatchmaking	c	NETWORK	0x292564C735375EDF	boolean		
NetworkIsTransitionOpenToMatchmaking	c	NETWORK	0x37A4494483B9F5C9	boolean		
NetworkIsTransitionPrivate	c	NETWORK	0x5A6AA44FF8E931E6	boolean		
NetworkIsTransitionSolo	c	NETWORK	0x5DC577201723960A	boolean		
NetworkIsTransitionStarted	c	NETWORK	0x53FA83401D9C07FE	boolean		
NetworkIsTransitionToGame	c	NETWORK	0x9D7696D8F4FA6CB7	boolean		
NetworkIsTransitionVisibilityLocked	c	NETWORK	0xD0A484CB2F829FBE	boolean		
NetworkIsTunableCloudRequestPending	c	NETWORK	0x0467C11ED88B7D28	boolean		
NetworkIsTutorialSessionChangePending	c	NETWORK	0x35F0B98A8387274D	boolean		
NetworkJoinGroupActivity	c	NETWORK	0xA06509A691D12BE4	any		
NetworkJoinPreviouslyFailedSession	c	NETWORK	0x59DF79317F85A7E0	boolean		
NetworkJoinPreviouslyFailedTransition	c	NETWORK	0xFFE1E5B792D92B34	boolean		
NetworkJoinTransition	c	NETWORK	0x9D060B08CD63321A	boolean	player:Player	
NetworkLaunchTransition	c	NETWORK	0x2DCF46CB1A4F0884	boolean		
NetworkLeaveTransition	c	NETWORK	0xD23A1A815D21DB19	boolean		
NetworkManualDeleteCharacter	c	MONEY	0x821418C727FCACD7		characterSlot:integer	
NetworkMarkTransitionGamerAsFullyJoined	c	NETWORK	0x5728BB6D63E3FF1D	boolean,integer	p0?:integer	
NetworkMemberIdFromGamerHandle	c	NETWORK	0xC82630132081BB6F	string,integer	networkHandle?:integer	
NetworkMoneyCanBet	c	MONEY	0x81404F3DC124FE5B	boolean	amount:integer,p1:boolean,p2:boolean	
NetworkOpenTransitionMatchmaking	c	NETWORK	0x2B3A8F7CA3A38FDE			
NetworkOverrideChatRestrictions	c	NETWORK	0x3039AE5AD2C9C0C4		player:Player,toggle:boolean	
NetworkOverrideClockMillisecondsPerGameMinute	c	NETWORK	0x42BF1D2E723B6D7E		ms:integer	
NetworkOverrideClockTime	c	NETWORK	0xE679E3E06E363892		hours:integer,minutes:integer,seconds:integer	
NetworkOverrideCoordsAndHeading	c	NETWORK	0xA7E30DE9272B6D49		entity:Entity,x:number,y:number,z:number,heading:number	
NetworkOverrideReceiveRestrictions	c	NETWORK	0xDDF73E2B1FEC5AB4		player:Player,toggle:boolean	
NetworkOverrideReceiveRestrictionsAll	c	NETWORK	0x0FF2862B61A58AF9		toggle:boolean	
NetworkOverrideSendRestrictions	c	NETWORK	0x97DD4C5944CC2E6A		player:Player,toggle:boolean	
NetworkOverrideSendRestrictionsAll	c	NETWORK	0x57B192B4D4AD23D5		toggle:boolean	
NetworkOverrideTeamRestrictions	c	NETWORK	0x6F697A66CE78674E		team:integer,toggle:boolean	
NetworkOverrideTransitionChat	c	NETWORK	0xAF66059A131AA269		p0:boolean	
NetworkPayEmployeeWage	c	MONEY	0x5FD5ED82CBBE9989		p0:any,p1:boolean,p2:boolean	
NetworkPayMatchEntryFee	c	MONEY	0x9346E14F2AF74D46		amount:integer,matchId:string,p2:boolean,p3:boolean	
NetworkPayUtilityBill	c	MONEY	0xAFE08B35EC0C9EAE		amount:integer,p1:boolean,p2:boolean	
NetworkPedForceGameStateUpdate	c	NETWORK	0xF0BC9BCD24A511D5		ped:Ped	
NetworkPlayerGetCheaterReason	c	NETWORK	0x172F75B6EE2233BA	integer		
NetworkPlayerGetName	c	NETWORK	0x7718D2E2060837D2	string	player:Player	
NetworkPlayerGetUserId	c	NETWORK	0x4927FC39CD0869A0	string,integer	player:Player,userID?:integer	NetworkPlayerGetUserid
NetworkPlayerGetUserid	c	NETWORK	0x4927FC39CD0869A0	string,integer	player:Player,userID?:integer	
NetworkPlayerHasHeadset	c	NETWORK	0x3FB99A8B08D18FD6	boolean	player:Player	
NetworkPlayerIdToInt	c	PLAYER	0xEE68096F9F37341E	integer		
NetworkPlayerIndexIsCheater	c	NETWORK	0x565E430DB3B05BEC	boolean	player:Player	
NetworkPlayerIsBadsport	c	NETWORK	0x19D8DA0E5A68045A	boolean		
NetworkPlayerIsCheater	c	NETWORK	0x655B91F1495A9090	boolean		
NetworkPlayerIsInClan	c	NETWORK	0x579CCED0265D4896	boolean		NetworkClanServiceIsValid
NetworkPlayerIsRockstarDev	c	NETWORK	0x544ABDDA3B409B6D	boolean	player:Player	
NetworkPlayerIsUnk	c	NETWORK	0x172F75B6EE2233BA	integer		NetworkPlayerGetCheaterReason
NetworkPlayerSomething	c	NETWORK	0x565E430DB3B05BEC	boolean	player:Player	NetworkPlayerIndexIsCheater
NetworkQueryRespawnResults	c	NETWORK	0x3C891A251567DFCE	any,integer	p0?:integer	
NetworkQueueGamerForStatus	c	NETWORK	0x85A0EF54A500882C	boolean,integer	p0?:integer	
NetworkQuitMpToDesktop	c	NETWORK	0x45A83257ED02D9BC			
NetworkReceivePlayerJobshareCash	c	MONEY	0x56A3B51944C50598	integer	value:integer,networkHandle?:integer	
NetworkRefundCash	c	MONEY	0xF9C812CD7C46E817		index:integer,context:string,reason:string,unk:boolean	
NetworkRegisterEntityAsNetworked	c	NETWORK	0x06FAACD625D80CAA		entity:Entity	
NetworkRegisterHostBroadcastVariables	c	NETWORK	0x3E9B2F01C50DF595	integer	numVars:integer	
NetworkRegisterPlayerBroadcastVariables	c	NETWORK	0x3364AA97340CA215	integer	numVars:integer	
NetworkRegisterTunableBoolHash	c	NETWORK	0x697F508861875B42	boolean,boolean	contextHash:Hash,nameHash:Hash,value?:boolean	
NetworkRegisterTunableFloatHash	c	NETWORK	0x1950DAE9848A4739	boolean,number	contextHash:Hash,nameHash:Hash,value?:number	
NetworkRegisterTunableIntHash	c	NETWORK	0x3A8B55FDA4C8DDEF	boolean,integer	contextHash:Hash,nameHash:Hash,value?:integer	
NetworkRemoveAllTransitionInvite	c	NETWORK	0x726E0375C7A26368			
NetworkRemoveEntityArea	c	NETWORK	0x93CF869BAA0C4874	boolean	p0:any	
NetworkRemovePresenceInvite	c	NETWORK	0xF0210268DB0974B1	boolean	p0:any	
NetworkRemoveTransitionInvite	c	NETWORK	0x7524B431B2E6F7EE	integer	p0?:integer	
NetworkReportMyself	c	NETWORK	0x5626D9D6810730D5			
NetworkRequestCloudBackgroundScripts	c	NETWORK	0x924426BFFD82E915	boolean		
NetworkRequestCloudTunables	c	NETWORK	0x42FB3B532D526E6C			
NetworkRequestControlOfDoor	c	NETWORK	0x870DDFD5A4A796E4	boolean	doorID:integer	
NetworkRequestControlOfEntity	c	NETWORK	0xB69317BF5E782347	boolean	entity:Entity	
NetworkRequestControlOfNetworkId	c	NETWORK	0xA670B3662FAFFBD0	boolean	netId:integer	
NetworkResetBodyTracker	c	NETWORK	0x72433699B4E6DD64			
NetworkRespawnCoords	c	NETWORK	0x9769F811D1785B03		player:Player,x:number,y:number,z:number,p4:boolean,p5:boolean	
NetworkResurrectLocalPlayer	c	NETWORK	0xEA23C49EAA83ACFB		x:number,y:number,z:number,heading:number,nInvincibilityTime:integer,bLeaveDeadPed:boolean	
NetworkRivalDeliveryCompleted	c	MONEY	0x1B882107C23A9022		earnedMoney:integer	
NetworkSctvSlots	c	NETWORK	0x49EC8030F5015F8B		matchmakingGroup:integer	NetworkSessionSetMatchmakingGroup
NetworkSeedRandomNumberGenerator	c	NETWORK	0xF1B84178F8674195		seed:integer	
NetworkSendInviteViaPresence	c	NETWORK	0xC3C7A6AFDB244624	boolean,integer,integer	p2:any,p3:any	
NetworkSendPresenceInvite	c	NETWORK	0xC3C7A6AFDB244624	boolean,integer,integer	p2:any,p3:any	NetworkSendInviteViaPresence
NetworkSendPresenceTransitionInvite	c	NETWORK	0xC116FF9B4D488291	boolean,integer,integer	p2:any,p3:any	
NetworkSendTextMessage	c	NETWORK	0x3A214F2EC889B100	boolean,integer	message:string,networkHandle?:integer	
NetworkSendTransitionGamerInstruction	c	NETWORK	0x31D1D2B858D25E6B	boolean,integer	p1:string,p2:integer,p3:integer,p4:boolean	
NetworkSessionActivityQuickmatch	c	NETWORK	0xBE3E347A87ACEB82	boolean	p0:any,p1:any,p2:any,p3:any	
NetworkSessionAddActiveMatchmakingGroup	c	NETWORK	0xCAE55F48D3D7875C		groupId:integer	
NetworkSessionArePlayersVotingToKick	c	NETWORK	0xD6D09A6F32F49EF1	boolean	player:Player	NetworkSessionGetKickVote
NetworkSessionBlockJoinRequests	c	NETWORK	0xA73667484D7037C3		toggle:boolean	
NetworkSessionCancelInvite	c	NETWORK	0x2FBF47B1B36D36F9			
NetworkSessionChangeSlots	c	NETWORK	0xB4AB419E0D86ACAE		p0:integer,p1:boolean	
NetworkSessionCrewMatchmaking	c	NETWORK	0x94BC51E9449D917F	boolean	p0:integer,p1:integer,p2:integer,maxPlayers:integer,p4:boolean	
NetworkSessionEnd	c	NETWORK	0xA02E59562D711006	boolean	p0:boolean,p1:boolean	
NetworkSessionEnter	c	NETWORK	0x330ED4D05491934F	any	p0:any,p1:any,p2:any,maxPlayers:integer,p4:any,p5:any	
NetworkSessionForceCancelInvite	c	NETWORK	0xA29177F7703B5644			
NetworkSessionFriendMatchmaking	c	NETWORK	0x2CFC76E0D087C994	boolean	p0:integer,p1:integer,maxPlayers:integer,p3:boolean	
NetworkSessionGetInviter	c	NETWORK	0xE57397B4A3429DD0	integer	networkHandle?:integer	
NetworkSessionGetKickVote	c	NETWORK	0xD6D09A6F32F49EF1	boolean	player:Player	
NetworkSessionGetMatchmakingGroupFree	c	NETWORK	0x56CE820830EF040B	integer	p0:integer	
NetworkSessionGetPrivateSlots	c	NETWORK	0x53AFD64C6758F2F9	integer		
NetworkSessionGetUnk	c	NETWORK	0x56CE820830EF040B	integer	p0:integer	NetworkSessionGetMatchmakingGroupFree
NetworkSessionHost	c	NETWORK	0x6F3D4ED9BEE4E61D	boolean	p0:integer,maxPlayers:integer,p2:boolean	
NetworkSessionHostClosed	c	NETWORK	0xED34C0C02C098BB7	boolean	p0:integer,maxPlayers:integer	
NetworkSessionHostFriendsOnly	c	NETWORK	0xB9CFD27A5D578D83	boolean	p0:integer,maxPlayers:integer	
NetworkSessionHostSinglePlayer	c	NETWORK	0xC74C33FCA52856D5		p0:integer	
NetworkSessionHosted	c	NETWORK	0xC19F6C8E7865A6FF		p0:boolean	NetworkSessionValidateJoin
NetworkSessionIsClosedCrew	c	NETWORK	0x74732C6CA90DA2B4	boolean		
NetworkSessionIsClosedFriends	c	NETWORK	0xFBCFA2EA2E206890	boolean		
NetworkSessionIsInVoiceSession	c	NETWORK	0x855BC38818F6F684	boolean		
NetworkSessionIsPlayerVotedToKick	c	NETWORK	0xD6D09A6F32F49EF1	boolean	player:Player	NetworkSessionGetKickVote
NetworkSessionIsPrivate	c	NETWORK	0xCEF70AA5B3F89BA1	boolean		
NetworkSessionIsSolo	c	NETWORK	0xF3929C2379B60CCE	boolean		
NetworkSessionIsVisible	c	NETWORK	0xBA416D68C631496A	boolean		
NetworkSessionIsVoiceSessionBusy	c	NETWORK	0xEF0912DDF7C4CB4B	boolean		
NetworkSessionJoinInvite	c	NETWORK	0xC6F8AB8A4189CF3A			
NetworkSessionKickPlayer	c	NETWORK	0xFA8904DC5F304220		player:Player	
NetworkSessionLeaveSinglePlayer	c	NETWORK	0x3442775428FD2DAA			
NetworkSessionMarkVisible	c	NETWORK	0x271CC6AB59EBF9A5		toggle:boolean	
NetworkSessionSetMatchmakingGroup	c	NETWORK	0x49EC8030F5015F8B		matchmakingGroup:integer	
NetworkSessionSetMatchmakingGroupMax	c	NETWORK	0x8B6A4DD0AF9CE215		playerType:integer,playerCount:integer	
NetworkSessionSetMatchmakingMentalState	c	NETWORK	0xF1EEA2DDA9FFA69D		p0:any	
NetworkSessionSetMatchmakingPropertyId	c	NETWORK	0x3F52E880AAF6C8CA		p0:boolean	
NetworkSessionSetMaxPlayers	c	NETWORK	0x8B6A4DD0AF9CE215		playerType:integer,playerCount:integer	NetworkSessionSetMatchmakingGroupMax
NetworkSessionValidateJoin	c	NETWORK	0xC19F6C8E7865A6FF		p0:boolean	
NetworkSessionVoiceConnectToPlayer	c	NETWORK	0xABD5E88B8A2D3DB2	integer	globalPtr?:integer	
NetworkSessionVoiceHost	c	NETWORK	0x9C1556705F864230			
NetworkSessionVoiceLeave	c	NETWORK	0x6793E42BE02B575D			
NetworkSessionVoiceRespondToRequest	c	NETWORK	0x7F8413B7FC2AA6B9		p0:boolean,p1:integer	
NetworkSessionVoiceSetTimeout	c	NETWORK	0x5B8ED3DB018927B1		timeout:integer	
NetworkSessionWasInvited	c	NETWORK	0x23DFB504655D0CE4	boolean		
NetworkSetActivityPlayerMax	c	NETWORK	0x0E4F77F7B9D74D84		playerCount:integer	
NetworkSetActivitySpectator	c	NETWORK	0x75138790B4359A74		toggle:boolean	
NetworkSetActivitySpectatorMax	c	NETWORK	0x9D277B76D1D12222		maxSpectators:integer	
NetworkSetChoiceMigrateOptions	c	NETWORK	0x5C707A667DF8B9FA		toggle:boolean,player:Player	
NetworkSetCurrentDataManagerHandle	c	NETWORK	0x796A87B3B68D1F3D	boolean,integer	p0?:integer	
NetworkSetCurrentMissionId	c	NETWORK	0x2C863ACDCD12B3DB		missionId:string	
NetworkSetCurrentSpawnSetting	c	NETWORK	0xAA6D5451DC3448B6		mpSettingSpawn:Hash	
NetworkSetCurrentlySelectedGamerHandleFromInviteMenu	c	NETWORK	0x7206F674F2A3B1BB	boolean,integer	p0?:integer	
NetworkSetEntityCanBlend	c	NETWORK	0xD830567D88A1E873		entity:Entity,toggle:boolean	
NetworkSetEntityGhostedWithOwner	c	NETWORK	0x4BA166079D658ED4		entity:Entity,p1:boolean	
NetworkSetEntityInvisibleToNetwork	c	NETWORK	0xF1CA12B18AEF5298		entity:Entity,toggle:boolean	
NetworkSetEntityVisibleToNetwork	c	NETWORK	0xF1CA12B18AEF5298		entity:Entity,toggle:boolean	NetworkSetEntityInvisibleToNetwork
NetworkSetFriendlyFireOption	c	NETWORK	0xF808475FA571D823		toggle:boolean	
NetworkSetGamerInvitedToTransition	c	NETWORK	0xCA2C8073411ECDB6	integer	networkHandle?:integer	
NetworkSetInFreeCamMode	c	NETWORK	0xFC18DB55AE19E046		toggle:boolean	
NetworkSetInMpCutscene	c	NETWORK	0x9CA5DE655269FEC4		p0:boolean,p1:boolean	
NetworkSetInSpectatorMode	c	NETWORK	0x423DE3854BB50894		toggle:boolean,playerPed:Ped	
NetworkSetInSpectatorModeExtended	c	NETWORK	0x419594E137637120		toggle:boolean,playerPed:Ped,p2:boolean	
NetworkSetInviteOnCallForInviteMenu	c	NETWORK	0x66F010A4B031A331	integer	networkHandle?:integer	
NetworkSetKeepFocuspoint	c	NETWORK	0x7F8413B7FC2AA6B9		p0:boolean,p1:integer	NetworkSessionVoiceRespondToRequest
NetworkSetLocalPlayerInvincibleTime	c	NETWORK	0x2D95C7E2D7E07307		time:integer	
NetworkSetLocalPlayerSyncLookAt	c	NETWORK	0x524FF0AEFF9C3973		toggle:boolean	
NetworkSetMissionFinished	c	NETWORK	0x3B3D11CD9FFCDFC9			
NetworkSetNetworkIdDynamic	c	NETWORK	0x2B1813ABA29016C5		netID:integer,toggle:boolean	NetworkUseHighPrecisionBlending
NetworkSetNoSpectatorChat	c	NETWORK	0xF46A1E03E8755980		toggle:boolean	
NetworkSetObjectForceStaticBlend	c	NETWORK	0x0379DAF89BA09AA5		object:Object,enabled:boolean	
NetworkSetOverrideSpectatorMode	c	NETWORK	0x70DA3BF8DACD3210		toggle:boolean	
NetworkSetPlayerIsPassive	c	NETWORK	0x1B857666604B1A74		toggle:boolean	
NetworkSetPropertyId	c	NETWORK	0x1775961C2FBBCB5C		id:integer	
NetworkSetRichPresence	c	NETWORK	0x1DCCACDCFC569362		p0:integer,p1:any,p2:any,p3:any	
NetworkSetRichPresenceString	c	NETWORK	0x3E200C2BCF4164EB		p0:integer,textLabel:string	
NetworkSetRichPresence_2	c	NETWORK	0x3E200C2BCF4164EB		p0:integer,textLabel:string	NetworkSetRichPresenceString
NetworkSetScriptIsSafeForNetworkGame	c	MISC	0x9243BAC96D64C050			
NetworkSetScriptReadyForEvents	c	NETWORK	0x7AC752103856FB20		toggle:boolean	
NetworkSetTalkerProximity	c	NETWORK	0xCBF12D65F95AD686		value:number	
NetworkSetTeamOnlyChat	c	NETWORK	0xD5B4883AC32F24C3		toggle:boolean	
NetworkSetThisScriptIsNetworkScript	c	NETWORK	0x1CA59E306ECB80A5		maxNumMissionParticipants:integer,p1:boolean,instanceId:integer	
NetworkSetThisScriptMarked	c	NETWORK	0xD1110739EEADB592	boolean	p0:any,p1:boolean,p2:any	NetworkIsThisScriptMarked
NetworkSetTransitionActivityId	c	NETWORK	0x30DE938B516F0AD2		p0:any	
NetworkSetTransitionCreatorHandle	c	NETWORK	0xEF26739BCD9907D5	integer	p0?:integer	
NetworkSetTransitionVisibilityLock	c	NETWORK	0x0C978FDA19692C2C		p0:boolean,p1:boolean	
NetworkSetVehicleTestDrive	c	NETWORK	0x8C70252FC40F320B		toggle:boolean	
NetworkSetVehicleWheelsDestructible	c	NETWORK	0x890E2C5ABED7236D		vehicle:Vehicle,toggle:boolean	
NetworkSetVoiceActive	c	NETWORK	0xBABEC9E69A91C57B		toggle:boolean	
NetworkSetVoiceChannel	c	NETWORK	0xEF6212C2EFEF1A23		channel:integer	
NetworkShopBasketAddItem	c	NETSHOPPING	0xF30980718C8ED876	boolean,integer	quantity:integer	NetGameserverBasketAddItem
NetworkShopBasketApplyServerData	c	NETSHOPPING	0xE1A0450ED46A7812	boolean,integer	p0:any,p1?:integer	NetGameserverBasketApplyServerData
NetworkShopBasketEnd	c	NETSHOPPING	0xA65568121DF2EA26	boolean		NetGameserverBasketEnd
NetworkShopBasketIsFull	c	NETSHOPPING	0x27F76CC6C55AD30E	boolean		NetGameserverBasketIsFull
NetworkShopBasketStart	c	NETSHOPPING	0x279F08B1A4B29B7E	boolean,integer	categoryHash:Hash,actionHash:Hash,flags:integer	NetGameserverBasketStart
NetworkShopBeginService	c	NETSHOPPING	0x3C5FD37B5499582E	boolean,integer	categoryHash:Hash,itemHash:Hash,actionTypeHash:Hash,value:integer,flags:integer	NetGameserverBeginService
NetworkShopCashTransferSetTelemetryNonceSeed	c	NETSHOPPING	0x498C1E05CE5F7877	boolean		NetGameserverTransferCashSetTelemetryNonceSeed
NetworkShopCheckoutStart	c	NETSHOPPING	0x39BE7CEA8D9CC8E6	boolean	transactionId:integer	NetGameserverCheckoutStart
NetworkShopDeleteSetTelemetryNonceSeed	c	NETSHOPPING	0x112CEF1615A1139F	boolean		NetGameserverDeleteSetTelemetryNonceSeed
NetworkShopDoesItemExist	c	NETSHOPPING	0xBD4D7EAF8A30F637	boolean	name:string	NetGameserverCatalogItemExists
NetworkShopDoesItemExistHash	c	NETSHOPPING	0x247F0F73A182EA0B	boolean	hash:Hash	NetGameserverCatalogItemExistsHash
NetworkShopEndService	c	NETSHOPPING	0xE2A99A9B524BEFFF	boolean	transactionId:integer	NetGameserverEndService
NetworkShopGetPrice	c	NETSHOPPING	0xC27009422FCCA88D	integer	itemHash:Hash,categoryHash:Hash,p2:boolean	NetGameserverGetPrice
NetworkShopGetTransactionsDisabled	c	NETSHOPPING	0x810E8431C0614BF9	boolean		NetGameserverIsSessionRefreshPending
NetworkShopGetTransactionsEnabledForCharacter	c	NETSHOPPING	0xB24F0944DA203D9E	boolean	charSlot:integer	NetGameserverIsSessionValid
NetworkShopIsItemUnlocked	c	NETSHOPPING	0xBD4D7EAF8A30F637	boolean	name:string	NetGameserverCatalogItemExists
NetworkShopIsItemUnlockedHash	c	NETSHOPPING	0x247F0F73A182EA0B	boolean	hash:Hash	NetGameserverCatalogItemExistsHash
NetworkShopSessionApplyReceivedData	c	NETSHOPPING	0x2F41D51BA3BCD1F1	boolean	charSlot:integer	NetGameserverSessionApplyReceivedData
NetworkShopSetTelemetryNonceSeed	c	NETSHOPPING	0x9507D4271988E1AE	boolean	p0:integer	NetGameserverSetTelemetryNonceSeed
NetworkShopStartSession	c	NETSHOPPING	0xA135AC892A58FC07	boolean	charSlot:integer	NetGameserverStartSession
NetworkShopTerminateService	c	NETSHOPPING	0xE2A99A9B524BEFFF	boolean	transactionId:integer	NetGameserverEndService
NetworkShouldShowConnectivityTroubleshooting	c	NETWORK	0x82A2B386716608F1	boolean		
NetworkShowProfileUi	c	NETWORK	0x859ED1CEA343FCA8	integer	networkHandle?:integer	
NetworkSpentAmmoDrop	c	MONEY	0xB162DC95C0A3317B		p0:any,p1:boolean,p2:boolean	
NetworkSpentArcadeGame	c	MONEY	0xEAD3D81F2C3A1458		p0:any,p1:any,p2:any,p3:any,p4:any	
NetworkSpentArcadeGeneric	c	MONEY	0x43AA7FAC4E6D6687		p0:any,p1:any,p2:any,p3:any,p4:any	
NetworkSpentArenaJoinSpectator	c	MONEY	0x14EAEA58F93B55AF		amount:integer,p1:any,p2:boolean,p3:boolean	
NetworkSpentArenaPremium	c	MONEY	0x619496D837EFD920		amount:integer,p1:boolean,p2:boolean	
NetworkSpentArenaSpectatorBox	c	MONEY	0x7049BF858601DC0F		amount:integer,p1:any,p2:boolean,p3:boolean	
NetworkSpentArrestBail	c	MONEY	0x812F5488B1B2A299		p0:any,p1:boolean,p2:boolean	
NetworkSpentAutoshopModifications	c	MONEY	0x9BEA350D7C48061B		p0:any,p1:any,p2:any,p3:any,p4:any	
NetworkSpentAutoshopPropertyUtilityFee	c	MONEY	0xB40F96D6D252839B		p0:any,p1:any,p2:any,p3:any	
NetworkSpentBaService	c	MONEY	0xD7CCCBA28C4ECAF0		p0:any,p1:any,p2:any,p3:any,p4:any	
NetworkSpentBallisticEquipment	c	MONEY	0x5D97630A8A0EF123		amount:integer,p1:boolean,p2:boolean	
NetworkSpentBankInterest	c	MONEY	0xCA230C9682556CF1		p0:integer,p1:boolean,p2:boolean	
NetworkSpentBeachPartyGeneric	c	MONEY	0x54ABA22FA6371249		p0:any	
NetworkSpentBetting	c	MONEY	0x1C436FD11FFA692F		amount:integer,p1:integer,matchId:string,p3:boolean,p4:boolean	
NetworkSpentBikeShopModify	c	MONEY	0x923AEA8E78F8DF0B		p0:any,p1:any,p2:any,p3:any	
NetworkSpentBoatPickup	c	MONEY	0x524EE43A37232C00		p0:any,p1:boolean,p2:boolean	
NetworkSpentBoss	c	MONEY	0xFFBE02CD385356BD	boolean		
NetworkSpentBounty	c	MONEY	0x29B260B84947DFCC		p0:any,p1:boolean,p2:boolean	
NetworkSpentBountyHunterMission	c	MONEY	0x1BEA0CD93470BB1F		amount:integer,p1:boolean,p2:boolean	
NetworkSpentBullShark	c	MONEY	0xA6DD8458CE24012C		p0:any,p1:boolean,p2:boolean	
NetworkSpentBusiness	c	MONEY	0x0035BB914316F1E3		p0:any,p1:any,p2:any,p3:any	
NetworkSpentBuyArena	c	MONEY	0x40D5DA9550B7CB46		amount:integer,p1:boolean,p2:boolean,p3:string	
NetworkSpentBuyAutoshop	c	MONEY	0xEEB7E5D1FEB20869		p0:any,p1:any,p2:any,p3:any	
NetworkSpentBuyBase	c	MONEY	0x4EA3F425C7744D21		p0:any,p1:any,p2:any,p3:any	
NetworkSpentBuyBunker	c	MONEY	0x12D148D26538D0F9		p0:any,p1:any,p2:any,p3:any	
NetworkSpentBuyCasino	c	MONEY	0x34A6FC4D06C4DA0F	integer	amount:integer,p1:boolean,p2:boolean,data?:integer	
NetworkSpentBuyOfftheradar	c	MONEY	0xA628A745E2275C5D		p0:any,p1:boolean,p2:boolean	
NetworkSpentBuyPassiveMode	c	MONEY	0x6D3A430D1A809179		p0:any,p1:boolean,p2:boolean	
NetworkSpentBuyRevealPlayers	c	MONEY	0x6E176F1B18BC0637		p0:any,p1:boolean,p2:boolean	
NetworkSpentBuyTiltrotor	c	MONEY	0x0CCE73BC7A11E885		p0:any,p1:any,p2:any,p3:any	
NetworkSpentBuyTruck	c	MONEY	0xAC272C0AE01B4BD8		p0:any,p1:any,p2:any,p3:any	
NetworkSpentBuyWantedlevel	c	MONEY	0xE1B13771A843C4F6	integer	p0:any,p2:boolean,p3:boolean	
NetworkSpentCallPlayer	c	MONEY	0xACDE7185B374177C	integer	p0:any,p2:boolean,p3:boolean	
NetworkSpentCarclub	c	MONEY	0x925227803A0EAA1B		p0:any,p1:boolean,p2:boolean,p3:any	
NetworkSpentCarclubMembership	c	MONEY	0x1464E17207CD36E2		p0:any,p1:any,p2:any,p3:any,p4:any	
NetworkSpentCarclubTakeover	c	MONEY	0xD1E46824E6FB92B5		p0:any,p1:any,p2:any,p3:any	
NetworkSpentCargoSourcing	c	MONEY	0x948705F6F9C50824		p0:any,p1:any,p2:any,p3:any,p4:any,p5:any	
NetworkSpentCarwash	c	MONEY	0xEC03C719DB2F4306		p0:any,p1:any,p2:any,p3:boolean,p4:boolean	
NetworkSpentCashDrop	c	MONEY	0x289016EC778D60E0		amount:integer,p1:boolean,p2:boolean	
NetworkSpentCasinoClubGeneric	c	MONEY	0xC991C255AA6D90B2		p0:any,p1:any,p2:any,p3:any,p4:any,p5:any,p6:any,p7:any,p8:any	
NetworkSpentCasinoGeneric	c	MONEY	0x88BF9B612B84D3C3		amount:integer,p1:any,p2:any,p3:any,p4:any	
NetworkSpentCasinoHeist	c	MONEY	0xD30E8392F407C328		p0:any,p1:any,p2:any,p3:any,p4:any,p5:any,p6:any,p7:any,p8:any,p9:any,p10:any	
NetworkSpentCasinoHeistSkipMission	c	MONEY	0x487009DD91D93429		p0:any,p1:any,p2:any,p3:any	
NetworkSpentCasinoMembership	c	MONEY	0xFBBE0570EDF39D46		amount:integer,p1:boolean,p2:boolean,p3:integer	
NetworkSpentCinema	c	MONEY	0x6B38ECB05A63A685		p0:any,p1:any,p2:boolean,p3:boolean	
NetworkSpentEmployAssassins	c	MONEY	0x5BBBD92186E1F1C5		p0:any,p1:any,p2:any,p3:any	
NetworkSpentFromBank	c	MONEY	0xB9F7A469460E7A4A		p0:any,p1:any,p2:any,p3:boolean	
NetworkSpentFromRockstar	c	MONEY	0x6A445B64ED7ABEB5		bank:integer,p1:boolean,p2:boolean	
NetworkSpentGangopsCannon	c	MONEY	0x771ADB0E7635B7BF		p0:any,p1:any,p2:any,p3:any	
NetworkSpentGangopsStartMission	c	MONEY	0xDA947AE8880D5C18		p0:any,p1:any,p2:any,p3:any	
NetworkSpentGangopsStartStrand	c	MONEY	0xA19EC0786E326E06		type:integer,amount:integer,p2:boolean,p3:boolean	
NetworkSpentGangopsTripSkip	c	MONEY	0x5ECE6FD7B4EC8D6A		amount:integer,p1:boolean,p2:boolean	
NetworkSpentGunrunningContactService	c	MONEY	0x2CEB0E0BC2A77C05		p0:any,p1:any,p2:any,p3:any	
NetworkSpentHangarStaffCharges	c	MONEY	0xB1F1346FD57685D7		amount:integer,p1:boolean,p2:boolean	
NetworkSpentHangarUtilityCharges	c	MONEY	0xB18AC2ECBB15CB6A		amount:integer,p1:boolean,p2:boolean	
NetworkSpentHeliPickup	c	MONEY	0x7BF1D73DB2ECA492		p0:any,p1:boolean,p2:boolean	
NetworkSpentHireMercenary	c	MONEY	0xE7B80E2BF9D80BD6		p0:any,p1:boolean,p2:boolean	
NetworkSpentHireMugger	c	MONEY	0xE404BFB981665BF0		p0:any,p1:boolean,p2:boolean	
NetworkSpentHoldups	c	MONEY	0xD9B86B9872039763		p0:any,p1:boolean,p2:boolean	
NetworkSpentImAbility	c	MONEY	0x93AA4165CB67E925		p0:any,p1:any,p2:any,p3:any	
NetworkSpentImportExportRepair	c	MONEY	0xC1952F3773BA18FE		p0:any,p1:any,p2:any	
NetworkSpentInStripclub	c	MONEY	0xEE99784E4467689C		p0:any,p1:boolean,p2:any,p3:boolean	
NetworkSpentIslandHeist	c	MONEY	0xE86689E5F82DE429		p0:any,p1:any,p2:any,p3:any	
NetworkSpentJobSkip	c	MONEY	0x28F174A67B8D0C2F		amount:integer,matchId:string,p2:boolean,p3:boolean	
NetworkSpentJukebox	c	MONEY	0x5BCDE0F640C773D2		p0:any,p1:any,p2:any,p3:any	
NetworkSpentMakeItRain	c	MONEY	0xE5F5A060439C2F5D		amount:integer,p1:boolean,p2:boolean	
NetworkSpentMoveYacht	c	MONEY	0xE7DF4E0545DFB56E		amount:integer,p1:boolean,p2:boolean	
NetworkSpentNightclubBarDrink	c	MONEY	0xDD21B016E4289465		amount:integer,p1:any,p2:boolean,p3:boolean	
NetworkSpentNightclubEntryFee	c	MONEY	0x876056684281655D		player:Player,amount:integer,p1:any,p2:boolean,p3:boolean	
NetworkSpentNoCops	c	MONEY	0xD5BB406F4E04019F		p0:any,p1:boolean,p2:boolean	
NetworkSpentOrderBodyguardVehicle	c	MONEY	0xE8B0B270B6E7C76E		p0:any,p1:any,p2:any,p3:any	
NetworkSpentOrderWarehouseVehicle	c	MONEY	0x05F04155A226FBBF		p0:any,p1:any,p2:any,p3:any	
NetworkSpentPaServiceDancer	c	MONEY	0xB49ECA122467D05F		p0:any,p1:any,p2:any,p3:any	
NetworkSpentPaServiceHeliPickup	c	MONEY	0x0FE8E1FCD2B86B33		p0:any,p1:any,p2:any,p3:any	
NetworkSpentPayBoss	c	MONEY	0xDBC966A01C02BCA7		p0:any,p1:any,p2:any	
NetworkSpentPayGoon	c	MONEY	0x08A1B82B91900682		p0:integer,p1:integer,amount:integer	
NetworkSpentPayVehicleInsurancePremium	c	MONEY	0x9FF28D88C766E3E8	integer	amount:integer,vehicleModel:Hash,notBankrupt:boolean,hasTheMoney:boolean	
NetworkSpentPlayerHealthcare	c	MONEY	0x7C99101F7FCE2EE5		p0:integer,p1:integer,p2:boolean,p3:boolean	
NetworkSpentProstitutes	c	MONEY	0xB21B89501CFAC79E		p0:any,p1:boolean,p2:boolean	
NetworkSpentPurchaseHangar	c	MONEY	0xCCB339CC970452DA		p0:any,p1:any,p2:any,p3:any	
NetworkSpentPurchaseWarehouse	c	MONEY	0x33981D6804E62F49		amount:integer,data:any,p2:boolean,p3:boolean	
NetworkSpentRdrhatchetBonus	c	MONEY	0xE284D46FFDB82E36		amount:integer,p1:boolean,p2:boolean	
NetworkSpentRehireDj	c	MONEY	0xF6C8A544E4CF14FC		amount:integer,p1:any,p2:boolean,p3:boolean	
NetworkSpentRenameOrganization	c	MONEY	0xFC4EE00A7B3BFB76		p0:any,p1:any,p2:any	
NetworkSpentRequestHeist	c	MONEY	0x9D26502BB97BFE62		p0:any,p1:boolean,p2:boolean	
NetworkSpentRequestJob	c	MONEY	0x8204DA7934DF3155		p0:any,p1:boolean,p2:boolean	
NetworkSpentRobbedByMugger	c	MONEY	0x995A65F15F581359		amount:integer,p1:boolean,p2:boolean	
NetworkSpentSalesDisplay	c	MONEY	0x7E2F4E8F44CAF4E0		p0:boolean	
NetworkSpentSpinTheWheelPayment	c	MONEY	0x9A5BD1D0000B339C		amount:integer,p1:any,p2:boolean,p3:boolean	
NetworkSpentSubmarine	c	MONEY	0x6C8BC1488527AAAB		p0:any,p1:any,p2:any,p3:any,p4:any,p5:any	
NetworkSpentTaxi	c	MONEY	0x17C3A7D31EAE39F9		amount:integer,p1:boolean,p2:boolean	
NetworkSpentTelescope	c	MONEY	0x7FE61782AD94CC09		p0:any,p1:boolean,p2:boolean	
NetworkSpentUpgradeArena	c	MONEY	0x037ABB06825D7AB1		amount:integer,p1:boolean,p2:boolean,p3:string	
NetworkSpentUpgradeAutoshop	c	MONEY	0xDD829AA198FDC46C		p0:any,p1:any,p2:any,p3:any	
NetworkSpentUpgradeBase	c	MONEY	0x3DD3F33A5D55EA6F		p0:any,p1:any,p2:any,p3:any	
NetworkSpentUpgradeBunker	c	MONEY	0x0C82D21A77C22D49		p0:any,p1:any,p2:any,p3:any	
NetworkSpentUpgradeCasino	c	MONEY	0x4740D62BC1B4EBEA	integer	amount:integer,p1:boolean,p2:boolean,data?:integer	
NetworkSpentUpgradeHangar	c	MONEY	0x615EB504B0788DAF		p0:any,p1:any,p2:any,p3:any	
NetworkSpentUpgradeSub	c	MONEY	0x89049A84065CE68E		p0:any,p1:any,p2:any,p3:any	
NetworkSpentUpgradeTiltrotor	c	MONEY	0x165E135D6DFA2907		p0:any,p1:any,p2:any,p3:any	
NetworkSpentUpgradeTruck	c	MONEY	0x365E877C61D6988B		p0:any,p1:any,p2:any,p3:any	
NetworkSpentVehicleExportMods	c	MONEY	0xA75CCF58A60A5FD1		p0:any,p1:any,p2:any,p3:any,p4:any,p5:any,p6:any,p7:any,p8:any,p9:any	
NetworkSpentVehicleRequested	c	MONEY	0x02D24A35A9CC3503		p0:any,p1:any,p2:any,p3:any,p4:any	
NetworkSpentVipUtilityCharges	c	MONEY	0x5182A339A3474510		p0:any,p1:any,p2:any	
NetworkSpentWager	c	MONEY	0xD99DB210089617FE		p0:any,p1:any,amount:integer	
NetworkStartRespawnSearchForPlayer	c	NETWORK	0x5A6FFA2433E2F14C	boolean	player:Player,x:number,y:number,z:number,radius:number,p5:number,p6:number,p7:number,flags:integer	
NetworkStartRespawnSearchInAngledAreaForPlayer	c	NETWORK	0x4BA92A18502BCA61	boolean	player:Player,x1:number,y1:number,z1:number,x2:number,y2:number,z2:number,width:number,p8:number,p9:number,p10:number,flags:integer	
NetworkStartSoloTutorialSession	c	NETWORK	0x17E0198B3882C2CB			
NetworkStartSynchronisedScene	c	NETWORK	0x9A1B3FCDB36C8697		netScene:integer	
NetworkStartUserContentPermissionsCheck	c	NETWORK	0xDEB2B99A1AF1A2A6	integer	netHandle:any	
NetworkStopLoadScene	c	STREAMING	0x64E630FAF5F60F44			
NetworkStopSynchronisedScene	c	NETWORK	0xC254481A4574CB2F		netScene:integer	
NetworkSuppressInvite	c	NETWORK	0xA0682D67EF1FBA3D		toggle:boolean	
NetworkTransferBankToWallet	c	NETSHOPPING	0xD47A2C1BA117471D	boolean	charSlot:integer,amount:integer	NetGameserverTransferBankToWallet
NetworkTransferWalletToBank	c	NETSHOPPING	0xC2F7FE5309181C7D	boolean	charSlot:integer,amount:integer	NetGameserverTransferWalletToBank
NetworkTransitionTrack	c	NETWORK	0xC3BFED92026A2AAD		hash:Hash,p1:integer,p2:integer,state:integer,p4:integer	
NetworkTryAccessTunableBoolHash	c	NETWORK	0xC7420099936CE286	boolean	tunableContext:Hash,tunableName:Hash,defaultValue:boolean	
NetworkUgcNav	c	NETWORK	0xC1447451DDB512F0		p0:any,p1:any	
NetworkUnlinkNetworkedSynchronisedScene	c	NETWORK	0x02C40BF885C567B6	integer	netSceneId:integer	NetworkGetLocalSceneFromNetworkId
NetworkUnregisterNetworkedEntity	c	NETWORK	0x7368E683BB9038D6		entity:Entity	
NetworkUpdateLoadScene	c	STREAMING	0xC4582015556D1C46	boolean		
NetworkUpdatePlayerScars	c	NETWORK	0xB7C7F6AD6424304B			
NetworkUseHighPrecisionBlending	c	NETWORK	0x2B1813ABA29016C5		netID:integer,toggle:boolean	
NetworkUseHighPrecisionVehicleBlending	c	VEHICLE	0xEC0C1D4922AF9754		vehicle:Vehicle,toggle:boolean	
NetworkUseLogarithmicBlendingThisFrame	c	NETWORK	0xCD71A4ECAB22709E		entity:Entity	
NetworkVoiceConnectToPlayer	c	NETWORK	0xABD5E88B8A2D3DB2	integer	globalPtr?:integer	NetworkSessionVoiceConnectToPlayer
NetworkXAffectsGamers	c	NETWORK	0xE532D6811B3A4D2A	boolean	p0:any	NetworkFindGamersInCrew
NewLoadSceneStart	c	STREAMING	0x212A8D0D2BABFAC2	boolean	posX:number,posY:number,posZ:number,offsetX:number,offsetY:number,offsetZ:number,radius:number,p7:integer	
NewLoadSceneStartSphere	c	STREAMING	0xACCFB4ACF53551B0	boolean	x:number,y:number,z:number,radius:number,p4:any	
NewLoadSceneStop	c	STREAMING	0xC197616D221FF4A4			
NextOnscreenKeyboardResultWillDisplayUsingTheseFonts	c	MISC	0x3ED1438C1F5C6612		fontBitField:integer	
NotificationSendApartmentInvite	c	HUD	0x97C9E4E7024A8F2C	integer,integer	crewTypeIsPrivate:boolean,crewTagContainsRockstar:boolean,rank:integer,hasFounderStatus:boolean,isImportant:boolean,clanHandle:integer,r:integer,g:integer,b:integer	EndTextCommandThefeedPostCrewtag
NotificationSendClanInvite	c	HUD	0x137BC35589E34E1E	integer,integer	crewTypeIsPrivate:boolean,crewTagContainsRockstar:boolean,rank:integer,isLeader:boolean,isImportant:boolean,clanHandle:integer,gamerStr:string,r:integer,g:integer,b:integer	EndTextCommandThefeedPostCrewtagWithGameName
Nullify	c	DLC	0x46E2B844905BC5F0	boolean,boolean	unused:any	HasCloudRequestsFinished
ObjToNet	c	NETWORK	0x99BFDC94A603E541	integer	object:Object	
ObjectDecalToggle	c	HUD	0x444D8CF241EC25C5		contextHash:Hash	PauseMenuDeactivateContext
ObjectValueAddArray	c	DATAFILE	0x5B11728527CA6E5F	any,integer	key:string	DatadictCreateArray
ObjectValueAddBoolean	c	DATAFILE	0x35124302A556A325	integer	key:string,value:boolean	DatadictSetBool
ObjectValueAddFloat	c	DATAFILE	0xC27E1CC2D795105E	integer	key:string,value:number	DatadictSetFloat
ObjectValueAddInteger	c	DATAFILE	0xE7E035450A7948D5	integer	key:string,value:integer	DatadictSetInt
ObjectValueAddObject	c	DATAFILE	0xA358F56F10732EE1	any,integer	key:string	DatadictCreateDict
ObjectValueAddString	c	DATAFILE	0x8FF3847DADD8E30C	integer	key:string,value:string	DatadictSetString
ObjectValueAddVector3	c	DATAFILE	0x4CD49B76338C7DEE	integer	key:string,valueX:number,valueY:number,valueZ:number	DatadictSetVector
ObjectValueGetArray	c	DATAFILE	0x7A983AA9DA2659ED	any,integer	key:string	DatadictGetArray
ObjectValueGetBoolean	c	DATAFILE	0x1186940ED72FFEEC	boolean,integer	key:string	DatadictGetBool
ObjectValueGetFloat	c	DATAFILE	0x06610343E73B9727	number,integer	key:string	DatadictGetFloat
ObjectValueGetInteger	c	DATAFILE	0x78F06F6B1FB5A80C	integer,integer	key:string	DatadictGetInt
ObjectValueGetObject	c	DATAFILE	0xB6B9DDC412FCEEE2	any,integer	key:string	DatadictGetDict
ObjectValueGetString	c	DATAFILE	0x3D2FD9E763B24472	string,integer	key:string	DatadictGetString
ObjectValueGetType	c	DATAFILE	0x031C55ED33227371	integer,integer	key:string	DatadictGetType
ObjectValueGetVector3	c	DATAFILE	0x46CD3CB66E0825CC	vector3,integer	key:string	DatadictGetVector
OnEnterMp	c	DLC	0x0888C3502DBBEEF5			
OnEnterSp	c	DLC	0xD7C10C4A637992C9			
OnesyncEnableRemoteAttachmentSanitization	c	CFX	0x30CE39D8		enable:boolean	
OpenBombBayDoors	c	VEHICLE	0x87E7F24270732CB1		vehicle:Vehicle	
OpenCommerceStore	c	NETWORK	0x58C21165F6545892		p0:string,p1:string	
OpenOnlinePoliciesMenu	c	HUD	0x805D7CBB36FD6C4C			
OpenPatrolRoute	c	TASK	0xA36BFB5EE89F3D82		patrolRoute:string	
OpenReportugcMenu	c	HUD	0x523A590C1A3CC0D3			
OpenSequenceTask	c	TASK	0xE8854A4326B9E12B	integer	taskSequenceId?:integer	
OpenSocialClubMenu	c	HUD	0x75D3691713C3B05A			
OpenVehicleBombBay	c	VEHICLE	0x87E7F24270732CB1		vehicle:Vehicle	OpenBombBayDoors
OrderedBossVehicle	c	STATS	0xCEA553E35C2246E1		p0:any,p1:any,vehicleHash:Hash	
OverrideCamSplineMotionBlur	c	CAM	0x7DCF7C708D292D55		cam:Cam,p1:integer,p2:number,p3:number	
OverrideCamSplineVelocity	c	CAM	0x40B62FA033EB0346		cam:Cam,p1:integer,p2:number,p3:number	
OverrideDecalTexture	c	GRAPHICS	0x8A35C742130C6080		decalType:integer,textureDict:string,textureName:string	PatchDecalDiffuseMap
OverrideInteriorSmokeEnd	c	GRAPHICS	0xEFB55E7C25D3B3BE			
OverrideInteriorSmokeLevel	c	GRAPHICS	0x1600FD8CF72EBC12		level:number	
OverrideInteriorSmokeName	c	GRAPHICS	0x2A2A52824DB96700		name:string	
OverrideLodscaleThisFrame	c	STREAMING	0xA76359FC80B2438E		scaling:number	
OverrideMicrophoneSettings	c	AUDIO	0x75773E11BA459E90		hash:Hash,toggle:boolean	
OverrideMultiplayerChatColour	c	HUD	0xF47E567B3630DD12		p0:integer,hudColor:integer	
OverrideMultiplayerChatPrefix	c	HUD	0x6A1738B4323FE2D9		gxtEntryHash:Hash	
OverridePedBadgeTexture	c	GRAPHICS	0x95EB5E34F821BABE	boolean	ped:Ped,txd:string,txn:string	
OverridePedsCanStandOnTopFlag	c	CFX	0x90A9E0B2		flag:boolean	
OverridePedsUseDefaultDriveByClipset	c	CFX	0xB14F8EAD		flag:boolean	
OverridePlayerGroundMaterial	c	AUDIO	0xD2CC78CD3D0B50F9		overriddenMaterialHash:Hash,scriptOverrides:boolean	
OverridePopGroups	c	CFX	0xD3BC438F		path:string	
OverridePopscheduleVehicleModel	c	ZONE	0x5F7D596BAC2E7777		scheduleId:integer,vehicleHash:Hash	
OverrideReactionToVehicleSiren	c	CFX	0x3F3EB3F7		state:boolean,reaction:integer	
OverrideSaveHouse	c	MISC	0x1162EA8AE9D24EEA	boolean,vector3,number	p0:boolean,p1:number,p2:number,p3:number,p4:number,p5:boolean	
OverrideTrevorRage	c	AUDIO	0x13AD665062541A7E		voiceEffect:string	
OverrideUnderwaterStream	c	AUDIO	0xF2A9CDABCEA04BD6		streamName:string,override:boolean	
OverrideVehHorn	c	AUDIO	0x3CDC1E622CCE0356		vehicle:Vehicle,override:boolean,hornHash:integer	
OverrideVehiclePedsCanStandOnTopFlag	c	CFX	0x7FA03E76		vehicle:Vehicle,can:boolean	
ParticipantId	c	NETWORK	0x90986E8876CE0A83	Player		
ParticipantIdToInt	c	NETWORK	0x57A3BDDAD8E5AA0A	integer		
PassKeyboardInputToScaleform	c	GRAPHICS	0xD1C7CB175E012964	boolean	scaleformHandle:integer	
PatchDecalDiffuseMap	c	GRAPHICS	0x8A35C742130C6080		decalType:integer,textureDict:string,textureName:string	
PauseClock	c	CLOCK	0x4055E40BD2DBEC1D		toggle:boolean	
PauseDeathArrestRestart	c	MISC	0x2C2B3493FBF51C71		toggle:boolean	
PauseMenuActivateContext	c	HUD	0xDD564BDD0472C936		hash:Hash	
PauseMenuDeactivateContext	c	HUD	0x444D8CF241EC25C5		contextHash:Hash	
PauseMenuDisableBusyspinner	c	HUD	0x9245E81072704B8A		toggle:boolean	
PauseMenuGetIndexOfMouseHoveredSlot	c	HUD	0x359AF31A4B52F5ED	integer		PauseMenuGetMouseHoverIndex
PauseMenuGetMouseHoverIndex	c	HUD	0x359AF31A4B52F5ED	integer		
PauseMenuGetMouseHoverUniqueId	c	HUD	0x13C4B962653A5280	integer		
PauseMenuGetUniqueIdOfMouseHoveredSlot	c	HUD	0x13C4B962653A5280	integer		PauseMenuGetMouseHoverUniqueId
PauseMenuIsContextActive	c	HUD	0x84698AB38D0C6636	boolean	contextHash:Hash	
PauseMenuIsContextMenuActive	c	HUD	0x2A25ADC48F87841F	any		
PauseMenuRedrawInstructionalButtons	c	HUD	0x4895BDEA16E7C080		p0:integer	
PauseMenuSetBusySpinner	c	HUD	0xC78E239AC5B2DDB9		bVisible:boolean,iColumnID:integer,iSpinnerIndex:integer	
PauseMenuSetWarnOnTabChange	c	HUD	0xF06EBB91A81E09E3		setWarn:boolean	
PauseMenuceptionGoDeeper	c	HUD	0x77F16B447824DA6C		pageId:integer	
PauseMenuceptionTheKick	c	HUD	0xCDCA26E80FAECB8F			
PausePlaybackRecordedVehicle	c	VEHICLE	0x632A689BF42301B1		vehicle:Vehicle	
PauseScriptedConversation	c	AUDIO	0x8530AD776CD72B12		finishCurrentLine:boolean	
PauseToggleFullscreenMap	c	HUD	0x2DE6C5E2E996F178		enabled:boolean	
PausedScreenblurLoaded	c	GRAPHICS	0xDE81239437E8C5A8			DisableScreenblurFade
PedHasUseScenarioTask	c	TASK	0x295E3CCEC879CCD7	boolean	ped:Ped	
PedSkipNextReloading	c	WEAPON	0x8C0D57EA686FAD87	boolean	ped:Ped	RefillAmmoInstantly
PedToNet	c	NETWORK	0x0EDEC3C276198689	integer	ped:Ped	
PerformHttpRequestInternal	s	CFX	0x8E8CC653	integer	requestData:string,requestDataLength:integer	
PerformHttpRequestInternalEx	s	CFX	0x6B171E87	integer	requestData:table	
PinInteriorInMemory	c	INTERIOR	0x2CA429C029CCF247		interior:integer	
PinRopeVertex	c	PHYSICS	0x2B320CF14146B69A		ropeId:integer,vertex:integer,x:number,y:number,z:number	
PlaceObjectOnGroundOrObjectProperly	c	OBJECT	0xD76EEEF746057FD6	boolean	object:Object	
PlaceObjectOnGroundProperly	c	OBJECT	0x58A850EAEE20FAA3	boolean	object:Object	
PlaceObjectOnGroundProperly_2	c	OBJECT	0xD76EEEF746057FD6	boolean	object:Object	PlaceObjectOnGroundOrObjectProperly
PlayAmbientSpeech1	c	AUDIO	0x8E04FEDD28D42462		ped:Ped,speechName:string,speechParam:string	PlayPedAmbientSpeechNative
PlayAmbientSpeech2	c	AUDIO	0xC6941B4A3A8FBBB9		ped:Ped,speechName:string,speechParam:string	PlayPedAmbientSpeechAndCloneNative
PlayAmbientSpeechAtCoords	c	AUDIO	0xED640017ED337E45		speechName:string,voiceName:string,x:number,y:number,z:number,speechParam:string	PlayAmbientSpeechFromPositionNative
PlayAmbientSpeechFromPositionNative	c	AUDIO	0xED640017ED337E45		speechName:string,voiceName:string,x:number,y:number,z:number,speechParam:string	
PlayAmbientSpeechWithVoice	c	AUDIO	0x3523634255FC3318		ped:Ped,speechName:string,voiceName:string,speechParam:string,p4:boolean	PlayPedAmbientSpeechWithVoiceNative
PlayAnimOnRunningScenario	c	TASK	0x748040460F8DF5DC		ped:Ped,animDict:string,animName:string	
PlayAnimalVocalization	c	AUDIO	0xEE066C7006C49C0A		pedHandle:Ped,animalType:integer,speechName:string	
PlayBinkMovie	c	GRAPHICS	0x70D2CC8A542A973C		binkMovie:integer	
PlayCamAnim	c	CAM	0x9A2D0FB2E7852392	boolean	cam:Cam,animName:string,animDictionary:string,x:number,y:number,z:number,xRot:number,yRot:number,zRot:number,p9:boolean,p10:integer	
PlayDeferredSoundFrontend	c	AUDIO	0xCADA5A0D0702381E		soundName:string,soundsetName:string	
PlayEndCreditsMusic	c	AUDIO	0xCD536C4D33DCC900		bActive:boolean	
PlayEntityAnim	c	ENTITY	0x7FB218262B810701	boolean	entity:Entity,animName:string,animDict:string,fBlendDelta:number,bLoop:boolean,bHoldLastFrame:boolean,bDriveToPose:boolean,fStartPhase:number,iFlags:integer	
PlayEntityScriptedAnim	c	TASK	0x77A1EEC547E7FCF1	integer,integer,integer	p0:any,p4:number,p5:number	
PlayFacialAnim	c	PED	0xE1E65CA8AC9C00ED		ped:Ped,animName:string,animDict:string	
PlayMissionCompleteAudio	c	AUDIO	0xB138AAB8A70D3C69		audioName:string	
PlayPain	c	AUDIO	0xBC9AE166038A5CEC		ped:Ped,damageReason:integer,rawDamage:number	
PlayPedAmbientSpeechAndCloneNative	c	AUDIO	0xC6941B4A3A8FBBB9		ped:Ped,speechName:string,speechParam:string	
PlayPedAmbientSpeechNative	c	AUDIO	0x8E04FEDD28D42462		ped:Ped,speechName:string,speechParam:string	
PlayPedAmbientSpeechWithVoiceNative	c	AUDIO	0x3523634255FC3318		ped:Ped,speechName:string,voiceName:string,speechParam:string,p4:boolean	
PlayPedRingtone	c	AUDIO	0xF9E56683CA8E11A5		ringtoneName:string,ped:Ped,p2:boolean	
PlayPoliceReport	c	AUDIO	0xDFEBD56D9BD1EB16	integer	name:string,p1:number	
PlaySound	c	AUDIO	0x7FF4944CC209192D		soundId:integer,audioName:string,audioRef:string,p3:boolean,p4:any,p5:boolean	
PlaySoundFromCoord	c	AUDIO	0x8D8686B622B88120		soundId:integer,audioName:string,x:number,y:number,z:number,audioRef:string,isNetwork:boolean,range:integer,p8:boolean	
PlaySoundFromEntity	c	AUDIO	0xE65F427EB70AB1ED		soundId:integer,audioName:string,entity:Entity,audioRef:string,isNetwork:boolean,p5:any	
PlaySoundFrontend	c	AUDIO	0x67C540AA08E4A6F5		soundId:integer,audioName:string,audioRef:string,p3:boolean	
PlayStreamFromObject	c	AUDIO	0xEBAA9B64D76356FD		object:Object	
PlayStreamFromPed	c	AUDIO	0x89049DD63C08B5D1		ped:Ped	
PlayStreamFromPosition	c	AUDIO	0x21442F412E8DE56B		x:number,y:number,z:number	
PlayStreamFromVehicle	c	AUDIO	0xB70374A758007DFA		vehicle:Vehicle	
PlayStreamFrontend	c	AUDIO	0x58FCE43488F9F5F4			
PlaySynchronizedAudioEvent	c	AUDIO	0x8B2FD4560E55DD2D	boolean	sceneId:integer	
PlaySynchronizedCamAnim	c	CAM	0xE32EFE9AB4A9AA0C	boolean	camera:Cam,scene:integer,animName:string,animDictionary:string	
PlaySynchronizedEntityAnim	c	ENTITY	0xC77720A12FE14A86	boolean	entity:Entity,syncedScene:integer,animName:string,animDictName:string,fBlendInDelta:number,fBlendOutDelta:number,iFlags:integer,fMoverBlendInDelta:number	
PlaySynchronizedMapEntityAnim	c	ENTITY	0xB9C54555ED30FBC4	boolean	x:number,y:number,z:number,radius:number,objectModelHash:Hash,sceneId:integer,pAnimName:string,pAnimDictName:string,fBlendDelta:number,fBlendOutDelta:number,flags:integer,fMoverBlendInDelta:number	
PlayTennisDiveAnim	c	MISC	0x8FA9C42FC5D7C64B		ped:Ped,p1:integer,p2:number,p3:number,p4:number,p5:boolean	
PlayTennisSwingAnim	c	MISC	0xE266ED23311F24D4		ped:Ped,animDict:string,animName:string,p3:number,p4:number,p5:boolean	
PlayVehicleDoorCloseSound	c	AUDIO	0x62A456AA4769EF34		vehicle:Vehicle,doorIndex:integer	
PlayVehicleDoorOpenSound	c	AUDIO	0x3A539D52857EA82D		vehicle:Vehicle,doorIndex:integer	
PlayerAttachVirtualBound	c	PLAYER	0xED51733DC73AED51		p0:number,p1:number,p2:number,p3:number,p4:number,p5:number,p6:number,p7:number	
PlayerDetachVirtualBound	c	PLAYER	0x1DD5897E2FA6E7C9			
PlayerId	c	PLAYER	0x4F8644AF03D0E0D6	Player		
PlayerPedId	c	PLAYER	0xD80958FC74E988A6	Ped		
PlaystatsAcquiredHiddenPackage	c	STATS	0x79AB33F0FBFAC40C		p0:any	
PlaystatsActivityDone	c	STATS	0xA071E0ED98F91286		p0:any,p1:any	
PlaystatsAmbientMissionCrateCreated	c	STATS	0xAFC7E5E075A96F46		p0:number,p1:number,p2:number	PlaystatsCrateCreated
PlaystatsArcadegame	c	STATS	0x533A7D1EA58DF958		p0:any,p1:any,p2:any,p3:any,p4:any,p5:any	
PlaystatsArenaWarSpectator	c	STATS	0x6F4F599753F8200A		p0:integer,p1:integer,p2:integer,p3:integer,p4:integer	
PlaystatsArenaWarsEnded	c	STATS	0xB479D9F0D48A1BC5	integer	data?:integer	
PlaystatsAwardBadsport	c	STATS	0x47B32F5611E6E483		id:integer	
PlaystatsAwardXp	c	STATS	0x46F917F6B4128FE4		amount:integer,type:Hash,category:Hash	
PlaystatsBackgroundScriptAction	c	STATS	0x5009DFD741329729		action:string,value:integer	
PlaystatsBanAlert	c	STATS	0x516FC96EB88EEFE5		p0:integer	
PlaystatsBuyContraband	c	STATS	0xD6781E42755531F7	integer	data?:integer	
PlaystatsCarclubChallenge	c	STATS	0x1187CB58D7F3BED7		p0:any,p1:any,p2:any,p3:any	
PlaystatsCarclubPoints	c	STATS	0xFF14D6FEEC507BBE		p0:any	
PlaystatsCarclubPrize	c	STATS	0x69C922B677621428		p0:any,p1:any	
PlaystatsCasinoBlackjack	c	STATS	0x3EAE97309727E7AD		p0:any	
PlaystatsCasinoBlackjackLight	c	STATS	0xD5451C7BF151EB6F		p0:any	
PlaystatsCasinoChip	c	STATS	0x0999F3F090EC5012		p0:any	
PlaystatsCasinoInsidetrack	c	STATS	0x049F059625058A86		p0:any	
PlaystatsCasinoInsidetrackLight	c	STATS	0x23A3CBCD50D54E47		p0:any	
PlaystatsCasinoLuckyseven	c	STATS	0x0C432C1435F5E4FA		p0:any	
PlaystatsCasinoMissionEnded	c	STATS	0x1A0D4A6C336B7BC5	integer	data?:integer	
PlaystatsCasinoRoulette	c	STATS	0x95101C443A84E7F1		p0:any	
PlaystatsCasinoRouletteLight	c	STATS	0x6572ABA3DE1197FC		p0:any	
PlaystatsCasinoSlotmachine	c	STATS	0xEF5EC67D392B830A		p0:any	
PlaystatsCasinoSlotmachineLight	c	STATS	0xE60054A0FAE8227F		p0:any	
PlaystatsCasinoStoryMissionEnded	c	STATS	0xFCCCAC2BD3C1F180		p0:any,p1:any	
PlaystatsCasinoThreecardpoker	c	STATS	0xF740FB339D471C35		p0:any	
PlaystatsCasinoThreecardpokerLight	c	STATS	0xC9001364B4388F22		p0:any	
PlaystatsChangeMcEmblem	c	STATS	0x0A50D2604E05CB94		p0:any,p1:any,p2:any,p3:any,p4:any	
PlaystatsCheatApplied	c	STATS	0x6058665D72302D3F		cheat:string	
PlaystatsClothChange	c	STATS	0x34B973047A2268B9		p0:any,p1:any,p2:any,p3:any,p4:any	
PlaystatsCollectible	c	STATS	0xCD0A8A9338681CF2		p0:any,p1:any,p2:any,p3:any,p4:any,p5:any,p6:any,p7:any,p8:any,p9:any	
PlaystatsCopyRankIntoNewSlot	c	STATS	0xB7257BA2550EA10A		p0:any,p1:any,p2:any,p3:any,p4:any,p5:any,p6:any	
PlaystatsCrateCreated	c	STATS	0xAFC7E5E075A96F46		p0:number,p1:number,p2:number	
PlaystatsCrateCreatedMissionDone	c	STATS	0xAFC7E5E075A96F46		p0:number,p1:number,p2:number	PlaystatsCrateCreated
PlaystatsCrateDrop	c	STATS	0x1CAE5D2E3F9A07F0		p0:any,p1:any,p2:any,p3:any,p4:any,p5:any	PlaystatsCrateDropMissionDone
PlaystatsCrateDropMissionDone	c	STATS	0x1CAE5D2E3F9A07F0		p0:any,p1:any,p2:any,p3:any,p4:any,p5:any	
PlaystatsDarMissionEnd	c	STATS	0x0BC254FF3A911501	integer	data?:integer	
PlaystatsDefendContraband	c	STATS	0x2605663BD4F23B5D	integer	data?:integer	
PlaystatsDirectorMode	c	STATS	0x46326E13DA4E0546	integer	p0?:integer	
PlaystatsDroneUsage	c	STATS	0x66C7BB2416ED3FCE		p0:integer,p1:integer,p2:integer	
PlaystatsDupeDetection	c	STATS	0x848B66100EE33B05	integer	data?:integer	
PlaystatsEarnedMcPoints	c	STATS	0x501478855A6074CE		p0:any,p1:any,p2:any,p3:any,p4:any,p5:any	
PlaystatsEnterSessionPack	c	STATS	0x878FF156D36E9956	integer	data?:integer	
PlaystatsExtraEvent	c	STATS	0xFA5B74BAB8A7EF99		p0:any	
PlaystatsFriendActivity	c	STATS	0x0F71DE29AB2258F1		p0:any,p1:any	
PlaystatsGunrunMissionEnded	c	STATS	0x0EACDF8487D5155A	integer	data?:integer	
PlaystatsH2FmprepEnd	c	STATS	0xD8AFB345A9C5CCBB	integer	data?:integer	
PlaystatsH2InstanceEnd	c	STATS	0x1E1497D0D2108115	integer	p1:any,p2:any,p3:any	
PlaystatsHeistSaveCheat	c	STATS	0xF4FF020A08BC8863		hash:Hash,p1:integer	
PlaystatsHoldUp	c	STATS	0xCB00196B31C39EB1		p0:any,p1:any,p2:any,p3:any	PlaystatsHoldUpMissionDone
PlaystatsHoldUpMissionDone	c	STATS	0xCB00196B31C39EB1		p0:any,p1:any,p2:any,p3:any	
PlaystatsIdleKick	c	STATS	0x5DA3A8DE8CB6226F		time:integer	
PlaystatsImpExp	c	STATS	0x2B69F5074C894811		p0:any,p1:any,p2:any,p3:any	PlaystatsImportExportMissionDone
PlaystatsImportExportMissionDone	c	STATS	0x2B69F5074C894811		p0:any,p1:any,p2:any,p3:any	
PlaystatsInventory	c	STATS	0x887DAD63CF5B7908		p0:any	
PlaystatsJobBend	c	STATS	0xF5BB8DAC426A52C0	integer,integer,integer,integer		
PlaystatsLeaveJobChain	c	STATS	0xC5BE134EC7BA96A0		p0:any,p1:any,p2:any,p3:any,p4:any	
PlaystatsMatchStarted	c	STATS	0xBC80E22DED931E3D		p0:any,p1:any,p2:any,p3:any,p4:any,p5:any,p6:any	
PlaystatsMissionCheckpoint	c	STATS	0xC900596A63978C1D	integer	p1:any,p2:any,p3:any	
PlaystatsMissionOver	c	STATS	0x7C4BB33A8CED7324	integer	p1:any,p2:any,p3:boolean,p4:boolean,p5:boolean	
PlaystatsMissionStarted	c	STATS	0xC19A2925C34D2231	integer	p1:any,p2:any,p3:boolean	
PlaystatsNpcInvite	c	STATS	0x93054C88E6AA7C44	integer	p0?:integer	
PlaystatsOddjobDone	c	STATS	0x69DEA3E9DB727B4C		p0:any,p1:any,p2:any	
PlaystatsPassiveMode	c	STATS	0x35EEC6C2BC821A71		p0:boolean,p1:integer,p2:integer,p3:integer	
PlaystatsPegasaircraft	c	STATS	0x9572BD4DD6B72122		modelHash:Hash	
PlaystatsPiMenuHideSettings	c	STATS	0x203B381133817079	integer	data?:integer	
PlaystatsPropChange	c	STATS	0xBA739D6D5A05D6E7		p0:any,p1:any,p2:any,p3:any	
PlaystatsQuickfixTool	c	STATS	0x90D0622866E80445		element:integer,item:string	
PlaystatsRaceCheckpoint	c	STATS	0x9C375C315099DDE4		p0:any,p1:any,p2:any,p3:any,p4:any	
PlaystatsRaceToPoint	c	STATS	0xADDD1C754E2E2914		p0:any,p1:any,p2:any,p3:any,p4:any,p5:any,p6:any,p7:any,p8:any,p9:any	PlaystatsRaceToPointMissionDone
PlaystatsRaceToPointMissionDone	c	STATS	0xADDD1C754E2E2914		p0:any,p1:any,p2:any,p3:any,p4:any,p5:any,p6:any,p7:any,p8:any,p9:any	
PlaystatsRandomMissionDone	c	STATS	0x71862B1D855F32E1		name:string,p1:any,p2:any,p3:any	
PlaystatsRankUp	c	STATS	0xC7F2DE41D102BFB4		rank:integer	
PlaystatsRecoverContraband	c	STATS	0x04D90BA8207ADA2D	integer	data?:integer	
PlaystatsRobberyFinale	c	STATS	0xBBA55BE9AAAABF44		p0:any	
PlaystatsRobberyPrep	c	STATS	0x1A67DFBF1F5C3835		p0:any	
PlaystatsRosBet	c	STATS	0x121FB4DDDC2D5291		amount:integer,act:integer,player:Player,cm:number	
PlaystatsSellContraband	c	STATS	0xC729991A9065376E	integer	data?:integer	
PlaystatsSetJoinType	c	STATS	0xD1032E482629049E		joinType:integer	
PlaystatsShopItem	c	STATS	0x176852ACAAC173D1		p0:any,p1:any,p2:any,p3:any,p4:any	
PlaystatsSmugMissionEnded	c	STATS	0x320C35147D5B5DDD	integer	data?:integer	
PlaystatsSpectatorWheelSpin	c	STATS	0x6731DE84A38BFAD0		p0:integer,p1:integer,p2:integer,p3:integer	
PlaystatsSpentPiCustomLoadout	c	STATS	0xBE509B0A3693DE8B		amount:integer	
PlaystatsStartOfflineMode	c	STATS	0x098760C7461724CD			
PlaystatsStartTrackingStunts	c	STATS	0x928DBFB892638EF3			
PlaystatsStoneHatchetEnd	c	STATS	0x35E39E5570358630	integer	data?:integer	
PlaystatsStopTrackingStunts	c	STATS	0x8A800DACCC0DA55D			
PlaystatsStuntPerformedEventAllowTrigger	c	STATS	0x928DBFB892638EF3			PlaystatsStartTrackingStunts
PlaystatsStuntPerformedEventDisallowTrigger	c	STATS	0x8A800DACCC0DA55D			PlaystatsStopTrackingStunts
PlaystatsWeaponModeChange	c	STATS	0xE95C8A1875A02CA4		weaponHash:Hash,componentHashTo:Hash,componentHashFrom:Hash	
PlaystatsWebsiteVisited	c	STATS	0xDDF24D535060F811		scaleformHash:Hash,p1:integer	
PointCamAtCoord	c	CAM	0xF75497BB865F0803		cam:Cam,x:number,y:number,z:number	
PointCamAtEntity	c	CAM	0x5640BFF86B16E8DC		cam:Cam,entity:Entity,offsetX:number,offsetY:number,offsetZ:number,p5:boolean	
PointCamAtPedBone	c	CAM	0x68B2B5F33BA63C41		cam:Cam,ped:Ped,boneIndex:integer,x:number,y:number,z:number,p6:boolean	
PopOutVehicleWindscreen	c	VEHICLE	0x6D645D59FB5F5AD3		vehicle:Vehicle	
PopScaleformMovieFunction	c	GRAPHICS	0xC50AA39A577AF886	integer		EndScaleformMovieMethodReturnValue
PopScaleformMovieFunctionVoid	c	GRAPHICS	0xC6796A8FFA375E53			EndScaleformMovieMethod
PopTimecycleModifier	c	GRAPHICS	0x3C8938D7D872211E			
PopulateNow	c	MISC	0x7472BB270D7B4F3E			
Pow	c	SYSTEM	0xE3621CC40F31FE2E	number	base:number,exponent:number	
PrefetchSrl	c	STREAMING	0x3D245789CE12982C		srl:string	
PreloadBusyspinner	c	HUD	0xC65AB383CD91DF98			
PreloadCloudHat	c	MISC	0x11B56FBBF7224868		name:string	
PreloadScriptConversation	c	AUDIO	0x3B3CAD6166916D87		displaySubtitles:boolean,addToBriefScreen:boolean,cloneConversation:boolean,interruptible:boolean	
PreloadScriptPhoneConversation	c	AUDIO	0x6004BCB0E226AAEA		displaySubtitles:boolean,addToBriefScreen:boolean	
PreloadVehicleAudio	c	AUDIO	0xCA4CEA6AE0000A7E		model:Hash	PreloadVehicleAudioBank
PreloadVehicleAudioBank	c	AUDIO	0xCA4CEA6AE0000A7E		model:Hash	
PreloadVehicleMod	c	VEHICLE	0x758F49C24925568A		p0:any,modType:integer,p2:any	
PrepareAlarm	c	AUDIO	0x9D74AE343DB65533	boolean	alarmName:string	
PrepareLight	c	CFX	0x584B4C99		lightType:integer,flags:integer,x:number,y:number,z:number,r:integer,g:integer,b:integer,intensity:number	
PrepareMusicEvent	c	AUDIO	0x1E5185B72EF5158A	boolean	eventName:string	
PrepareSynchronizedAudioEvent	c	AUDIO	0xC7ABCACA4985A766	boolean	audioEvent:string,startOffsetMs:integer	
PrepareSynchronizedAudioEventForScene	c	AUDIO	0x029FE7CD1B7E2E75	boolean	sceneId:integer,audioEvent:string	
PresenceEventUpdatestatFloat	c	STATS	0x30A6614C1F7799B8		statHash:Hash,value:number,p2:integer	
PresenceEventUpdatestatInt	c	STATS	0x11FF1C80276097ED		statHash:Hash,value:integer,p2:integer	
PresetInteriorAmbientCache	c	GRAPHICS	0xD7021272EB0A451E		timecycleModifierName:string	
PreventCollectionOfPortablePickup	c	OBJECT	0x92AEFB5F6E294023		object:Object,p1:boolean,p2:boolean	
PrintStructuredTrace	s	CFX	0x90892DED		jsonString:string	
ProcessCashGift	c	MONEY	0x20194D48EAEC9A41	string,integer,integer	p2:string	
ProcessEntityAttachments	c	ENTITY	0xF4080490ADC51C6F		entity:Entity	
ProfilerEnterScope	b	CFX	0xC795A4A9		scopeName:string	
ProfilerExitScope	b	CFX	0xB39CA35C			
ProfilerIsRecording	b	CFX	0xF8B7D7BB	boolean		
PulseBlip	c	HUD	0x742D6FD43115AF73		blip:Blip	
PushScaleformMovieFunction	c	GRAPHICS	0xF6E48914C7A8694E	boolean	scaleform:integer,methodName:string	BeginScaleformMovieMethod
PushScaleformMovieFunctionFromHudComponent	c	GRAPHICS	0x98C494FD5BDFBFD5	boolean	hudComponent:integer,methodName:string	BeginScaleformScriptHudMovieMethod
PushScaleformMovieFunctionN	c	GRAPHICS	0xAB58C27C2E6123C6	boolean	functionName:string	BeginScaleformMovieMethodOnFrontend
PushScaleformMovieFunctionParameterBool	c	GRAPHICS	0xC58424BA936EB458		value:boolean	ScaleformMovieMethodAddParamBool
PushScaleformMovieFunctionParameterFloat	c	GRAPHICS	0xD69736AAE04DB51A		value:number	ScaleformMovieMethodAddParamFloat
PushScaleformMovieFunctionParameterInt	c	GRAPHICS	0xC3D0841A0CC546A6		value:integer	ScaleformMovieMethodAddParamInt
PushScaleformMovieFunctionParameterString	c	GRAPHICS	0xBA7148484BD90365		string:string	ScaleformMovieMethodAddParamTextureNameString
PushScaleformMovieMethodParameterBool	c	GRAPHICS	0xC58424BA936EB458		value:boolean	ScaleformMovieMethodAddParamBool
PushScaleformMovieMethodParameterButtonName	c	GRAPHICS	0xE83A3E3557A56640		string:string	ScaleformMovieMethodAddParamPlayerNameString
PushScaleformMovieMethodParameterFloat	c	GRAPHICS	0xD69736AAE04DB51A		value:number	ScaleformMovieMethodAddParamFloat
PushScaleformMovieMethodParameterInt	c	GRAPHICS	0xC3D0841A0CC546A6		value:integer	ScaleformMovieMethodAddParamInt
PushScaleformMovieMethodParameterString	c	GRAPHICS	0xBA7148484BD90365		string:string	ScaleformMovieMethodAddParamTextureNameString
PushScaleformMovieMethodParameterString_2	c	GRAPHICS	0x77FE3402004CD1B0		string:string	ScaleformMovieMethodAddParamLiteralString
PushTimecycleModifier	c	GRAPHICS	0x58F735290861E6B4			
QueryMovieMeshSetState	c	GRAPHICS	0x9B6E70C5CEEF4EEB	any	p0:any	
QueueMissionRepeatLoad	c	MISC	0x72DE52178C291CB5	boolean		
QueueMissionRepeatSave	c	MISC	0x44A0BDC559B35F6E	boolean		
QueueOperationToCreateSortedListOfPhotos	c	GRAPHICS	0x2A893980E96B659A	boolean	scanForSaving:boolean	
QuitGame	c	MISC	0xEB6891F03362FB12			
RaceGalleryAddBlip	c	HUD	0x551DF99658DB6EE8	any	x:number,y:number,z:number	
RaceGalleryFullscreen	c	HUD	0x5354C5BA2EA868A4		toggle:boolean	
RaceGalleryNextBlipSprite	c	HUD	0x1EAE6DD17B7A5EFA		spriteId:integer	
RaiseConvertibleRoof	c	VEHICLE	0x8F5FB35D7E88FC70		vehicle:Vehicle,instantlyRaise:boolean	
RaiseLowerableWheels	c	VEHICLE	0xF660602546D27BA8		vehicle:Vehicle	RaiseRetractableWheels
RaiseRetractableWheels	c	VEHICLE	0xF660602546D27BA8		vehicle:Vehicle	
RecordBrokenGlass	c	AUDIO	0xFBE20329593DEC9D		x:number,y:number,z:number,radius:number	
RecorderStartRecording	s	CFX	0xA966E104		netId:integer,compressed:boolean,fileName:string	
RecorderStartReplay	s	CFX	0xACD27A01	integer	fileName:string,mode:integer	
RecorderStopRecording	s	CFX	0xA124422F		netId:integer	
RecorderStopReplay	s	CFX	0x31A548AC		replayId:integer	
RefillAmmoInstantly	c	WEAPON	0x8C0D57EA686FAD87	boolean	ped:Ped	
RefreshClosestOceanShoreline	c	AUDIO	0x5D2BFAAB8D956E0E			
RefreshInterior	c	INTERIOR	0x41F37C3427C75AE0		interiorID:integer	
RefreshPlayerListStats	c	NETWORK	0xE26CCFF8094D8C74	boolean	p0:integer	
RefreshWaypoint	c	HUD	0x81FA173F170560D1			
RegisterArchetypes	c	CFX	0x3C2F9037		factory:function	
RegisterBoolToSave	c	MISC	0xC8F4131414C835A1	integer	name:string	
RegisterCommand	b	CFX	0x5FA79B0F		commandName:string,handler:function,restricted:boolean	
RegisterConsoleListener	s	CFX	0x281B5448		listener:function	
RegisterEntityForCutscene	c	CUTSCENE	0xE40C1C56DF95C2E8		cutsceneEntity:Entity,cutsceneEntName:string,p2:integer,modelHash:Hash,p4:integer	
RegisterEnumToSave	c	MISC	0x10C2FA78D0E128A1	integer	name:string	
RegisterFloatToSave	c	MISC	0x7CAEC29ECB5DFEBB	integer	name:string	
RegisterFontFile	c	CFX	0x1B3A363		fileName:string	
RegisterFontId	c	CFX	0xACF6D8EE	integer	fontName:string	
RegisterHatedTargetsAroundPed	c	PED	0x9222F300BF8354FE		ped:Ped,radius:number	
RegisterInt64ToSave	c	MISC	0xA735353C77334EA0	integer	name:string	
RegisterIntToSave	c	MISC	0x34C9EE5986258415	integer	name:string	
RegisterKeyMapping	c	CFX	0xD7664FD1		commandString:string,description:string,defaultMapper:string,defaultParameter:string	
RegisterNamedRendertarget	c	HUD	0x57D9C12635E25CE3	boolean	name:string,p1:boolean	
RegisterNoirScreenEffectThisFrame	c	GRAPHICS	0xA44FF770DFBC5DAE			
RegisterNuiCallback	c	CFX	0xC59B980C		callbackType:string,callback:function	
RegisterNuiCallbackType	c	CFX	0xCD03CDA9		callbackType:string	
RegisterObjectScriptBrain	c	BRAIN	0x0BE84C318BA6EC22		scriptName:string,modelHash:Hash,p2:integer,activationRange:number,p4:integer,p5:integer	
RegisterPedheadshot	c	PED	0x4462658788425076	integer	ped:Ped	
RegisterPedheadshotTransparent	c	PED	0x953563CE563143AF	integer	ped:Ped	
RegisterPedheadshot_3	c	PED	0xBA8805A1108A2515	integer	ped:Ped	
RegisterRawKeymap	c	CFX	0x49C1F6DC		keymapName:string,onKeyDown:function,onKeyUp:function,rawKeyIndex:integer,canBeDisabled:boolean	
RegisterRawNuiCallback	c	CFX	0xA8AE9C2F		callbackType:string,callback:function	
RegisterResourceAsEventHandler	b	CFX	0xD233A168		eventName:string	
RegisterResourceAsset	s	CFX	0x9862B266	string	resourceName:string,fileName:string	
RegisterResourceBuildTaskFactory	s	CFX	0x285B43CA		factoryId:string,factoryFn:function	
RegisterRopeData	c	CFX	0xF213AE8D	integer	numSections:integer,radius:number,diffuseTextureName:string,normalMapName:string,distanceMappingScale:number,uvScaleX:number,uvScaleY:number,specularFresnel:number,specularFalloff:number,specularIntensity:number,bumpiness:number,color:integer	
RegisterSaveHouse	c	MISC	0xC0714D0A7EEECA54	any,integer	p0:number,p1:number,p2:number,p3:number,p5:any,p6:any	
RegisterScriptWithAudio	c	AUDIO	0xC6ED9D5092438D91		inChargeOfAudio:boolean	
RegisterStreamingFileFromCache	c	CFX	0xCEAD2D4B		resourceName:string,fileName:string,cacheString:string	
RegisterStreamingFileFromKvs	c	CFX	0x1493DCC1		kvsKey:string	
RegisterStreamingFileFromUrl	c	CFX	0xF44BFB95		registerAs:string,url:string	
RegisterSynchronisedScriptSpeech	c	CUTSCENE	0x2131046957F31B04			
RegisterTarget	c	PED	0x2F25D9AEFA34FBA2		ped:Ped,target:Ped	
RegisterTextLabelToSave	c	MISC	0xEDB1232C5BEAE62F	integer	name:string	
RegisterTextLabelToSave_2	c	MISC	0x6F7794F28C6B2535	integer	name:string	
RegisterTrackJunction	c	CFX	0x35F743B5	integer	trackIndex:integer,trackNode:integer,newIndex:integer,newNode:integer,direction:boolean	
RegisterWorldPointScriptBrain	c	BRAIN	0x3CDC7136613284BD		scriptName:string,activationRange:number,p2:integer	
ReleaseAllCommerceItemImages	c	NETWORK	0x72D0706CD6CCDB58			
ReleaseAmbientAudioBank	c	AUDIO	0x65475A218FFAA93D			
ReleaseBinkMovie	c	GRAPHICS	0x04D950EEFA4EED8C		binkMovie:integer	
ReleaseControlOfFrontend	c	HUD	0x14621BB1DF14E2B2			
ReleaseMissionAudioBank	c	AUDIO	0x0EC92A1BF0857187			
ReleaseMovieMeshSet	c	GRAPHICS	0xEB119AA014E89183		movieMeshSet:integer	
ReleaseNamedRendertarget	c	HUD	0xE9F6FFE837354DD4	boolean	name:string	
ReleaseNamedScriptAudioBank	c	AUDIO	0x77ED170667F50170		audioBank:string	
ReleasePedPreloadPropData	c	PED	0xF79F9DEF0AADE61A		ped:Ped	
ReleasePedPreloadVariationData	c	PED	0x5AAB586FFEC0FD96		ped:Ped	
ReleasePedheadshotImgUpload	c	PED	0x5D517B27CF6ECD04		id:integer	
ReleasePreloadMods	c	VEHICLE	0x445D79F995508307		vehicle:Vehicle	
ReleaseScriptAudioBank	c	AUDIO	0x7A2D8AD0A9EB9C3F			
ReleaseScriptGuidFromEntity	c	SHAPETEST	0x2B3334BCA57CD799		entity:Entity	
ReleaseSoundId	c	AUDIO	0x353FC880830B88FA		soundId:integer	
ReleaseWeaponAudio	c	AUDIO	0xCE4AC0439F607045			
ReloadMapMenu	c	HUD	0x2916A928514C9827			
RemoteCheatDetected	c	NETWORK	0x472841A026D26D8B	boolean		
RemoveActionModeAsset	c	PED	0x13E940F88470FA51		asset:string	
RemoveAirDefenseZone	c	WEAPON	0x0ABF535877897560	boolean	zoneId:integer	
RemoveAllAirDefenseZones	c	WEAPON	0x1E45B34ADEBEE48E			
RemoveAllCoverBlockingAreas	c	TASK	0xDB6708C0B46F56D8			
RemoveAllPedWeapons	b	WEAPON	0xF25DF915FA38C5F3		ped:Ped,p1:boolean	
RemoveAllPickupsOfType	c	OBJECT	0x27F9D613092159CF		pickupHash:Hash	
RemoveAllProjectilesOfType	c	WEAPON	0xFC52E0F37E446528		weaponHash:Hash,explode:boolean	
RemoveAllShockingEvents	c	EVENT	0xEAABE8FDFA21274C		p0:boolean	
RemoveAllStickyBombsFromEntity	c	NETWORK	0x715135F4B82AC90D		entity:Entity	
RemoveAnimDict	c	STREAMING	0xF66A602F829E2A06		animDict:string	
RemoveAnimSet	c	STREAMING	0x16350528F93024B3		animSet:string	
RemoveBlip	b	HUD	0x86A652570E5F25DD	Blip	blip:Blip	
RemoveClipSet	c	STREAMING	0x01F73A131C18CD94		clipSet:string	
RemoveConvarChangeListener	b	CFX	0xEAC49841		cookie:integer	
RemoveCoverPoint	c	TASK	0xAE287C923D891715		coverpoint:ScrHandle	
RemoveCurrentRise	c	WATER	0xB1252E3E59A82AAF		p0:integer	
RemoveCutFile	c	CUTSCENE	0xD00D76A7DFC9D852		cutsceneName:string	
RemoveCutscene	c	CUTSCENE	0x440AF51A3462B86F			
RemoveDecal	c	GRAPHICS	0xED3F346429CCD659		decal:integer	
RemoveDecalsFromObject	c	GRAPHICS	0xCCF71CBDDF5B6CB9		obj:Object	
RemoveDecalsFromObjectFacing	c	GRAPHICS	0xA6F6F70FDC6D144C		obj:Object,x:number,y:number,z:number	
RemoveDecalsFromVehicle	c	GRAPHICS	0xE91F1B65F2B48D57		vehicle:Vehicle	
RemoveDecalsInRange	c	GRAPHICS	0x5D6B2D4830A67C62		x:number,y:number,z:number,range:number	
RemoveDispatchSpawnBlockingArea	c	MISC	0x264AC28B01B353A5		p0:any	
RemoveDoorFromSystem	c	OBJECT	0x464D8E1427156FE4		doorHash:Hash	
RemoveDryVolume	c	CFX	0x7BCAA6E7		handle:integer	
RemoveEntityFromAudioMixGroup	c	AUDIO	0x18EB48CFC41F2EA0		entity:Entity,fadeOut:number	
RemoveForcedObject	c	ENTITY	0x61B6775E83C0DB6F		p0:any,p1:any,p2:any,p3:any,p4:any	
RemoveFromItemset	c	ITEMSET	0x25E68244B0177686		p0:any,p1:any	
RemoveGroup	c	PED	0x8EB2F69076AF7053		groupId:integer	
RemoveHealthConfig	c	CFX	0xE0ED5FB		configName:string	
RemoveIpl	c	STREAMING	0xEE6C5AD3ECE0A82D		iplName:string	
RemoveLoadingPrompt	c	HUD	0x10D373323E5B9C0D			BusyspinnerOff
RemoveModelFromCreatorBudget	c	STREAMING	0xF086AD9354FAC3A3		modelHash:Hash	
RemoveModelHide	c	ENTITY	0xD9E3006FB3CBD765		x:number,y:number,z:number,radius:number,model:Hash,lazy:boolean	
RemoveModelSwap	c	ENTITY	0x033C0F9A64E229AE		x:number,y:number,z:number,radius:number,oldModelHash:Hash,newModelHash:Hash,bLazy:boolean	
RemoveMpGamerTag	c	HUD	0x31698AA80E0223F8		gamerTagId:integer	
RemoveMultiplayerBankCash	c	HUD	0xC7C6789AA1CFEDD0			
RemoveMultiplayerHudCash	c	HUD	0x968F270E39141ECA			
RemoveMultiplayerWalletCash	c	HUD	0x95CF81BD06EE1887			
RemoveNamedPtfxAsset	c	STREAMING	0x5F61EBBE1A00F96D		fxName:string	
RemoveNavmeshBlockingObject	c	PATHFIND	0x46399A7895957C0E		p0:any	
RemoveNavmeshRequiredRegions	c	PATHFIND	0x916F0A3CDEC3445E			
RemoveNotification	c	HUD	0xBE4390CB40B3E627		notificationId:integer	ThefeedRemoveItem
RemoveObjectHighDetailModel	c	OBJECT	0x4A39DB43E47CF3AA		object:Object	
RemoveParticleFx	c	GRAPHICS	0xC401503DFE8D53CF		ptfxHandle:integer,p1:boolean	
RemoveParticleFxFromEntity	c	GRAPHICS	0xB8FEAEEBCC127425		entity:Entity	
RemoveParticleFxInRange	c	GRAPHICS	0xDD19FA1C6D657305		X:number,Y:number,Z:number,radius:number	
RemovePedDefensiveArea	c	PED	0x74D4E028107450A9		ped:Ped,toggle:boolean	
RemovePedElegantly	c	PED	0xAC6D445B994DF95E	Ped	ped:Ped	
RemovePedFromGroup	c	PED	0xED74007FFB146BC2		ped:Ped	
RemovePedHelmet	c	PED	0xA7B2458D0AD6DED8		ped:Ped,instantly:boolean	
RemovePedPreferredCoverSet	c	PED	0xFDDB234CF74073D9		ped:Ped	
RemovePedScubaGearNow	c	PED	0xB50EB4CCB29704AC		ped:Ped	ClearPedScubaGearVariation
RemovePickUpRopeForCargobob	c	VEHICLE	0x9768CF648F54C804		cargobob:Vehicle	
RemovePickup	c	OBJECT	0x3288D8ACAECD2AB2		pickup:Pickup	
RemovePlayerHelmet	c	PLAYER	0xF3AC26D3CC576528		player:Player,p2:boolean	
RemovePopMultiplierArea	c	MISC	0xB129E447A2EDA4BF		id:integer,p1:boolean	
RemovePopMultiplierSphere	c	MISC	0xE6869BECDD8F2403		id:integer,p1:boolean	
RemovePortalSettingsOverride	c	AUDIO	0xB4BBFD9CD8B3922B		portalSettingsName:string	
RemovePtfxAsset	c	STREAMING	0x88C6814073DD4A73			
RemoveRelationshipGroup	c	PED	0xB6BA2444AB393DA2		groupHash:Hash	
RemoveReplaceTexture	c	CFX	0xA896B20A		origTxd:string,origTxn:string	
RemoveRoadNodeSpeedZone	c	VEHICLE	0x1033371FC8E842A7	boolean	speedzone:integer	
RemoveScaleformScriptHudMovie	c	GRAPHICS	0xF44A5456AC3F4F97		hudComponent:integer	
RemoveScenarioBlockingArea	c	PED	0x31D16B74C6E29D66		scenarioBlockingIndex:integer,bNetwork:boolean	
RemoveScenarioBlockingAreas	c	PED	0xD37401D78A929A49			
RemoveScriptFire	c	FIRE	0x7FF548385680673F		fireHandle:FireId	
RemoveShockingEvent	c	EVENT	0x2CDA538C44C6CCE5	boolean	event:ScrHandle	
RemoveShockingEventSpawnBlockingAreas	c	EVENT	0x340F1415B68AEADE			
RemoveSpeedZone	c	VEHICLE	0x1033371FC8E842A7	boolean	speedzone:integer	RemoveRoadNodeSpeedZone
RemoveStateBagChangeHandler	b	CFX	0xD36BE661		cookie:integer	
RemoveStealthKill	c	MISC	0xA6A12939F16D85BE		hash:Hash,p1:boolean	
RemoveStealthModeAsset	c	PED	0x9219857D21F0E842		asset:string	
RemoveTcmodifierOverride	c	GRAPHICS	0x15E33297C3E8DC60		p0:string	
RemoveTimecycleModifier	c	CFX	0x36DF8612		modifierName:string	
RemoveTimecycleModifierVar	c	CFX	0x5A5E0D05		modifierName:string,varName:string	
RemoveTrackJunction	c	CFX	0x4F3D2B2A	boolean	junctionIndex:integer	
RemoveVehicleAsset	c	VEHICLE	0xACE699C71AB9DEB5		vehicleAsset:integer	
RemoveVehicleCombatAvoidanceArea	c	VEHICLE	0xE30524E1871F481D		p0:any	
RemoveVehicleCrewEmblem	c	GRAPHICS	0xD2300034310557E4		vehicle:Vehicle,p1:integer	
RemoveVehicleHighDetailModel	c	VEHICLE	0x00689CDE5F7C6787		vehicle:Vehicle	
RemoveVehicleMod	c	VEHICLE	0x92D619E420858204		vehicle:Vehicle,modType:integer	
RemoveVehicleRecording	c	VEHICLE	0xF1160ACCF98A3FC8		recording:integer,script:string	
RemoveVehicleShadowEffect	c	VEHICLE	0xF87D9F2301F7D206		vehicle:Vehicle	
RemoveVehicleStuckCheck	c	VEHICLE	0x8386BFB614D06749		vehicle:Vehicle	
RemoveVehicleUpsidedownCheck	c	VEHICLE	0xC53EB42A499A7E90		vehicle:Vehicle	
RemoveVehicleWindow	c	VEHICLE	0xA711568EEDB43069		vehicle:Vehicle,windowIndex:integer	
RemoveVehiclesFromGeneratorsInArea	c	VEHICLE	0x46A1E1A299EC4BBA		x1:number,y1:number,z1:number,x2:number,y2:number,z2:number,unk:any	
RemoveWarningMessageListItems	c	HUD	0x6EF54AB721DC6242			
RemoveWaypointRecording	c	TASK	0xFF1B8B4AA1C25DC8		name:string	
RemoveWeaponAsset	c	WEAPON	0xAA08EF13F341C8FC		weaponHash:Hash	
RemoveWeaponComponentFromPed	b	WEAPON	0x1E8BE90C74FB4C09		ped:Ped,weaponHash:Hash,componentHash:Hash	
RemoveWeaponComponentFromWeaponObject	c	WEAPON	0xF7D82B0D66777611		weaponObject:Object,addonHash:Hash	
RemoveWeaponFromPed	b	WEAPON	0x4899CB088EDF59B8		ped:Ped,weaponHash:Hash	
RenderFakePickupGlow	c	OBJECT	0x3430676B11CDF21D		x:number,y:number,z:number,colorIndex:integer	
RenderFirstPersonCam	c	CAM	0xC819F3CBB62BF692		bShouldApplyAcrossAllThreads:boolean,distanceToBlend:number,blendType:integer	StopRenderingScriptCamsUsingCatchUp
RenderScriptCams	c	CAM	0x07E5B515DB0636FC		render:boolean,ease:boolean,easeTime:integer,easeCoordsAnim:boolean,p4:boolean	
ReplaceHudColour	c	HUD	0x1CCC708F0F850613		hudColorIndex:integer,hudColorIndex2:integer	
ReplaceHudColourWithRgba	c	HUD	0xF314CF4F0211894E		hudColorIndex:integer,r:integer,g:integer,b:integer,a:integer	
ReplayFreeCamGetMaxRange	c	CAM	0x8BFCEB5EA1B161B6	number		
ReportCrime	c	PLAYER	0xE9B09589827545E7		player:Player,crimeType:integer,wantedLvlThresh:integer	
ReportPoliceSpottedPlayer	c	PLAYER	0xDC64D2C53493ED12		player:Player	
RequestActionModeAsset	c	PED	0x290E2780BB7AA598		asset:string	
RequestAdditionalCollisionAtCoord	c	STREAMING	0xC9156DC11411A9EA		x:number,y:number,z:number	
RequestAdditionalText	c	HUD	0x71A78003C8E71424		gxt:string,slot:integer	
RequestAdditionalTextForDlc	c	HUD	0x6009F9F1AE90D8A6		gxt:string,slot:integer	
RequestAdditionalText_2	c	HUD	0x6009F9F1AE90D8A6		gxt:string,slot:integer	RequestAdditionalTextForDlc
RequestAmbientAudioBank	c	AUDIO	0xFE02FFBED8CA9D99	boolean	bankName:string,bOverNetwork:boolean	
RequestAnimDict	c	STREAMING	0xD3BD40951412FEF6		animDict:string	
RequestAnimSet	c	STREAMING	0x6EA47DAE7FAD0EED		animSet:string	
RequestClipSet	c	STREAMING	0xD2A71E1A77418A49		clipSet:string	
RequestCollisionAtCoord	c	STREAMING	0x07503F7948F491A7		x:number,y:number,z:number	
RequestCollisionForModel	c	STREAMING	0x923CB32A3B874FCB		model:Hash	
RequestCommerceItemImage	c	NETWORK	0xA2F952104FC6DD4B	boolean	index:integer	
RequestCutFile	c	CUTSCENE	0x06A3524161C502BA		cutsceneName:string	
RequestCutscene	c	CUTSCENE	0x7A86743F475D9E09		cutsceneName:string,flags:integer	
RequestCutsceneEx	c	CUTSCENE	0xC23DE0E91C30B58C		cutsceneName:string,playbackFlags:integer,flags:integer	RequestCutsceneWithPlaybackList
RequestCutsceneWithPlaybackList	c	CUTSCENE	0xC23DE0E91C30B58C		cutsceneName:string,playbackFlags:integer,flags:integer	
RequestHudScaleform	c	GRAPHICS	0x9304881D6F6537EA		hudComponent:integer	RequestScaleformScriptHudMovie
RequestInteriorRoomByName	c	STREAMING	0x8A7A40100EDFEC58		interior:integer,roomName:string	RequestModelsInRoom
RequestIpl	c	STREAMING	0x41B4893843BBDB74		iplName:string	
RequestMenuPedModel	c	STREAMING	0xA0261AEF7ACFC51E		model:Hash	
RequestMissionAudioBank	c	AUDIO	0x7345BDD95E62E0F2	boolean	bankName:string,bOverNetwork:boolean	
RequestModel	c	STREAMING	0x963D27A58DF860AC		model:Hash	
RequestModelsInRoom	c	STREAMING	0x8A7A40100EDFEC58		interior:integer,roomName:string	
RequestNamedPtfxAsset	c	STREAMING	0xB80D8756B4668AB6		fxName:string	
RequestPathsPreferAccurateBoundingstruct	c	PATHFIND	0x07FB139B592FA687	boolean	x1:number,y1:number,x2:number,y2:number	
RequestPedVehicleVisibilityTracking	c	PED	0x2BC338A7B21F4608		ped:Ped,p1:boolean	
RequestPedVisibilityTracking	c	PED	0x7D7A2E43E74E2EB8		ped:Ped	
RequestPedheadshotImgUpload	c	PED	0xF0DAEF2F545BEE25	boolean	id:integer	
RequestPlayerCommerceSession	s	CFX	0x96F93CCE		playerSrc:string,skuId:integer	
RequestPtfxAsset	c	STREAMING	0x944955FB2A3935C8			
RequestResourceFileSet	c	CFX	0xE7490533	boolean	setName:string	
RequestScaleformMovie	c	GRAPHICS	0x11FE353CF9733E6F	integer	scaleformName:string	
RequestScaleformMovie3	c	GRAPHICS	0xBD06C611BB9048C2	integer	scaleformName:string	RequestScaleformMovieSkipRenderWhilePaused
RequestScaleformMovieInstance	c	GRAPHICS	0xC514489CFB8AF806	integer	scaleformName:string	
RequestScaleformMovieInteractive	c	GRAPHICS	0xBD06C611BB9048C2	integer	scaleformName:string	RequestScaleformMovieSkipRenderWhilePaused
RequestScaleformMovieSkipRenderWhilePaused	c	GRAPHICS	0xBD06C611BB9048C2	integer	scaleformName:string	
RequestScaleformMovieWithIgnoreSuperWidescreen	c	GRAPHICS	0x65E7E78842E74CDB	integer	scaleformName:string	
RequestScaleformMovie_2	c	GRAPHICS	0x65E7E78842E74CDB	integer	scaleformName:string	RequestScaleformMovieWithIgnoreSuperWidescreen
RequestScaleformScriptHudMovie	c	GRAPHICS	0x9304881D6F6537EA		hudComponent:integer	
RequestScript	c	SCRIPT	0x6EB5F71AA68F2E8E		scriptName:string	
RequestScriptAudioBank	c	AUDIO	0x2F844A8B08D76685	boolean	bankName:string,bOverNetwork:boolean	
RequestScriptWithNameHash	c	SCRIPT	0xD62A67D26D9653E6		scriptHash:Hash	
RequestStealthModeAsset	c	PED	0x2A0A62FCDEE16D4F		asset:string	
RequestStreamedScript	c	SCRIPT	0xD62A67D26D9653E6		scriptHash:Hash	RequestScriptWithNameHash
RequestStreamedTextureDict	c	GRAPHICS	0xDFA2EF8E04127DD5		textureDict:string,p1:boolean	
RequestTaskMoveNetworkStateTransition	c	TASK	0xD01015C7316AE176	boolean	ped:Ped,name:string	
RequestTennisBanks	c	AUDIO	0x4ADA3F19BE4A6047		opponentPed:Ped	
RequestVehicleAsset	c	VEHICLE	0x81A15811460FAB3A		vehicleHash:Hash,vehicleAsset:integer	
RequestVehicleDashboardScaleformMovie	c	VEHICLE	0xDBA3C090E3D74690		vehicle:Vehicle	
RequestVehicleHighDetailModel	c	VEHICLE	0xA6E9FDCB2C76785E		vehicle:Vehicle	
RequestVehiclePhoneExplosion	c	VEHICLE	0xEF49CF0270307CBE			DetonateVehiclePhoneExplosiveDevice
RequestVehicleRecording	c	VEHICLE	0xAF514CABE74CBF15		recording:integer,script:string	
RequestWaypointRecording	c	TASK	0x9EEFB62EB27B5792		name:string	
RequestWeaponAsset	c	WEAPON	0x5443438F033E29C3		weaponHash:Hash,p1:integer,p2:integer	
RequestWeaponHighDetailModel	c	WEAPON	0x48164DBB970AC3F0		weaponObject:Entity	
ReserveNetworkLocalObjects	c	NETWORK	0x797F9C5E661D920E		amount:integer	
ReserveNetworkLocalPeds	c	NETWORK	0x2C8DF5D129595281		amount:integer	
ReserveNetworkLocalVehicles	c	NETWORK	0x42613035157E4208		amount:integer	
ReserveNetworkMissionObjects	c	NETWORK	0x4E5C93BD0C32FBF8		amount:integer	
ReserveNetworkMissionPeds	c	NETWORK	0xB60FEBA45333D36F		amount:integer	
ReserveNetworkMissionVehicles	c	NETWORK	0x76B02E21ED27A469		amount:integer	
ResetAdaptation	c	GRAPHICS	0xE3E2C1B4C59DBC77		numFrames:integer	
ResetAiMeleeWeaponDamageModifier	c	PED	0x46E56A7CD1D63C3F			
ResetAiWeaponDamageModifier	c	PED	0xEA16670E7BA4743C			
ResetBenchmarkRecording	c	MISC	0x437138B6A830166A			
ResetCurrentIntensity	c	WATER	0x5E5E99285AE812DB			ResetDeepOceanScaler
ResetDeepOceanScaler	c	WATER	0x5E5E99285AE812DB			
ResetDispatchIdealSpawnDistance	c	MISC	0x77A84429DD9F0A15			
ResetDispatchSpawnBlockingAreas	c	MISC	0xAC7BFD5C1D83EA75			
ResetDispatchSpawnLocation	c	MISC	0x5896F2BD5683A4E1			
ResetDispatchTimeBetweenSpawnAttempts	c	MISC	0xEB2DB0CAD13154B3		p0:any	
ResetEditorValues	c	REPLAY	0x3353D13F09307691			
ResetEntityAlpha	c	ENTITY	0x9B1E824FFBB7027A		entity:Entity	
ResetEntityDrawOutlineRenderTechnique	c	CFX	0x8EB6EC38			
ResetExclusiveScenarioGroup	c	TASK	0x4202BBCB8684563D			
ResetExtraTimecycleModifierStrength	c	GRAPHICS	0x2BF72AD5B41AA739			DisableMoonCycleOverride
ResetFlyThroughWindscreenParams	c	CFX	0x6D712937			
ResetGhostedEntityAlpha	c	NETWORK	0x17330EBF2F2124A8			
ResetGlobalActionscriptFlag	c	HUD	0xB99C4E4D9499DF29		flagIndex:integer	
ResetGroupFormationDefaultSpacing	c	PED	0x63DAB4CCB3273205		groupHandle:integer	
ResetHudComponentValues	c	HUD	0x450930E616475D0D		id:integer	
ResetInputMappingScheme	c	PAD	0x643ED62D5EA3BEBD			
ResetLocalplayerState	c	MISC	0xC0AA53F866B3134D			ForceGameStatePlaying
ResetMapZoomDataLevel	c	CFX	0x11A5B7ED		index:integer	
ResetMapdataEntityMatrix	c	CFX	0x8143FA4F	boolean	mapDataHash:integer,entityInternalIdx:integer	
ResetParticleFxAssetOldToNew	c	GRAPHICS	0x89C8553DD3274AAE		name:string	ResetParticleFxOverride
ResetParticleFxOverride	c	GRAPHICS	0x89C8553DD3274AAE		name:string	
ResetPausedRenderphases	c	GRAPHICS	0xE1C8709406F2C41C			
ResetPedAudioFlags	c	AUDIO	0xF54BB7B61036F335		ped:Ped	
ResetPedInVehicleContext	c	PED	0x22EF8FF8778030EB		ped:Ped	
ResetPedLastVehicle	c	PED	0xBB8DE8CF6A8DD8BB		ped:Ped	
ResetPedModelPersonality	c	CFX	0x79A12861		modelHash:Hash	
ResetPedMovementClipset	c	PED	0xAA74EC0CB0AAEA2C		ped:Ped,transitionSpeed:number	
ResetPedRagdollBlockingFlags	c	PED	0xD86D101FCFD00A4B		ped:Ped,flags:integer	ClearRagdollBlockingFlags
ResetPedRagdollTimer	c	PED	0x9FA4664CF62E47E8		ped:Ped	
ResetPedStrafeClipset	c	PED	0x20510814175EA477		ped:Ped	
ResetPedVisibleDamage	c	PED	0x3AC1F7B898F30C05		ped:Ped	
ResetPedWeaponMovementClipset	c	PED	0x97B0DB5B4AA74E77		ped:Ped	
ResetPlayerArrestState	c	PLAYER	0x2D03E13C460760D6		player:Player	
ResetPlayerInputGait	c	PLAYER	0x19531C47A2ABD691		player:Player	
ResetPlayerStamina	c	PLAYER	0xA6F312FCCE9C1DFE		player:Player	
ResetReticuleValues	c	HUD	0x12782CE0A636E9F0			
ResetScenarioGroupsEnabled	c	TASK	0xDD902D0349AFAD3A			
ResetScenarioTypesEnabled	c	TASK	0x0D40EE2A7F2B2D6D			
ResetScriptGfxAlign	c	GRAPHICS	0xE3A3DB414A373DAB			
ResetSpecialAbilityControlsCinematic	c	PLAYER	0xA0696A65F009EE18		player:Player,normalizedValue:number,p2:boolean	SpecialAbilityChargeNormalized
ResetTrevorRage	c	AUDIO	0xE78503B10C4314E0			
ResetVehiclePedsCanStandOnTopFlag	c	CFX	0xDF62CFE2		vehicle:Vehicle	
ResetVehicleStartupRevSound	c	AUDIO	0xD2DCCD8E16E20997		vehicle:Vehicle	
ResetVehicleStuckTimer	c	VEHICLE	0xD7591B0065AFAA7A		vehicle:Vehicle,nullAttributes:integer	
ResetVehicleWheels	c	VEHICLE	0x21D2E5662C1F6FED		vehicle:Vehicle,toggle:boolean	
ResetWantedLevelDifficulty	c	PLAYER	0xB9D0DD990DC141DD		player:Player	
ResetWater	c	CFX	0x1DA4791			
ResetWavesIntensity	c	WATER	0x5E5E99285AE812DB			ResetDeepOceanScaler
ResetWorldBoundaryForPlayer	c	PLAYER	0xDA1DF03D5A315F4E			
RespondingAsTemp	c	HUD	0xBD12C5EEE184C337		zoom:number	SetRadarZoomPrecise
RestartFrontendMenu	c	HUD	0x10706DC6AD2D49C0		menuHash:Hash,highlightedTab:integer	
RestartGame	c	MISC	0xE574A662ACAEFBB1			
RestartScriptedConversation	c	AUDIO	0x9AEB285D1818C9AC			
RestorePlayerStamina	c	PLAYER	0xA352C1B864CAFD33		player:Player,percentage:number	
ResurrectPed	c	PED	0x71BC8E838B9C6035		ped:Ped	
RetractCargobobHook	c	VEHICLE	0x9768CF648F54C804		cargobob:Vehicle	RemovePickUpRopeForCargobob
ReturnTwo	c	GRAPHICS	0x40AFB081F8ADD4EE	integer	p0:integer	
ReturnZero	c	LOADINGSCREEN	0xF2CA003F167E21D2	integer		N_0xf2ca003f167e21d2
ReviveInjuredPed	c	PED	0x8D8ACD8388CD99CE		ped:Ped	
RockstarMessageGetString	c	SOCIALCLUB	0xDF649C4E9AFDD788	string		
RollDownWindow	c	VEHICLE	0x7AD9E6CE657D69E3		vehicle:Vehicle,windowIndex:integer	
RollDownWindows	c	VEHICLE	0x85796B0549DDE156		vehicle:Vehicle	
RollUpWindow	c	VEHICLE	0x602E548F46E24D59		vehicle:Vehicle,windowIndex:integer	
RopeAreTexturesLoaded	c	PHYSICS	0xF2D0E6A75CC05597	boolean		
RopeConvertToSimple	c	PHYSICS	0x5389D48EFA2F079A		ropeId:integer	
RopeDrawShadowEnabled	c	PHYSICS	0xF159A63806BB5BA8	integer	toggle:boolean	
RopeForceLength	c	PHYSICS	0xD009F759A723DB1B		ropeId:integer,length:number	
RopeGetDistanceBetweenEnds	c	PHYSICS	0x73040398DFF9A4A6	number	ropeId:integer	
RopeLoadTextures	c	PHYSICS	0x9B9039DBF2D258C1			
RopeResetLength	c	PHYSICS	0xC16DE94D9BEA14A0		ropeId:integer,length:number	
RopeSetUpdateOrder	c	PHYSICS	0xDC57A637A20006ED		ropeId:integer,p1:any	
RopeSetUpdatePinverts	c	PHYSICS	0xC8D667EE52114ABA		ropeId:integer	
RopeUnloadTextures	c	PHYSICS	0x6CE36C35C1AC8163			
Round	c	SYSTEM	0xF2DB717A73826179	integer	value:number	
SaveBenchmarkRecording	c	MISC	0x37DEB0AA183FB6D8			
SaveHighQualityPhoto	c	GRAPHICS	0x3DEC726C25A11BAC	boolean	unused:integer	
SaveRecordingClip	c	RECORDING	0x644546EC5287471B	boolean		
SaveResourceFile	s	CFX	0xA09E7E7B	boolean	resourceName:string,fileName:string,data:string,dataLength:integer	
ScEmailMessageClearRecipList	c	SOCIALCLUB	0x55DF6DB45179236E			
ScEmailMessagePushGamerToRecipList	c	SOCIALCLUB	0x2330C12A7A605D16	integer	networkHandle?:integer	
ScGamerdataGetBool	c	SOCIALCLUB	0x8416FE4E4629D7D7	boolean	name:string	
ScGamerdataGetFloat	c	SOCIALCLUB	0xA770C8EEC6FB2AC5	boolean,number	name:string,outValue?:number	
ScGamerdataGetInt	c	SOCIALCLUB	0xC85A7127E7AD02AA	boolean,integer	name:string,outValue?:integer	
ScGetCheckStringStatus	c	SOCIALCLUB	0x82E4A58BABC15AE7	boolean	token:integer	ScProfanityGetCheckIsPending
ScGetHasAchievementBeenPassed	c	SOCIALCLUB	0x418DC16FAE452C1C	boolean	achievement:integer	
ScGetIsProfileAttributeSet	c	SOCIALCLUB	0x8416FE4E4629D7D7	boolean	name:string	ScGamerdataGetBool
ScGetNickname	c	SOCIALCLUB	0x198D161F458ECC7F	string		
ScHasCheckStringTaskCompleted	c	SOCIALCLUB	0x1753344C770358AE	boolean	token:integer	ScProfanityGetCheckIsValid
ScInboxGetEmails	c	SOCIALCLUB	0x040ADDCBAFA1018A		offset:integer,limit:integer	
ScInboxGetMessageIsReadAtIndex	c	SOCIALCLUB	0x93028F1DB42BFD08	boolean	msgIndex:integer	
ScInboxGetMessageTypeAtIndex	c	SOCIALCLUB	0xBB8EA16ECBC976C4	Hash	msgIndex:integer	
ScInboxGetTotalNumMessages	c	SOCIALCLUB	0x03A93FF1A2CA0864	integer		
ScInboxMessageDoApply	c	SOCIALCLUB	0x9A2C8064B6C1E41A	boolean	p0:integer	
ScInboxMessageGetBountyData	c	SOCIALCLUB	0x87E0052F08BD64E6	boolean,integer	index:integer,outData?:integer	
ScInboxMessageGetDataBool	c	SOCIALCLUB	0xFFE5C16F402D851D	boolean	p0:integer,p1:string	
ScInboxMessageGetDataInt	c	SOCIALCLUB	0xA00EFE4082C4056E	boolean,integer	p0:integer,context:string,out?:integer	
ScInboxMessageGetDataString	c	SOCIALCLUB	0x7572EF42FC6A9B6D	boolean	p0:integer,context:string,out:string	
ScInboxMessageGetString	c	SOCIALCLUB	0xF3E31D16CBDCB304	string	p0:integer	
ScInboxMessageGetUgcdata	c	SOCIALCLUB	0x69D82604A1A5A254	boolean,integer	p0:any,p1?:integer	
ScInboxMessageInit	c	SOCIALCLUB	0xBB8EA16ECBC976C4	Hash	msgIndex:integer	ScInboxGetMessageTypeAtIndex
ScInboxMessagePop	c	SOCIALCLUB	0x2C015348CF19CA1D	boolean	p0:integer	
ScInboxMessagePush	c	SOCIALCLUB	0x9A2C8064B6C1E41A	boolean	p0:integer	ScInboxMessageDoApply
ScInboxMessagePushGamerToEventRecipList	c	SOCIALCLUB	0xDA024BDBD600F44A	integer	networkHandle?:integer	
ScInboxMessageSendBountyPresenceEvent	c	SOCIALCLUB	0x6AFD2CD753FEEF83	boolean	data:string	
ScInboxMessageSendUgcStatUpdateEvent	c	SOCIALCLUB	0xA68D3D229F4F3B06		data:string	
ScLicenseplateAdd	c	SOCIALCLUB	0x1989C6E6F67E76A8	boolean,integer	plateText:string,plateData:string,tokenOut?:integer	
ScLicenseplateGetAddIsPending	c	SOCIALCLUB	0x07C61676E5BB52CD	boolean	token:integer	
ScLicenseplateGetAddStatus	c	SOCIALCLUB	0x8147FFF6A718E1AD	integer	token:integer	
ScLicenseplateGetCount	c	SOCIALCLUB	0x700569DBA175A77C	integer	token:integer	
ScLicenseplateGetIsvalidIsPending	c	SOCIALCLUB	0xD302E99EDF0449CF	boolean	token:integer	
ScLicenseplateGetIsvalidStatus	c	SOCIALCLUB	0x5C4EBFFA98BDB41C	integer	token:integer	
ScLicenseplateGetPlate	c	SOCIALCLUB	0x1D4446A62D35B0D0	string	token:integer,plateIndex:integer	
ScLicenseplateGetPlateData	c	SOCIALCLUB	0x2E89990DDFF670C3	string	token:integer,plateIndex:integer	
ScLicenseplateIsvalid	c	SOCIALCLUB	0x0F73393BAC7E6730	boolean,integer	plateText:string,tokenOut?:integer	
ScLicenseplateSetPlateData	c	SOCIALCLUB	0xD0EE05FE193646EA	boolean	oldPlateText:string,newPlateText:string,plateData:string	
ScPresenceAttrSetFloat	c	SOCIALCLUB	0xC4C4575F62534A24	boolean		
ScPresenceAttrSetInt	c	SOCIALCLUB	0x1F1E9682483697C7	boolean	attrHash:Hash,value:integer	
ScPresenceAttrSetString	c	SOCIALCLUB	0x287F1F75D2803595	boolean	attrHash:Hash,value:string	
ScProfanityCheckString	c	SOCIALCLUB	0x75632C5ECD7ED843	boolean,integer	string:string,token?:integer	
ScProfanityCheckUgcString	c	SOCIALCLUB	0xEB2BF817463DFA28	boolean,integer	string:string,token?:integer	
ScProfanityGetCheckIsPending	c	SOCIALCLUB	0x82E4A58BABC15AE7	boolean	token:integer	
ScProfanityGetCheckIsValid	c	SOCIALCLUB	0x1753344C770358AE	boolean	token:integer	
ScProfanityGetStringPassed	c	SOCIALCLUB	0x85535ACF97FC0969	boolean	token:integer	
ScProfanityGetStringStatus	c	SOCIALCLUB	0x930DE22F07B1CCE3	integer	token:integer	
ScStartCheckStringTask	c	SOCIALCLUB	0x75632C5ECD7ED843	boolean,integer	string:string,token?:integer	ScProfanityCheckString
ScaleformMovieMethodAddParamBool	c	GRAPHICS	0xC58424BA936EB458		value:boolean	
ScaleformMovieMethodAddParamFloat	c	GRAPHICS	0xD69736AAE04DB51A		value:number	
ScaleformMovieMethodAddParamInt	c	GRAPHICS	0xC3D0841A0CC546A6		value:integer	
ScaleformMovieMethodAddParamIntString	c	GRAPHICS	0xEC52C631A1831C03		value:integer	ScaleformMovieMethodAddParamLatestBriefString
ScaleformMovieMethodAddParamLatestBriefString	c	GRAPHICS	0xEC52C631A1831C03		value:integer	
ScaleformMovieMethodAddParamLiteralString	c	GRAPHICS	0x77FE3402004CD1B0		string:string	
ScaleformMovieMethodAddParamPlayerNameString	c	GRAPHICS	0xE83A3E3557A56640		string:string	
ScaleformMovieMethodAddParamTextureNameString	c	GRAPHICS	0xBA7148484BD90365		string:string	
ScaleformMovieMethodAddParamTextureNameString_2	c	GRAPHICS	0x77FE3402004CD1B0		string:string	ScaleformMovieMethodAddParamLiteralString
ScanResourceRoot	s	CFX	0x636F097F		rootPath:string,callback:function	
ScheduleResourceTick	s	CFX	0xB88A73AD		resourceName:string	
ScreenDrawPositionBegin	c	GRAPHICS	0xB8A850F20A067EB6		horizontalAlign:integer,verticalAlign:integer	SetScriptGfxAlign
ScreenDrawPositionEnd	c	GRAPHICS	0xE3A3DB414A373DAB			ResetScriptGfxAlign
ScreenDrawPositionRatio	c	GRAPHICS	0xF5A2C681787E579D		x:number,y:number,w:number,h:number	SetScriptGfxAlignParams
ScriptIsMovingMobilePhoneOffscreen	c	MOBILE	0xF511F759238A5122		toggle:boolean	
ScriptOverridesWindElevation	c	AUDIO	0x70B8EC8FC108A634		override:boolean,windElevationHashName:Hash	
ScriptRaceGetPlayerSplitTime	c	MISC	0x8EF5573A1F801A5C	boolean,integer,integer	player:Player	
ScriptRaceInit	c	MISC	0x0A60017F841A54F2		numCheckpoints:integer,numLaps:integer,numPlayers:integer,localPlayer:Player	
ScriptRacePlayerHitCheckpoint	c	MISC	0x1BB299305C3E8C13		ped:Ped,checkpoint:integer,lap:integer,time:integer	
ScriptRaceShutdown	c	MISC	0x1FF6BF9A63E5757F			
ScriptThreadIteratorGetNextThreadId	c	SCRIPT	0x30B4FA1C82DD4B9F	integer		
ScriptThreadIteratorReset	c	SCRIPT	0xDADFADA5A20143A8			
SeethroughGetMaxThickness	c	GRAPHICS	0x43DBAE39626CE83F	number		
SeethroughReset	c	GRAPHICS	0x70A64C0234EF522C			
SeethroughSetColorNear	c	GRAPHICS	0x1086127B3A63505E		red:integer,green:integer,blue:integer	
SeethroughSetFadeEndDistance	c	GRAPHICS	0x9D75795B9DC6EBBF		distance:number	
SeethroughSetFadeStartDistance	c	GRAPHICS	0xA78DE25577300BA1		distance:number	
SeethroughSetHeatscale	c	GRAPHICS	0xD7D0B00177485411		index:integer,heatScale:number	
SeethroughSetHiLightIntensity	c	GRAPHICS	0x19E50EB6E33E1D28		intensity:number	
SeethroughSetHiLightNoise	c	GRAPHICS	0x1636D7FC127B10D2		noise:number	
SeethroughSetMaxThickness	c	GRAPHICS	0x0C8FAC83902A62DF		thickness:number	
SeethroughSetNoiseAmountMax	c	GRAPHICS	0xFEBFBFDFB66039DE		amount:number	
SeethroughSetNoiseAmountMin	c	GRAPHICS	0xFF5992E1C9E65D05		amount:number	
SelectEntityAtCursor	c	CFX	0x3DD8130F	Entity	hitFlags:integer,precise:boolean	
SelectEntityAtPos	c	CFX	0xAFE8D405	Entity	fracX:number,fracY:number,hitFlags:integer,precise:boolean	
SendDuiMessage	c	CFX	0xCD380DA9		duiObject:integer,jsonString:string	
SendDuiMouseDown	c	CFX	0x5D01F191		duiObject:integer,button:string	
SendDuiMouseMove	c	CFX	0xD9D7A0AA		duiObject:integer,x:integer,y:integer	
SendDuiMouseUp	c	CFX	0x1D735B93		duiObject:integer,button:string	
SendDuiMouseWheel	c	CFX	0x2D62133A		duiObject:integer,deltaY:integer,deltaX:integer	
SendLoadingScreenMessage	c	CFX	0x8BBE6CC0	boolean	jsonString:string	
SendNuiMessage	c	CFX	0x78608ACB	boolean	jsonString:string	
SetAbilityBarValue	c	HUD	0x9969599CCFF5D85E		value:number,maxValue:number	
SetAbilityBarVisibilityInMultiplayer	c	HUD	0x1DFEDD15019315A9		visible:boolean	
SetAchievementProgress	c	PLAYER	0xC2AFFFDABBDC2C5C	boolean	achievement:integer,progress:integer	
SetAchievementProgression	c	PLAYER	0xC2AFFFDABBDC2C5C	boolean	achievement:integer,progress:integer	SetAchievementProgress
SetActivateObjectPhysicsAsSoonAsItIsUnfrozen	c	OBJECT	0x406137F8EF90EAF5		object:Object,toggle:boolean	
SetAggressiveHorns	c	AUDIO	0x395BF71085D1B1D9		toggle:boolean	
SetAiBlipMaxDistance	c	HUD	0x97C65887D4B37FA9		ped:Ped,range:number	SetPedAiBlipNoticeRange
SetAiBlipType	c	HUD	0xE52B8E7F85D39A08		ped:Ped,gangId:integer	SetPedAiBlipGangId
SetAiGlobalPathNodesType	c	PATHFIND	0xF74B1FFA4A15FBEA		type:integer	
SetAiMeleeWeaponDamageModifier	c	PED	0x66460DEDDD417254		modifier:number	
SetAiWeaponDamageModifier	c	PED	0x1B1E2A40A65B8521		value:number	
SetAimCooldown	c	CFX	0xA42A3DBF		value:integer	
SetAirDragMultiplierForPlayersVehicle	c	PLAYER	0xCA7DC8329F0A1E9E		player:Player,multiplier:number	
SetAircraftBombCount	c	VEHICLE	0xF4B2ED59DEB5D774		aircraft:Vehicle,bombCount:integer	SetVehicleBombCount
SetAircraftCountermeasureCount	c	VEHICLE	0x9BDA23BF666F0855		aircraft:Vehicle,count:integer	SetVehicleCountermeasureCount
SetAllLowPriorityVehicleGeneratorsActive	c	VEHICLE	0x608207E7A8FB787C		active:boolean	
SetAllPathsCacheBoundingstruct	c	PATHFIND	0x228E5C6AD4D74BFD		toggle:boolean	
SetAllRandomPedsFlee	c	PLAYER	0x056E0FE8534C2949		player:Player,toggle:boolean	
SetAllRandomPedsFleeThisFrame	c	PLAYER	0x471D2FF42A94B4F2		player:Player	
SetAllVehicleGeneratorsActive	c	VEHICLE	0x34AD89078831A4BC			
SetAllVehicleGeneratorsActiveInArea	c	VEHICLE	0xC12321827687FE4D		x1:number,y1:number,z1:number,x2:number,y2:number,z2:number,p6:boolean,p7:boolean	
SetAllVehiclesSpawn	c	VEHICLE	0xE023E8AC4EF7C117	any	p0:Vehicle,p1:boolean,p2:boolean,p3:boolean	SetVehicleUseCutsceneWheelCompression
SetAllowAbilityBarInMultiplayer	c	HUD	0x889329C80FE5963C		toggle:boolean	
SetAllowCommaOnTextInput	c	HUD	0x577599CCED639CA2		allow:boolean	
SetAmbientPedRangeMultiplierThisFrame	c	PATHFIND	0x0B919E1FB47CC4E0		multiplier:number	
SetAmbientPedsDropMoney	c	PED	0x6B0E6172C9A4D902		p0:boolean	
SetAmbientVehicleRangeMultiplierThisFrame	c	VEHICLE	0x90B6DA738A9A25DA		range:number	
SetAmbientVoiceName	c	AUDIO	0x6C8065A3B780185B		ped:Ped,voiceName:string	
SetAmbientVoiceNameHash	c	AUDIO	0x9A53DED9921DE990		ped:Ped,hash:Hash	
SetAmbientZoneListState	c	AUDIO	0x9748FA4DE50CCE3E		zoneListName:string,enabled:boolean,forceUpdate:boolean	
SetAmbientZoneListStatePersistent	c	AUDIO	0xF3638DAE8C4045E1		ambientZone:string,enabled:boolean,forceUpdate:boolean	
SetAmbientZoneState	c	AUDIO	0xBDA07E5950085E46		zoneName:string,enabled:boolean,forceUpdate:boolean	
SetAmbientZoneStatePersistent	c	AUDIO	0x1D6650420CEC9D3B		zoneName:string,enabled:boolean,forceUpdate:boolean	
SetAmmoInClip	c	WEAPON	0xDCD2A934D65CB497	boolean	ped:Ped,weaponHash:Hash,ammo:integer	
SetAmmoInVehicleWeaponClip	c	WEAPON	0x873906720EE842C3	boolean	vehicle:Vehicle,seat:integer,ammo:integer	
SetAnimLooped	c	TASK	0x70033C3CC29A1FF4		p0:any,p1:boolean,p2:any,p3:boolean	
SetAnimPhase	c	TASK	0xDDF3CB5A0A4C0B49		entity:Entity,p1:number,p2:any,p3:boolean	
SetAnimPlaybackTime	c	TASK	0xDDF3CB5A0A4C0B49		entity:Entity,p1:number,p2:any,p3:boolean	SetAnimPhase
SetAnimRate	c	TASK	0x032D49C5E359C847		p0:any,p1:number,p2:any,p3:boolean	
SetAnimWeight	c	TASK	0x207F1A47C0342F48		p0:any,p1:number,p2:any,p3:any,p4:boolean	
SetAnimalMood	c	AUDIO	0xCC97B29285B1DC3B		animal:Ped,mood:integer	
SetAreasGeneratorOrientation	c	PLAYER	0xC3376F42B1FACCC6		player:Player	N_0xc3376f42b1faccc6
SetArtificialLightsState	c	GRAPHICS	0x1268615ACE24D504		state:boolean	
SetArtificialLightsStateAffectsVehicles	c	GRAPHICS	0xE2B187C0939B3D32		toggle:boolean	
SetAudioFlag	c	AUDIO	0xB9EFD5C25018725A		flagName:string,toggle:boolean	
SetAudioSceneVariable	c	AUDIO	0xEF21A9EF089A2668		scene:string,variableName:string,value:number	
SetAudioScriptCleanupTime	c	AUDIO	0xA5F377B175A699C5		timeMs:integer	
SetAudioSpecialEffectMode	c	AUDIO	0x12561FCBB62D5B9C		mode:integer	
SetAudioSubmixEffectParamFloat	c	CFX	0x9A209B3C		submixId:integer,effectSlot:integer,paramIndex:integer,paramValue:number	
SetAudioSubmixEffectParamInt	c	CFX	0x77FAE2B8		submixId:integer,effectSlot:integer,paramIndex:integer,paramValue:integer	
SetAudioSubmixEffectRadioFx	c	CFX	0xAAA94D53		submixId:integer,effectSlot:integer	
SetAudioSubmixOutputVolumes	c	CFX	0x825DC0D1		submixId:integer,outputSlot:integer,frontLeftVolume:number,frontRightVolume:number,rearLeftVolume:number,rearRightVolume:number,channel5Volume:number,channel6Volume:number	
SetAudioVehiclePriority	c	AUDIO	0xE5564483E407F914		vehicle:Vehicle,priority:integer	
SetAutoGiveParachuteWhenEnterPlane	c	PLAYER	0x9F343285A00B4BB6		player:Player,toggle:boolean	
SetAutoGiveScubaGearWhenExitVehicle	c	PLAYER	0xD2B315B6689D537D		player:Player,toggle:boolean	
SetBackfaceculling	c	GRAPHICS	0x23BA6B0C2AD7B0D3		toggle:boolean	
SetBalanceAddMachine	c	NETWORK	0x815E5E3073DA1D67	boolean	contentId:string,contentTypeName:string	
SetBalanceAddMachines	c	NETWORK	0xB8322EEB38BE7C26	boolean,integer	dataCount:integer,contentTypeName:string	
SetBeastModeActive	c	MISC	0x438822C279B73B93		player:Player	
SetBigmapActive	c	HUD	0x231C8F89D0539D8F		toggleBigMap:boolean,showFullMap:boolean	
SetBikeLeanAngle	c	VEHICLE	0x9CFA4896C3A53CBB		vehicle:Vehicle,x:number,y:number	SetBikeOnStand
SetBikeOnStand	c	VEHICLE	0x9CFA4896C3A53CBB		vehicle:Vehicle,x:number,y:number	
SetBinkMovie	c	GRAPHICS	0x338D9F609FD632DB	integer	name:string	
SetBinkMovieProgress	c	GRAPHICS	0x0CB6B3446855B57A		binkMovie:integer,progress:number	SetBinkMovieTime
SetBinkMovieRequested	c	GRAPHICS	0x338D9F609FD632DB	integer	name:string	SetBinkMovie
SetBinkMovieTime	c	GRAPHICS	0x0CB6B3446855B57A		binkMovie:integer,progress:number	
SetBinkMovieUnk	c	GRAPHICS	0xAFF33B1178172223		binkMovie:integer,value:number	SetBinkMovieVolume
SetBinkMovieUnk_2	c	GRAPHICS	0xF816F2933752322D		binkMovie:integer,p1:boolean	
SetBinkMovieVolume	c	GRAPHICS	0xAFF33B1178172223		binkMovie:integer,value:number	
SetBinkShouldSkip	c	GRAPHICS	0x6805D58CAA427B72		binkMovie:integer,shouldSkip:boolean	
SetBit	c	MISC	0x933D6A9EEC1BACD0	integer	offset:integer	
SetBitsInRange	c	MISC	0x8EF07E15701D61ED	integer	rangeStart:integer,rangeEnd:integer,p3:integer	
SetBlackout	c	GRAPHICS	0x1268615ACE24D504		state:boolean	SetArtificialLightsState
SetBlipAlpha	c	HUD	0x45FF974EEE1C8734		blip:Blip,alpha:integer	
SetBlipAsFriendly	c	HUD	0x6F6F290102C02AB4		blip:Blip,toggle:boolean	
SetBlipAsMissionCreatorBlip	c	HUD	0x24AC0137444F9FD5		blip:Blip,toggle:boolean	
SetBlipAsShortRange	c	HUD	0xBE8BE4FE60E27B72		blip:Blip,toggle:boolean	
SetBlipBright	c	HUD	0xB203913733F27884		blip:Blip,toggle:boolean	
SetBlipCategory	c	HUD	0x234CDD44D996FD9A		blip:Blip,index:integer	
SetBlipChecked	c	HUD	0x74513EA3E505181E		blip:Blip,toggle:boolean	ShowTickOnBlip
SetBlipColour	c	HUD	0x03D7FB09E75D6B7E		blip:Blip,color:integer	
SetBlipCoords	c	HUD	0xAE2AF67E9D9AF65D		blip:Blip,posX:number,posY:number,posZ:number	
SetBlipCrew	c	HUD	0xDCFB5D4DB8BF367E		blip:Blip,toggle:boolean	ShowCrewIndicatorOnBlip
SetBlipDisplay	c	HUD	0x9029B2F3DA924928		blip:Blip,displayId:integer	
SetBlipDisplayIndicatorOnBlip	c	HUD	0xC4278F70131BAA6D		blip:Blip,toggle:boolean	
SetBlipFade	c	HUD	0x2AEE8F8390D2298C		blip:Blip,opacity:integer,duration:integer	
SetBlipFlashInterval	c	HUD	0xAA51DB313C010A7E		blip:Blip,interval:integer	
SetBlipFlashTimer	c	HUD	0xD3CD6FD297AE87CC		blip:Blip,duration:integer	
SetBlipFlashes	c	HUD	0xB14552383D39CE3E		blip:Blip,toggle:boolean	
SetBlipFlashesAlternate	c	HUD	0x2E8D9498C56DD0D1		blip:Blip,toggle:boolean	
SetBlipFriend	c	HUD	0x23C3EB807312F01A		blip:Blip,toggle:boolean	ShowFriendIndicatorOnBlip
SetBlipFriendly	c	HUD	0xB81656BC81FE24D1		blip:Blip,toggle:boolean	ShowOutlineIndicatorOnBlip
SetBlipHiddenOnLegend	c	HUD	0x54318C915D27E4CE		blip:Blip,toggle:boolean	
SetBlipHighDetail	c	HUD	0xE2590BC29220CEBB		blip:Blip,toggle:boolean	
SetBlipNameFromTextFile	c	HUD	0xEAA0FFE120D92784		blip:Blip,gxtEntry:string	
SetBlipNameToPlayerName	c	HUD	0x127DE7B20C60A6A3		blip:Blip,player:Player	
SetBlipPriority	c	HUD	0xAE9FC9EF6A9FAC79		blip:Blip,priority:integer	
SetBlipRotation	c	HUD	0xF87683CDF73C3F6E		blip:Blip,rotation:integer	
SetBlipRoute	c	HUD	0x4F7D8A9BFB0B43E9		blip:Blip,enabled:boolean	
SetBlipRouteColour	c	HUD	0x837155CD2F63DA09		blip:Blip,colour:integer	
SetBlipScale	c	HUD	0xD38744167B2FA257		blip:Blip,scale:number	
SetBlipScaleTransformation	c	HUD	0xCD6524439909C979		blip:Blip,xScale:number,yScale:number	
SetBlipSecondaryColour	c	HUD	0x14892474891E09EB		blip:Blip,r:integer,g:integer,b:integer	
SetBlipShowCone	c	HUD	0x13127EC3665E8EE1		blip:Blip,toggle:boolean	
SetBlipShrink	c	HUD	0x2B6D467DAB714E8D		blip:Blip,toggle:boolean	
SetBlipSprite	b	HUD	0xDF735600A4696DAF		blip:Blip,spriteId:integer	
SetBlipSquaredRotation	c	HUD	0xA8B6AFDAC320AC87		blip:Blip,heading:number	
SetBlockAmbientPedsFromDroppingWeaponsThisFrame	c	PED	0xC73EFFC5E043A8BA			
SetBlockingOfNonTemporaryEvents	c	PED	0x9F8AA94D6D97DBF4		ped:Ped,toggle:boolean	
SetBoatAnchor	c	VEHICLE	0x75DBEC174AEEAD10		boat:Vehicle,toggle:boolean	
SetBoatAnchorBuoyancyCoefficient	c	VEHICLE	0xE842A9398079BD82		boat:Vehicle,value:number	SetBoatLowLodAnchorDistance
SetBoatBoomPositionRatio	c	VEHICLE	0xF488C566413B4232		vehicle:Vehicle,ratio:number	
SetBoatDisableAvoidance	c	VEHICLE	0x0A6A279F3AA4FD70		vehicle:Vehicle,p1:boolean	
SetBoatExplodesOnWreckedAction	c	VEHICLE	0x8F719973E1445BA2		vehicle:Vehicle,toggle:boolean	SetBoatSinksWhenWrecked
SetBoatFrozenWhenAnchored	c	VEHICLE	0xE3EBAAE484798530		boat:Vehicle,toggle:boolean	SetBoatRemainsAnchoredWhilePlayerIsDriver
SetBoatIsSinking	c	VEHICLE	0xBD32E46AA95C1DD2		vehicle:Vehicle	
SetBoatLowLodAnchorDistance	c	VEHICLE	0xE842A9398079BD82		boat:Vehicle,value:number	
SetBoatMovementResistance	c	VEHICLE	0xE842A9398079BD82		boat:Vehicle,value:number	SetBoatLowLodAnchorDistance
SetBoatRemainsAnchoredWhilePlayerIsDriver	c	VEHICLE	0xE3EBAAE484798530		boat:Vehicle,toggle:boolean	
SetBoatSinking	c	VEHICLE	0xBD32E46AA95C1DD2		vehicle:Vehicle	SetBoatIsSinking
SetBoatSinksWhenWrecked	c	VEHICLE	0x8F719973E1445BA2		vehicle:Vehicle,toggle:boolean	
SetCalmingQuadBounds	c	CFX	0xC5945BD9	boolean	waterQuad:integer,minX:integer,minY:integer,maxX:integer,maxY:integer	
SetCalmingQuadDampening	c	CFX	0x67977501	boolean	calmingQuad:integer,dampening:number	
SetCamActive	c	CAM	0x026FB97D0A425F84		cam:Cam,active:boolean	
SetCamActiveWithInterp	c	CAM	0x9FBDA379383A52A4		camTo:Cam,camFrom:Cam,duration:integer,easeLocation:integer,easeRotation:integer	
SetCamAffectsAiming	c	CAM	0x8C1DC7770C51DC8D		cam:Cam,toggle:boolean	
SetCamAnimCurrentPhase	c	CAM	0x4145A4C44FF3B5A6		cam:Cam,phase:number	
SetCamControlsMiniMapHeading	c	CAM	0x661B5C8654ADD825		cam:Cam,toggle:boolean	
SetCamCoord	c	CAM	0x4D41783FB745E42E		cam:Cam,posX:number,posY:number,posZ:number	
SetCamDebugName	c	CAM	0x1B93E0107865DD40		camera:Cam,name:string	
SetCamDofFnumberOfLens	c	CAM	0x7DD234D6F3914C5B		camera:Cam,p1:number	
SetCamDofFocalLengthMultiplier	c	CAM	0x47B595D60664CFFA		camera:Cam,multiplier:number	
SetCamDofFocusDistanceBias	c	CAM	0xC669EEA5D031B7DE		camera:Cam,p1:number	
SetCamDofMaxNearInFocusDistance	c	CAM	0xC3654A441402562D		camera:Cam,p1:number	
SetCamDofMaxNearInFocusDistanceBlendLevel	c	CAM	0x2C654B4943BDDF7C		camera:Cam,p1:number	
SetCamDofPlanes	c	CAM	0x3CF48F6F96E749DC		cam:Cam,p1:number,p2:number,p3:number,p4:number	
SetCamDofStrength	c	CAM	0x5EE29B4D7D5DF897		cam:Cam,dofStrength:number	
SetCamEffect	c	CAM	0x80C8B1846639BB19		p0:integer	
SetCamFarClip	c	CAM	0xAE306F2A904BF86E		cam:Cam,farClip:number	
SetCamFarDof	c	CAM	0xEDD91296CD01AEE0		cam:Cam,farDOF:number	
SetCamFov	c	CAM	0xB13C14F66A00D047		cam:Cam,fieldOfView:number	
SetCamInheritRollVehicle	c	CAM	0x45F1DE9C34B93AE6		cam:Cam,p1:boolean	
SetCamMotionBlurStrength	c	CAM	0x6F0F77FBA9A8F2E6		cam:Cam,strength:number	
SetCamNearClip	c	CAM	0xC7848EFCCC545182		cam:Cam,nearClip:number	
SetCamNearDof	c	CAM	0x3FA4BF0A7AB7DE2C		cam:Cam,nearDOF:number	
SetCamParams	c	CAM	0xBFD8727AEA3CCEBA		cam:Cam,posX:number,posY:number,posZ:number,rotX:number,rotY:number,rotZ:number,fieldOfView:number,transitionSpeed:integer,p9:integer,p10:integer,rotationOrder:integer	
SetCamRot	c	CAM	0x85973643155D0B07		cam:Cam,rotX:number,rotY:number,rotZ:number,rotationOrder:integer	
SetCamShakeAmplitude	c	CAM	0xD93DB43B82BC0D00		cam:Cam,amplitude:number	
SetCamSplineDuration	c	CAM	0x1381539FEE034CDA		cam:Cam,timeDuration:integer	
SetCamSplineNodeEase	c	CAM	0x83B8201ED82A9A2D		cam:Cam,p1:integer,p2:integer,p3:number	
SetCamSplineNodeExtraFlags	c	CAM	0x7BF1A54AE67AC070		cam:Cam,p1:integer,flags:integer	
SetCamSplineNodeVelocityScale	c	CAM	0xA6385DEB180F319F		cam:Cam,p1:integer,scale:number	
SetCamSplinePhase	c	CAM	0x242B5874F0A4E052		cam:Cam,p1:number	
SetCamSplineSmoothingStyle	c	CAM	0xD1B0F412F109EA5D		cam:Cam,smoothingStyle:integer	
SetCamUseShallowDofMode	c	CAM	0x16A96863A17552BB		cam:Cam,toggle:boolean	
SetCamViewModeForContext	c	CAM	0x2A2173E46DAECD12		context:integer,viewMode:integer	
SetCamberedWheelsDisabled	c	VEHICLE	0x1201E8A3290A3B98		vehicle:Vehicle,toggle:boolean	
SetCameraEndtime	c	GRAPHICS	0xD821490579791273		toggle:boolean	EnableClownBloodVfx
SetCameraRange	c	CAM	0xF9D02130ECDD1D77		cam:Cam,height:number	SetFlyCamMaxHeight
SetCanAttackFriendly	c	PED	0xB3B1CB349FF9C75D		ped:Ped,toggle:boolean,p2:boolean	
SetCanAutoVaultOnEntity	c	ENTITY	0xE12ABE5E3A389A6C		entity:Entity,toggle:boolean	
SetCanClimbOnEntity	c	ENTITY	0xA80AE305E0A3044F		entity:Entity,toggle:boolean	
SetCanPedEquipAllWeapons	c	WEAPON	0xEFF296097FF1E509		ped:Ped,toggle:boolean	
SetCanPedEquipWeapon	c	WEAPON	0xB4771B9AAF4E68E4		ped:Ped,weaponHash:Hash,toggle:boolean	
SetCanPedSelectWeapon	c	WEAPON	0xB4771B9AAF4E68E4		ped:Ped,weaponHash:Hash,toggle:boolean	SetCanPedEquipWeapon
SetCanResprayVehicle	c	VEHICLE	0x52BBA29D5EC69356		vehicle:Vehicle,state:boolean	
SetCarBootOpen	c	VEHICLE	0xFC40CBF7B90CA77C		vehicle:Vehicle	
SetCarHighSpeedBumpSeverityMultiplier	c	VEHICLE	0x84FD40F56075E816		multiplier:number	
SetCargobobExcludeFromPickupEntity	c	VEHICLE	0x1F34B0626C594380		cargobob:Vehicle,entity:Entity	
SetCargobobForceDontDetachVehicle	c	VEHICLE	0x571FEB383F629926		cargobob:Vehicle,toggle:boolean	
SetCargobobHookCanAttach	c	VEHICLE	0x94A68DA412C4007D		vehicle:Vehicle,toggle:boolean	
SetCargobobHookCanDetach	c	VEHICLE	0x571FEB383F629926		cargobob:Vehicle,toggle:boolean	SetCargobobForceDontDetachVehicle
SetCargobobHookPosition	c	VEHICLE	0x877C1EAEAC531023		cargobob:Vehicle,length1:number,length2:number,state:boolean	SetPickupRopeLengthForCargobob
SetCargobobPickupMagnetActive	c	VEHICLE	0x9A665550F8DA349B		cargobob:Vehicle,isActive:boolean	
SetCargobobPickupMagnetEffectRadius	c	VEHICLE	0xA17BAD153B51547E		vehicle:Vehicle,p1:number	
SetCargobobPickupMagnetFalloff	c	VEHICLE	0x685D5561680D088B		vehicle:Vehicle,p1:number	
SetCargobobPickupMagnetPullRopeLength	c	VEHICLE	0x6D8EAC07506291FB		cargobob:Vehicle,p1:number	
SetCargobobPickupMagnetPullStrength	c	VEHICLE	0xED8286F71A819BAA		cargobob:Vehicle,p1:number	
SetCargobobPickupMagnetReducedFalloff	c	VEHICLE	0x66979ACF5102FD2F		cargobob:Vehicle,p1:number	
SetCargobobPickupMagnetReducedStrength	c	VEHICLE	0xE301BD63E9E13CF0		cargobob:Vehicle,vehicle:Vehicle	
SetCargobobPickupMagnetStrength	c	VEHICLE	0xBCBFCD9D1DAC19E2		cargobob:Vehicle,strength:number	
SetCargobobPickupRopeDampingMultiplier	c	VEHICLE	0xCF1182F682F65307		cargobob:Vehicle,p1:number	
SetCargobobPickupRopeType	c	VEHICLE	0x0D5F65A8F4EBDAB5		vehicle:Vehicle,state:integer	
SetCgAtBoundcenter	c	PHYSICS	0xBE520D9761FF811F		entity:Entity	
SetCgoffset	c	PHYSICS	0xD8FA3908D7B86904		entity:Entity,x:number,y:number,z:number	
SetCheckpointCylinderHeight	c	GRAPHICS	0x2707AAE9D9297D89		checkpoint:integer,nearHeight:number,farHeight:number,radius:number	
SetCheckpointIconHeight	c	GRAPHICS	0x4B5B4DA5D79F1943		checkpoint:integer,height_multiplier:number	
SetCheckpointIconRgba	c	GRAPHICS	0xB9EA40907C680580		checkpoint:integer,red:integer,green:integer,blue:integer,alpha:integer	SetCheckpointRgba2
SetCheckpointIconScale	c	GRAPHICS	0x44621483FF966526		checkpoint:integer,scale:number	
SetCheckpointRgba	c	GRAPHICS	0x7167371E8AD747F7		checkpoint:integer,red:integer,green:integer,blue:integer,alpha:integer	
SetCheckpointRgba2	c	GRAPHICS	0xB9EA40907C680580		checkpoint:integer,red:integer,green:integer,blue:integer,alpha:integer	
SetCheckpointScale	c	GRAPHICS	0x4B5B4DA5D79F1943		checkpoint:integer,height_multiplier:number	SetCheckpointIconHeight
SetCinematicButtonActive	c	CAM	0x51669F7D1FB53D9F		p0:boolean	
SetCinematicCamShakeAmplitude	c	CAM	0xC724C701C30B2FE7		p0:number	
SetCinematicModeActive	c	CAM	0xDCF0754AC3D6FD4E		toggle:boolean	
SetCinematicNewsChannelActiveThisUpdate	c	CAM	0xDC9DA9E8789F5246			
SetClockDate	c	CLOCK	0xB096419DF0D06CE7		day:integer,month:integer,year:integer	
SetClockTime	c	CLOCK	0x47C3B5848C3E45D8		hour:integer,minute:integer,second:integer	
SetCloudHatOpacity	c	MISC	0xF36199225D6D8C86		opacity:number	SetCloudsAlpha
SetCloudHatTransition	c	MISC	0xFC4842A34657BFCB		name:string,transitionTime:number	LoadCloudHat
SetCloudSettingsOverride	c	MISC	0x02DEAAC8F8EA7FE7		overrideSettingsName:string	
SetCloudsAlpha	c	MISC	0xF36199225D6D8C86		opacity:number	
SetColourOfNextTextComponent	c	HUD	0x39BBF623FC803EAC		hudColor:integer	
SetColshapeDimension	s	CFX	0x38482191		colShapeId:integer,dimension:integer	
SetColshapeEntityType	b	CFX	0xB3A4D128		colShapeId:integer,entityType:integer,value:boolean	
SetCombatFloat	c	PED	0xFF41B4B141ED981C		ped:Ped,combatType:integer,p2:number	
SetControlGroupColor	c	PAD	0x8290252FFF36ACB5		padIndex:integer,red:integer,green:integer,blue:integer	SetControlLightEffectColor
SetControlLightEffectColor	c	PAD	0x8290252FFF36ACB5		padIndex:integer,red:integer,green:integer,blue:integer	
SetControlNormal	c	PAD	0xE8A25867FBA3B05E	boolean	padIndex:integer,control:integer,amount:number	
SetConvar	s	CFX	0x341B16D2		varName:string,value:string	
SetConvarReplicated	s	CFX	0xF292858C		varName:string,value:string	
SetConvarServerInfo	s	CFX	0x9338D547		varName:string,value:string	
SetConversationAudioControlledByAnim	c	AUDIO	0x0B568201DD99F0EB		enable:boolean	
SetConversationAudioPlaceholder	c	AUDIO	0x61631F5DF50D1C34		isPlaceHolder:boolean	
SetConvertibleRoof	c	VEHICLE	0xF39C4F538B5124C2		vehicle:Vehicle,toggle:boolean	
SetConvertibleRoofLatchState	c	VEHICLE	0x1A78AD3D8240536F		vehicle:Vehicle,bLatched:boolean	
SetCreateRandomCops	c	PED	0x102E68B2024D536D		toggle:boolean	
SetCreateRandomCopsNotOnScenarios	c	PED	0x8A4986851C4EF6E7		toggle:boolean	
SetCreateRandomCopsOnScenarios	c	PED	0x444CB7D7DBE6973D		toggle:boolean	
SetCreateWeaponObjectLightSource	c	OBJECT	0xBCE595371A5FBAAF		object:Object,toggle:boolean	
SetCreditsActive	c	MISC	0xB938B7E6D3C0620C		toggle:boolean	
SetCurrentIntensity	c	WATER	0xB96B00E976BE977F		intensity:number	SetDeepOceanScaler
SetCurrentPedVehicleWeapon	c	WEAPON	0x75C55983C2C39DAA	boolean	ped:Ped,weaponHash:Hash	
SetCurrentPedWeapon	b	WEAPON	0xADF692B254977C0C		ped:Ped,weaponHash:Hash,bForceInHand:boolean	
SetCurrentPlayerTcmodifier	c	GRAPHICS	0xBBF327DED94E4DEB		modifierName:string	
SetCursorLocation	c	PAD	0xFC695459D4D0E219	boolean	x:number,y:number	
SetCursorSprite	c	HUD	0x8DB8CFFD58B62552		style:integer	SetMouseCursorStyle
SetCustomMpHudColor	c	HUD	0x2ACCB195F3CCD9DE		hudColorId:integer	
SetCustomRadioTrackList	c	AUDIO	0x4E404A9361F75BB2		radioStation:string,trackListName:string,forceNow:boolean	
SetCustomRespawnPosition	c	MISC	0x706B5EDCAA7FA663		x:number,y:number,z:number,heading:number	SetRestartCustomPosition
SetCutsceneAudioOverride	c	AUDIO	0x3B4BF5F0859204D9		name:string	
SetCutsceneCanBeSkipped	c	CUTSCENE	0x41FAA8FB2ECE8720		p0:boolean	
SetCutsceneEntityStreamingFlags	c	CUTSCENE	0x4C61C75BEE8184C2		cutsceneEntName:string,p1:integer,p2:integer	
SetCutsceneFadeValues	c	CUTSCENE	0x8093F23ABACCC7D4		p0:boolean,p1:boolean,p2:boolean,p3:boolean	
SetCutsceneOrigin	c	CUTSCENE	0xB812B3FD1C01CF27		x:number,y:number,z:number,heading:number,p4:integer	
SetCutsceneOriginAndOrientation	c	CUTSCENE	0x011883F41211432A		x1:number,y1:number,z1:number,x2:number,y2:number,z2:number,p6:integer	
SetCutscenePedComponentVariation	c	CUTSCENE	0xBA01E7B6DEEFBBC9		cutsceneEntName:string,componentId:integer,drawableId:integer,textureId:integer,modelHash:Hash	
SetCutscenePedComponentVariationFromPed	c	CUTSCENE	0x2A56C06EBEF2B0D9		cutsceneEntName:string,ped:Ped,modelHash:Hash	
SetCutscenePedPropVariation	c	CUTSCENE	0x0546524ADE2E9723		cutsceneEntName:string,componentId:integer,drawableId:integer,textureId:integer,modelHash:Hash	
SetCutsceneTriggerArea	c	CUTSCENE	0x9896CE4721BE84BA		p0:number,p1:number,p2:number,p3:number,p4:number,p5:number	
SetDamping	c	PHYSICS	0xEEA3B200A6FEB65B		entity:Entity,vertex:integer,value:number	
SetDebugLinesAndSpheresDrawingActive	c	GRAPHICS	0x175B6BFC15CDD0C5		enabled:boolean	
SetDecisionMaker	c	EVENT	0xB604A2942ADED0EE		ped:Ped,name:Hash	
SetDeepOceanScaler	c	WATER	0xB96B00E976BE977F		intensity:number	
SetDefaultVehicleNumberPlateTextPattern	c	CFX	0x79780FD2		plateIndex:integer,pattern:string	
SetDeployHeliStubWings	c	VEHICLE	0xB251E0B33E58B424		vehicle:Vehicle,deploy:boolean,p2:boolean	
SetDesObjectState	c	OBJECT	0x5C29F698D404C5E1		object:Object,state:integer	SetStateOfRayfireMapObject
SetDesiredVerticalFlightPhase	c	VEHICLE	0x30D779DE7C4F6DD3		vehicle:Vehicle,angleRatio:number	SetVehicleFlightNozzlePosition
SetDirectorMode	c	HUD	0x808519373FD336A3		toggle:boolean	SetPlayerIsInDirectorMode
SetDirectorModeClearTriggeredFlag	c	HUD	0x2632482FD6B9AB87			
SetDisableAmbientMeleeMove	c	PLAYER	0x2E8AABFA40A84F8C		player:Player,toggle:boolean	
SetDisableBmxExtraTrickForces	c	VEHICLE	0x26D99D5A82FD18E8		disableExtraTrickForces:boolean	
SetDisableBreaking	c	PHYSICS	0x5CEC1A84620E7D5B		object:Object,toggle:boolean	
SetDisableDecalRenderingThisFrame	c	GRAPHICS	0x4B5CFC83122DF602			
SetDisableExplodeFromBodyDamageOnCollision	c	VEHICLE	0x26E13D440E7F6064		vehicle:Vehicle,disableExplode:boolean	
SetDisableExplodeFromBodyDamageReceivedByAiVehicle	c	VEHICLE	0xB0B7DF5CB876FF5E		plane:Vehicle,disable:boolean	
SetDisableFragDamage	c	PHYSICS	0x01BA3AED21C16CFB		object:Object,toggle:boolean	
SetDisableHeliExplodeFromBodyDamage	c	VEHICLE	0xEDBC8405B3895CC9		helicopter:Vehicle,disableExplode:boolean	
SetDisableHoverModeFlight	c	VEHICLE	0x2D55FE374D5FDB91		vehicle:Vehicle,toggle:boolean	
SetDisablePetrolDecalsIgnitingThisFrame	c	GRAPHICS	0xD9454B5752C857DC			
SetDisablePretendOccupants	c	VEHICLE	0x25367DE49D64CF16		vehicle:Vehicle,toggle:boolean	
SetDisableRandomTrainsThisFrame	c	VEHICLE	0xD4B8E3D1917BC86B		toggle:boolean	
SetDisableSuperdummyMode	c	VEHICLE	0xB088E9A47AE6EDD5		vehicle:Vehicle,p1:boolean	
SetDisableTurretMovement	c	VEHICLE	0xE615BB7A7752C76A		vehicle:Vehicle,turretIdx:integer	SetDisableTurretMovementThisFrame
SetDisableTurretMovementThisFrame	c	VEHICLE	0xE615BB7A7752C76A		vehicle:Vehicle,turretIdx:integer	
SetDisableVehicleEngineFires	c	VEHICLE	0x91A0BD635321F145		vehicle:Vehicle,toggle:boolean	
SetDisableVehicleFlightNozzlePosition	c	VEHICLE	0xCE2B43770B655F8F		vehicle:Vehicle,direction:boolean	
SetDisableVehiclePetrolTankDamage	c	VEHICLE	0x37C8252A7C92D017		vehicle:Vehicle,toggle:boolean	
SetDisableVehiclePetrolTankFires	c	VEHICLE	0x465BF26AB9684352		vehicle:Vehicle,toggle:boolean	
SetDisableVehicleSirenSound	c	VEHICLE	0xD8050E0EB60CF274		vehicle:Vehicle,toggle:boolean	SetVehicleHasMutedSirens
SetDisableVehicleUnk	c	VEHICLE	0x143921E45EC44D62		toggle:boolean	
SetDisableVehicleUnk_2	c	VEHICLE	0x211E95CE9903940C		toggle:boolean	
SetDisableVehicleWindowCollisions	c	VEHICLE	0x1087BC8EC540DAEB		vehicle:Vehicle,toggle:boolean	
SetDiscordAppId	c	CFX	0x6A02254D		appId:string	
SetDiscordRichPresenceAction	c	CFX	0xCBBC3FAC		index:integer,label:string,url:string	
SetDiscordRichPresenceAsset	c	CFX	0x53DFD530		assetName:string	
SetDiscordRichPresenceAssetSmall	c	CFX	0xF61D04C4		assetName:string	
SetDiscordRichPresenceAssetSmallText	c	CFX	0x35E62B6A		text:string	
SetDiscordRichPresenceAssetText	c	CFX	0xB029D2FA		text:string	
SetDispatchCopsForPlayer	c	PLAYER	0xDB172424876553F4		player:Player,toggle:boolean	
SetDispatchIdealSpawnDistance	c	MISC	0x6FE601A64180D423		p0:number	
SetDispatchSpawnLocation	c	MISC	0xD10F442036302D50		x:number,y:number,z:number	
SetDispatchTimeBetweenSpawnAttempts	c	MISC	0x44F7CBC1BEB3327D		p0:any,p1:number	
SetDispatchTimeBetweenSpawnAttemptsMultiplier	c	MISC	0x48838ED9937A15D1		p0:any,p1:number	
SetDistantCarsEnabled	c	VEHICLE	0xF796359A959DF65D		toggle:boolean	
SetDitchPoliceModels	c	STREAMING	0x42CBE54462D92634		toggle:boolean	
SetDoorAccelerationLimit	c	OBJECT	0x6BAB9442830C7F53		doorHash:Hash,state:integer,requestDoor:boolean,forceUpdate:boolean	DoorSystemSetDoorState
SetDoorAjarAngle	c	OBJECT	0xB6E6FBA95C7324AC		doorHash:Hash,ajar:number,requestDoor:boolean,forceUpdate:boolean	DoorSystemSetOpenRatio
SetDrawMapVisible	c	HUD	0x9133955F1A2DA957		toggle:boolean	SetMinimapInPrologue
SetDrawOrigin	c	GRAPHICS	0xAA0008F3BBB8F416		x:number,y:number,z:number,p3:any	
SetDriftTyresEnabled	c	VEHICLE	0x5AC79C98C5C17F05		vehicle:Vehicle,toggle:boolean	
SetDriveTaskCruiseSpeed	c	TASK	0x5C9B84BD7D31D908		driver:Ped,cruiseSpeed:number	
SetDriveTaskDrivingStyle	c	TASK	0xDACE1BE37D88AF67		ped:Ped,drivingStyle:integer	
SetDriveTaskMaxCruiseSpeed	c	TASK	0x404A5AA9B9F0B746		p0:any,p1:number	
SetDrivebyTaskTarget	c	TASK	0xE5B302114D8162EE		shootingPed:Ped,targetPed:Ped,targetVehicle:Vehicle,x:number,y:number,z:number	
SetDriverAbility	c	PED	0xB195FFA8042FC5C3		driver:Ped,ability:number	
SetDriverAggressiveness	c	PED	0xA731F608CA104E3C		driver:Ped,aggressiveness:number	
SetDriverRacingModifier	c	PED	0xDED5AF5A0EA4B297		driver:Ped,modifier:number	
SetDuiUrl	c	CFX	0xF761D9F3		duiObject:integer,url:string	
SetEmitterProbeLength	c	CFX	0x8AA1F3C2		probeLength:number	
SetEmitterRadioStation	c	AUDIO	0xACF57305B12AF907		emitterName:string,radioStation:string	
SetEnableArenaPropPhysics	c	OBJECT	0x911024442F4898F0		entity:Object,toggle:boolean,p2:integer	
SetEnableArenaPropPhysicsOnPed	c	OBJECT	0xB20834A7DD3D8896		entity:Object,toggle:boolean,p2:integer,ped:Ped	
SetEnableBoundAnkles	c	PED	0xC52E0F855C58FC2E		ped:Ped,toggle:boolean	
SetEnableHandcuffs	c	PED	0xDF1AF8B5D56542FA		ped:Ped,toggle:boolean	
SetEnablePedEnveffScale	c	PED	0xD2C5AA0C0E8D0F1E		ped:Ped,toggle:boolean	
SetEnableScuba	c	PED	0xF99F62004024D506		ped:Ped,toggle:boolean	
SetEnableScubaGearLight	c	PED	0xEE2476B9EE4A094F		ped:Ped,toggle:boolean	
SetEnableVehicleSlipstreaming	c	VEHICLE	0xE6C0C80B8C867537		toggle:boolean	
SetEntityAlpha	c	ENTITY	0x44A0870B7E92D7C0		entity:Entity,alphaLevel:integer,skin:boolean	
SetEntityAlwaysPrerender	c	ENTITY	0xACAD101E1FB66689		entity:Entity,toggle:boolean	
SetEntityAngularVelocity	c	ENTITY	0x8339643499D1222E		entity:Entity,x:number,y:number,z:number	
SetEntityAnimCurrentTime	c	ENTITY	0x4487C259F0F70977		entity:Entity,animDictionary:string,animName:string,time:number	
SetEntityAnimSpeed	c	ENTITY	0x28D1A16553C51776		entity:Entity,animDictionary:string,animName:string,speedMultiplier:number	
SetEntityAsMissionEntity	c	ENTITY	0xAD738C3085FE7E11		entity:Entity,scriptHostObject:boolean,bGrabFromOtherScript:boolean	
SetEntityAsNoLongerNeeded	c	ENTITY	0xB736A491E64A32CF	Entity	entity:Entity	
SetEntityCanBeDamaged	c	ENTITY	0x1760FFA8AB074D66		entity:Entity,toggle:boolean	
SetEntityCanBeDamagedByRelationshipGroup	c	ENTITY	0xE22D8FDE858B8119		entity:Entity,bCanBeDamaged:boolean,relGroup:integer	
SetEntityCanBeTargetedWithoutLos	c	ENTITY	0xD3997889736FD899		entity:Entity,toggle:boolean	
SetEntityCleanupByEngine	c	ENTITY	0x3910051CCECDB00C		entity:Entity,toggle:boolean	
SetEntityCollision	c	ENTITY	0x1A9205C1B9EE827F		entity:Entity,toggle:boolean,keepPhysics:boolean	
SetEntityCollision_2	c	ENTITY	0x9EBC85ED0FFFE51C		entity:Entity,toggle:boolean,keepPhysics:boolean	SetEntityCompletelyDisableCollision
SetEntityCompletelyDisableCollision	c	ENTITY	0x9EBC85ED0FFFE51C		entity:Entity,toggle:boolean,keepPhysics:boolean	
SetEntityCoords	b	ENTITY	0x06843DA7060A026B		entity:Entity,xPos:number,yPos:number,zPos:number,alive:boolean,deadFlag:boolean,ragdollFlag:boolean,clearArea:boolean	
SetEntityCoordsNoOffset	c	ENTITY	0x239A3351AC1DA385		entity:Entity,x:number,y:number,z:number,keepTasks:boolean,keepIK:boolean,doWarp:boolean	
SetEntityCoordsWithoutPlantsReset	c	ENTITY	0x621873ECE1178967		entity:Entity,xPos:number,yPos:number,zPos:number,alive:boolean,deadFlag:boolean,ragdollFlag:boolean,clearArea:boolean	
SetEntityCoords_2	c	ENTITY	0x621873ECE1178967		entity:Entity,xPos:number,yPos:number,zPos:number,alive:boolean,deadFlag:boolean,ragdollFlag:boolean,clearArea:boolean	SetEntityCoordsWithoutPlantsReset
SetEntityDecalsDisabled	c	ENTITY	0x2C2E3DC128F44309		entity:Entity,p1:boolean	
SetEntityDistanceCullingRadius	s	CFX	0xD3A183A3		entity:Entity,radius:number	
SetEntityDrawOutline	c	CFX	0x76180407		entity:Entity,enabled:boolean	
SetEntityDrawOutlineColor	c	CFX	0xB41A56C2		red:integer,green:integer,blue:integer,alpha:integer	
SetEntityDrawOutlineRenderTechnique	c	CFX	0x68DFF2DD		techniqueGroup:string	
SetEntityDrawOutlineShader	c	CFX	0x5261A01A		shader:integer	
SetEntityDynamic	c	ENTITY	0x1718DE8E3F2823CA		entity:Entity,toggle:boolean	
SetEntityForNullConvPed	c	AUDIO	0x892B6AB8F33606F5		speakerConversationIndex:integer,entity:Entity	
SetEntityHasGravity	c	ENTITY	0x4A4722448F18EEF5		entity:Entity,toggle:boolean	
SetEntityHeading	b	ENTITY	0x8E2530AA8ADA980E		entity:Entity,heading:number	
SetEntityHealth	c	ENTITY	0x6B76DC1F3AE6E6A3		entity:Entity,health:integer	
SetEntityIconColor	c	GRAPHICS	0x1D5F595CCAE2E238		entity:Entity,red:integer,green:integer,blue:integer,alpha:integer	
SetEntityIconVisibility	c	GRAPHICS	0xE0E8BEECCA96BA31		entity:Entity,toggle:boolean	
SetEntityIgnoreRequestControlFilter	s	CFX	0x9F7F8D36		entity:Entity,ignore:boolean	
SetEntityInvincible	c	ENTITY	0x3882114BDE571AD4		entity:Entity,toggle:boolean	
SetEntityIsTargetPriority	c	ENTITY	0xEA02E132F5C68722		entity:Entity,p1:boolean,p2:number	
SetEntityLights	c	ENTITY	0x7CFBA6A80BDF3874		entity:Entity,toggle:boolean	
SetEntityLoadCollisionFlag	c	ENTITY	0x0DC7CABAB1E9B67E		entity:Entity,toggle:boolean	
SetEntityLocallyInvisible	c	NETWORK	0xE135A9FF3F5D05D8		entity:Entity	
SetEntityLocallyVisible	c	NETWORK	0x241E289B5C059EDC		entity:Entity	
SetEntityLodDist	c	ENTITY	0x5927F96A78577363		entity:Entity,value:integer	
SetEntityMatrix	c	CFX	0xFB0639B		entity:Entity,forwardX:number,forwardY:number,forwardZ:number,rightX:number,rightY:number,rightZ:number,upX:number,upY:number,upZ:number,atX:number,atY:number,atZ:number	
SetEntityMaxHealth	c	ENTITY	0x166E7CF68597D8B5		entity:Entity,value:integer	
SetEntityMaxSpeed	c	ENTITY	0x0E46A3FCBDE2A1B1		entity:Entity,speed:number	
SetEntityMotionBlur	c	ENTITY	0x295D82A8559F9150		entity:Entity,toggle:boolean	
SetEntityNoCollisionEntity	c	ENTITY	0xA53ED5520C07654A		entity1:Entity,entity2:Entity,thisFrameOnly:boolean	
SetEntityNoCollisionWithNetworkedEntity	c	ENTITY	0x0A27A7827347B3B1		entity1:Entity,entity2:Entity	
SetEntityOnlyDamagedByPlayer	c	ENTITY	0x79F020FF9EDC0748		entity:Entity,toggle:boolean	
SetEntityOnlyDamagedByRelationshipGroup	c	ENTITY	0x7022BD828FA0B082		entity:Entity,p1:boolean,relationshipHash:Hash	
SetEntityOrphanMode	s	CFX	0x489E9162		entity:Entity,orphanMode:integer	
SetEntityProofUnk	c	PHYSICS	0x15F944730C832252		entity:Entity,toggle:boolean	
SetEntityProofs	c	ENTITY	0xFAEE099C6F890BB8		entity:Entity,bulletProof:boolean,fireProof:boolean,explosionProof:boolean,collisionProof:boolean,meleeProof:boolean,steamProof:boolean,p7:boolean,drownProof:boolean	
SetEntityQuaternion	c	ENTITY	0x77B21BE7AC540F07		entity:Entity,x:number,y:number,z:number,w:number	
SetEntityRecordsCollisions	c	ENTITY	0x0A50A1EEDAD01E65		entity:Entity,toggle:boolean	
SetEntityRegister	c	ENTITY	0x3910051CCECDB00C		entity:Entity,toggle:boolean	SetEntityCleanupByEngine
SetEntityRemoteSyncedScenesAllowed	s	CFX	0xD3FC9D88		entity:Entity,allow:boolean	
SetEntityRenderScorched	c	ENTITY	0x730F5F8D3F0F2050		entity:Entity,toggle:boolean	
SetEntityRequiresMoreExpensiveRiverCheck	c	ENTITY	0x694E00132F2823ED		entity:Entity,toggle:boolean	
SetEntityRotation	b	ENTITY	0x8524A8B0171D5E07		entity:Entity,pitch:number,roll:number,yaw:number,rotationOrder:integer,bDeadCheck:boolean	
SetEntityRoutingBucket	s	CFX	0x635E5289		entity:Entity,bucket:integer	
SetEntitySomething	c	ENTITY	0x3910051CCECDB00C		entity:Entity,toggle:boolean	SetEntityCleanupByEngine
SetEntityTrafficlightOverride	c	ENTITY	0x57C5DB656185EAC4		entity:Entity,state:integer	
SetEntityVelocity	b	ENTITY	0x1C99BB7B6E96D16F		entity:Entity,x:number,y:number,z:number	
SetEntityVisible	c	ENTITY	0xEA1C610A04DB6BBB		entity:Entity,toggle:boolean,unk:boolean	
SetEntityVisibleInCutscene	c	NETWORK	0xE0031D3C8F36AB82		p0:any,p1:boolean,p2:boolean	
SetEveryoneIgnorePlayer	c	PLAYER	0x8EEDA153AD141BA4		player:Player,toggle:boolean	
SetExclusivePhoneRelationships	c	PED	0xF92691AED837A5FC	Vehicle	ped:Ped	GetVehiclePedIsEntering
SetExclusiveScenarioGroup	c	TASK	0x535E97E1F7FC0C6A		scenarioGroup:string	
SetExplosiveAmmoThisFrame	c	MISC	0xA66C71C98D5F2CFB		player:Player	
SetExplosiveMeleeThisFrame	c	MISC	0xFF1BED81BFDC0FE0		player:Player	
SetExtraTimecycleModifier	c	GRAPHICS	0x5096FD9CCB49056D		modifierName:string	
SetExtraTimecycleModifierStrength	c	GRAPHICS	0x2C328AF17210F009		phase:number	EnableMoonCycleOverride
SetFacialClipsetOverride	c	PED	0x5687C7F05B39E401		ped:Ped,animDict:string	
SetFacialIdleAnimOverride	c	PED	0xFFC24B988B938B38		ped:Ped,animName:string,animDict:string	
SetFadeInAfterDeathArrest	c	MISC	0xDA66D2796BA33F12		toggle:boolean	
SetFadeInAfterLoad	c	MISC	0xF3D78F59DFE18D79		toggle:boolean	
SetFadeOutAfterArrest	c	MISC	0x1E0B4DC0D990A4E7		toggle:boolean	
SetFadeOutAfterDeath	c	MISC	0x4A18E01DF2C87B86		toggle:boolean	
SetFakePausemapPlayerPositionThisFrame	c	HUD	0x77E2DD177910E1CF		x:number,y:number	
SetFakeWantedLevel	c	MISC	0x1454F2448DE30163		fakeWantedLevel:integer	
SetFallDamageLandOnFootMultiplier	c	CFX	0xA9EC9A79		multiplier:number	
SetFallDamageMultiplier	c	CFX	0xB43B621B		multiplier:number	
SetFarDrawVehicles	c	VEHICLE	0x26324F33423F3CC3		toggle:boolean	
SetFarShadowsSuppressed	c	GRAPHICS	0x80ECBC0C856D3B0B		toggle:boolean	CascadeShadowsEnableEntityTracker
SetFireAmmoThisFrame	c	MISC	0x11879CDD803D30F4		player:Player	
SetFireSpreadRate	c	FIRE	0x8F390AC4155099BA		p0:number	
SetFirstPersonAimCamNearClipThisUpdate	c	CAM	0x0AF7B437918103B3		distance:number	
SetFirstPersonAimCamZoomFactor	c	CAM	0x70894BD0915C5BCA		zoomFactor:number	
SetFirstPersonCamNearClip	c	CAM	0x0AF7B437918103B3		distance:number	SetFirstPersonAimCamNearClipThisUpdate
SetFirstPersonCamPitchRange	c	CAM	0xBCFC632DB7673BF0		minAngle:number,maxAngle:number	
SetFlash	c	GRAPHICS	0x0AB84296FED9CFC6		p0:number,p1:number,fadeIn:number,duration:number,fadeOut:number	
SetFlashLightEnabled	c	WEAPON	0x988DB6FE9B3AC000		ped:Ped,toggle:boolean	
SetFlashLightFadeDistance	c	WEAPON	0xCEA66DAD478CD39B	any	distance:number	
SetFlashLightKeepOnWhileMoving	c	CFX	0x7635B349		state:boolean	
SetFloatingHelpTextScreenPosition	c	HUD	0x7679CC1BCEBE3D4C		hudIndex:integer,x:number,y:number	
SetFloatingHelpTextStyle	c	HUD	0x788E7FD431BD67F1		hudIndex:integer,style:integer,hudColor:integer,alpha:integer,arrowPosition:integer,boxOffset:integer	
SetFloatingHelpTextToEntity	c	HUD	0xB094BC1DB4018240		hudIndex:integer,entity:Entity,offsetX:number,offsetY:number	
SetFloatingHelpTextWorldPosition	c	HUD	0x784BA7E0ECEB4178		hudIndex:integer,x:number,y:number,z:number	
SetFlyCamCoordAndConstrain	c	CAM	0xC91C6C55199308CA		cam:Cam,x:number,y:number,z:number	
SetFlyCamHorizontalResponse	c	CAM	0x503F5920162365B2		cam:Cam,p1:number,p2:number,p3:number	
SetFlyCamMaxHeight	c	CAM	0xF9D02130ECDD1D77		cam:Cam,height:number	
SetFlyCamVerticalSpeedMultiplier	c	CAM	0xE827B9382CFB41BA		cam:Cam,p1:number,p2:number,p3:number	
SetFlyThroughWindscreenParams	c	CFX	0x4D3118ED	boolean	vehMinSpeed:number,unkMinSpeed:number,unkModifier:number,minDamage:number	
SetFocusArea	c	STREAMING	0xBB7454BAFF08FE25		x:number,y:number,z:number,offsetX:number,offsetY:number,offsetZ:number	SetFocusPosAndVel
SetFocusEntity	c	STREAMING	0x198F77705FA0931D		entity:Entity	
SetFocusPosAndVel	c	STREAMING	0xBB7454BAFF08FE25		x:number,y:number,z:number,offsetX:number,offsetY:number,offsetZ:number	
SetFogVolumeRenderDisabled	c	CFX	0xFBC64DA3		state:boolean	
SetFollowPedCamCutsceneChat	c	CAM	0x44A113DD6FFC48D1	boolean	camName:string,easeTime:integer	SetFollowPedCamThisUpdate
SetFollowPedCamThisUpdate	c	CAM	0x44A113DD6FFC48D1	boolean	camName:string,easeTime:integer	
SetFollowPedCamViewMode	c	CAM	0x5A4F9EDF1673F704		viewMode:integer	
SetFollowTurretSeatCam	c	CAM	0x5C90CAB09951A12F		seatIndex:integer	
SetFollowVehicleCamViewMode	c	CAM	0xAC253D7842768F48		viewMode:integer	
SetFollowVehicleCamZoomLevel	c	CAM	0x19464CB6E4078C8A		zoomLevel:integer	
SetForceFootstepUpdate	c	PED	0x129466ED55140F8D		ped:Ped,toggle:boolean	
SetForceHdVehicle	c	VEHICLE	0x97CE68CB032583F0		vehicle:Vehicle,toggle:boolean	
SetForceLowLodAnchorMode	c	VEHICLE	0xB28B1FE5BFADD7F5		boat:Vehicle,toggle:boolean	
SetForceObjectThisFrame	c	OBJECT	0xF538081986E49E9D		x:number,y:number,z:number,p3:number	
SetForcePedFootstepsTracks	c	GRAPHICS	0xAEEDAD1420C65CC0		toggle:boolean	
SetForcePlayerToJump	c	MISC	0xA1183BCFEE0F93D1		player:Player	
SetForceStepType	c	PED	0xCB968B53FC7F916D		ped:Ped,p1:boolean,type:integer,p3:integer	
SetForceVehicleTrails	c	GRAPHICS	0x4CC7F0FEA5283FE0		toggle:boolean	
SetForcedBoatLocationWhenAnchored	c	VEHICLE	0xB28B1FE5BFADD7F5		boat:Vehicle,toggle:boolean	SetForceLowLodAnchorMode
SetForkliftForkHeight	c	VEHICLE	0x37EBBF3117BD6A25		vehicle:Vehicle,height:number	
SetFrontendActive	c	HUD	0x745711A75AB09277		active:boolean	
SetFrontendRadioActive	c	AUDIO	0xF7F26C6E9CC9EBB8		active:boolean	
SetFrozenRenderingDisabled	c	GRAPHICS	0xDFC252D8A3E15AB7		toggle:boolean	TogglePausedRenderphases
SetFuelConsumptionRateMultiplier	c	CFX	0x845F3E5C		multiplier:number	
SetFuelConsumptionState	c	CFX	0x81DAD03E		state:boolean	
SetGamePaused	c	MISC	0x577D1284D6873711		toggle:boolean	
SetGamePausesForStreaming	c	STREAMING	0x717CD6E6FAEBBEDC		toggle:boolean	
SetGameType	s	CFX	0xF90B7469		gametypeName:string	
SetGameplayCamFollowPedThisUpdate	c	CAM	0x8BBACBF51DA047A8		ped:Ped	
SetGameplayCamHash	c	CAM	0x425A920FDB9A0DDA		camName:string	
SetGameplayCamRawPitch	c	CAM	0x759E13EBC1C15C5A		pitch:number	
SetGameplayCamRawYaw	c	CAM	0x103991D4A307D472		yaw:number	
SetGameplayCamRelativeHeading	c	CAM	0xB4EC2312F4E5B1F1		heading:number	
SetGameplayCamRelativePitch	c	CAM	0x6D0858B8EDFD2B7D		angle:number,scalingFactor:number	
SetGameplayCamRelativeRotation	c	CAM	0x48608C3464F58AB4		roll:number,pitch:number,yaw:number	
SetGameplayCamShakeAmplitude	c	CAM	0xA87E00932DB4D85D		amplitude:number	
SetGameplayCamVehicleCamera	c	CAM	0x21E253A7F8DA5DFB		vehicleName:string	
SetGameplayCamVehicleCameraName	c	CAM	0x11FA5D3479C7DD47		vehicleModel:Hash	
SetGameplayCoordHint	c	CAM	0xD51ADCD2D8BC0FB3		x:number,y:number,z:number,duration:integer,blendOutDuration:integer,blendInDuration:integer,unk:integer	
SetGameplayEntityHint	c	CAM	0x189E955A8313E298		entity:Entity,xOffset:number,yOffset:number,zOffset:number,p4:boolean,p5:integer,p6:integer,p7:integer,p8:any	
SetGameplayHintAngle	c	CAM	0xD1F8363DFAD03848		value:number	SetGameplayHintBaseOrbitPitchOffset
SetGameplayHintAnimCloseup	c	CAM	0xE3433EADAAF7EE40		toggle:boolean	
SetGameplayHintAnimOffsetx	c	CAM	0x5D7B620DAE436138		xOffset:number	
SetGameplayHintAnimOffsety	c	CAM	0xC92717EF615B6704		yOffset:number	
SetGameplayHintAnimOffsetz	c	CAM	0xF8BDBF3D573049A1		value:number	SetGameplayHintFollowDistanceScalar
SetGameplayHintBaseOrbitPitchOffset	c	CAM	0xD1F8363DFAD03848		value:number	
SetGameplayHintFollowDistanceScalar	c	CAM	0xF8BDBF3D573049A1		value:number	
SetGameplayHintFov	c	CAM	0x513403FB9C56211F		FOV:number	
SetGameplayObjectHint	c	CAM	0x83E87508A2CA2AC6		p0:any,p1:number,p2:number,p3:number,p4:boolean,p5:any,p6:any,p7:any	
SetGameplayPedHint	c	CAM	0x2B486269ACD548D3		p0:Ped,x1:number,y1:number,z1:number,p4:boolean,duration:integer,blendOutDuration:integer,blendInDuration:integer	
SetGameplayVehicleHint	c	CAM	0xA2297E18F3E71C2E		vehicle:Vehicle,offsetX:number,offsetY:number,offsetZ:number,p4:boolean,time:integer,easeInTime:integer,easeOutTime:integer	
SetGarbageTrucks	c	VEHICLE	0x2AFD795EEAC8D30D		toggle:boolean	
SetGhostedEntityAlpha	c	NETWORK	0x658500AE6D723A7E		alpha:integer	
SetGlobalMinBirdFlightHeight	c	TASK	0x6C6B148586F934F7		height:number	
SetGlobalPassengerMassMultiplier	c	CFX	0x1C47F6AC		massMul:number	
SetGlobalRadioSignalLevel	c	AUDIO	0x159B7318403A1CD8		signalLevel:number	
SetGpsActive	c	AUDIO	0x3BD3F52BA9B1E4E8		active:boolean	
SetGpsCustomRouteRender	c	HUD	0x900086F371220B6F		toggle:boolean,radarThickness:integer,mapThickness:integer	
SetGpsDisabledZone	c	PATHFIND	0xDC20483CD3DD5201		x1:number,y1:number,z1:number,x2:number,y2:number,z2:number	
SetGpsDisabledZoneAtIndex	c	PATHFIND	0xD0BC1C6FB18EE154		x1:number,y1:number,z1:number,x2:number,y2:number,z2:number,index:integer	
SetGpsFlags	c	HUD	0x5B440763A4C8D15B		p0:integer,p1:number	
SetGpsFlashes	c	HUD	0x320D0E0D936A0E9B		toggle:boolean	
SetGpsMultiRouteRender	c	HUD	0x3DDA37128DD1ACA8		toggle:boolean	
SetGravityLevel	c	MISC	0x740E14FAD5842351		level:integer	
SetGroupFormation	c	PED	0xCE2F5FC3AF7E8C1E		groupId:integer,formationType:integer	
SetGroupFormationSpacing	c	PED	0x1D9D45004C28C916		groupId:integer,p1:number,p2:number,p3:number	
SetGroupSeparationRange	c	PED	0x4102C7858CFEE4E4		groupHandle:integer,separationRange:number	
SetHandleRockstarMessageViaScript	c	SOCIALCLUB	0xBFA0A56A817C6C7D		toggle:boolean	
SetHandlingField	c	CFX	0xFE8064E3		vehicle:string,class_:string,fieldName:string,value:any	
SetHandlingFloat	c	CFX	0x90DD01C		vehicle:string,class_:string,fieldName:string,value:number	
SetHandlingInt	c	CFX	0x8AB3F46C		vehicle:string,class_:string,fieldName:string,value:integer	
SetHandlingVector	c	CFX	0x7F9D543		vehicle:string,class_:string,fieldName:string,value:vector3	
SetHasContentUnlocksFlags	c	STATS	0xDAC073C7901F9E15		value:integer	
SetHdArea	c	STREAMING	0xB85F26619073E775		x:number,y:number,z:number,radius:number	
SetHeadBlendPaletteColor	c	PED	0xCC9682B8951C5229		ped:Ped,r:integer,g:integer,b:integer,id:integer	
SetHealthConfigDefaultArmor	c	CFX	0x20A1E6A2		configName:string,newValue:number	
SetHealthConfigDefaultEndurance	c	CFX	0x60F20B81		configName:string,newValue:number	
SetHealthConfigDefaultHealth	c	CFX	0xC705C778		configName:string,newValue:number	
SetHealthConfigDogTakedownThreshold	c	CFX	0x9A995E96		configName:string,newValue:number	
SetHealthConfigDyingThreshold	c	CFX	0x9B00FD77		configName:string,newValue:number	
SetHealthConfigFatiguedThreshold	c	CFX	0xC58953FD		configName:string,newValue:number	
SetHealthConfigHurtThreshold	c	CFX	0x98DF1A83		configName:string,newValue:number	
SetHealthConfigInjuredThreshold	c	CFX	0xF9D9B647		configName:string,newValue:number	
SetHealthConfigInvincible	c	CFX	0x4A9EEDE6		configName:string,newValue:boolean	
SetHealthConfigMeleeFatalAttack	c	CFX	0xDD443E53		configName:string,newValue:boolean	
SetHealthConfigWritheFromBulletThreshold	c	CFX	0xE97633CB		configName:string,newValue:number	
SetHealthHudDisplayValues	c	HUD	0x3F5CC444DCAAA8F2		health:integer,capacity:integer,wasAdded:boolean	
SetHeliBladesFullSpeed	c	VEHICLE	0xA178472EBB8AE60D		vehicle:Vehicle	
SetHeliBladesSpeed	c	VEHICLE	0xFD280B4D7F3ABC4D		vehicle:Vehicle,speed:number	
SetHeliCombatOffset	c	VEHICLE	0x0A3F820A9A9A9AC5		vehicle:Vehicle,x:number,y:number,z:number	
SetHeliMainRotorHealth	c	VEHICLE	0x4056EA1105F5ABD7		vehicle:Vehicle,health:number	
SetHeliResistToExplosion	c	VEHICLE	0x8074CC1886802912		helicopter:Vehicle,bResistToExplosion:boolean	
SetHeliTailBoomCanBreakOff	c	VEHICLE	0x3EC8BF18AA453FE9		heli:Vehicle,toggle:boolean	
SetHeliTailExplodeThrowDashboard	c	VEHICLE	0x3EC8BF18AA453FE9		heli:Vehicle,toggle:boolean	SetHeliTailBoomCanBreakOff
SetHeliTailRotorHealth	c	VEHICLE	0xFE205F38AAA58E5B		vehicle:Vehicle,health:number	
SetHeliTurbulenceScalar	c	VEHICLE	0xE6F13851780394DA		vehicle:Vehicle,p1:number	
SetHelicopterRollPitchYawMult	c	VEHICLE	0x6E0859B530A365CC		helicopter:Vehicle,multiplier:number	
SetHelpMessageTextStyle	c	HUD	0xB9C362BABECDDC7A		style:integer,hudColor:integer,alpha:integer,p3:integer,p4:integer	
SetHidofEnvBlurParams	c	GRAPHICS	0xBA3D65906822BED5		p0:boolean,p1:boolean,nearplaneOut:number,nearplaneIn:number,farplaneOut:number,farplaneIn:number	SetHidofOverride
SetHidofOverride	c	GRAPHICS	0xBA3D65906822BED5		p0:boolean,p1:boolean,nearplaneOut:number,nearplaneIn:number,farplaneOut:number,farplaneIn:number	
SetHighFallTask	c	TASK	0x8C825BDC7741D37C		ped:Ped,duration:any,p2:any,p3:any	
SetHornEnabled	c	AUDIO	0x76D683C108594D0E		vehicle:Vehicle,toggle:boolean	
SetHornPermanentlyOnTime	c	AUDIO	0x9D3AF56E94C9AE98		vehicle:Vehicle,time:number	
SetHoverModeWingRatio	c	VEHICLE	0x70A252F60A3E036B		vehicle:Vehicle,ratio:number	
SetHttpHandler	s	CFX	0xF5C6330C		handler:function	
SetHudAnimStopLevel	c	PLAYER	0xDE45D1A1EF45EE61		player:Player,toggle:boolean	N_0xde45d1a1ef45ee61
SetHudColour	c	HUD	0xF314CF4F0211894E		hudColorIndex:integer,r:integer,g:integer,b:integer,a:integer	ReplaceHudColourWithRgba
SetHudColoursSwitch	c	HUD	0x1CCC708F0F850613		hudColorIndex:integer,hudColorIndex2:integer	ReplaceHudColour
SetHudComponentAlign	c	CFX	0xEED219F2		id:integer,horizontalAlign:integer,verticalAlign:integer	
SetHudComponentPosition	c	HUD	0xAABB1F56E2A17CED		id:integer,x:number,y:number	
SetHudComponentSize	c	CFX	0x7644A9FA		id:integer,x:number,y:number	
SetHydraulicRaised	c	VEHICLE	0x28B18377EB6E25F6		vehicle:Vehicle,toggle:boolean	
SetHydraulicState	c	VEHICLE	0x84EA99C62CB3EF0C		vehicle:Vehicle,wheelId:integer,value:number	SetHydraulicWheelValue
SetHydraulicWheelState	c	VEHICLE	0x8EA86DF356801C7D		vehicle:Vehicle,state:integer	
SetHydraulicWheelStateTransition	c	VEHICLE	0xC24075310A8B9CD1		vehicle:Vehicle,wheelId:integer,state:integer,value:number,p4:number	
SetHydraulicWheelValue	c	VEHICLE	0x84EA99C62CB3EF0C		vehicle:Vehicle,wheelId:integer,value:number	
SetIgnoreLowPriorityShockingEvents	c	PLAYER	0x596976B02B6B5700		player:Player,toggle:boolean	
SetIgnoreNoGpsFlag	c	PATHFIND	0x72751156E7678833		toggle:boolean	
SetIgnoreSecondaryRouteNodes	c	PATHFIND	0x1FC289A0C3FF470F		toggle:boolean	
SetIkTarget	c	PED	0xC32779C16FCEECD9		ped:Ped,ikIndex:integer,entityLookAt:Entity,boneLookAt:integer,offsetX:number,offsetY:number,offsetZ:number,ikTargetFlags:integer,blendInDuration:integer,blendOutDuration:integer	
SetInVehicleCamStateThisUpdate	c	CAM	0xE9EA16D6E54CDCA4		p0:Vehicle,p1:integer	
SetIncidentRequestedUnits	c	MISC	0xB08B85D860E7BA3C		incidentId:integer,dispatchService:integer,numUnits:integer	
SetIncidentUnk	c	MISC	0xD261BA3E7E998072		incidentId:integer,p1:number	
SetInitialPlayerStation	c	AUDIO	0x88795F13FACDA88D		radioStation:string	
SetInputExclusive	c	PAD	0xEDE476E5EE29EDB1		padIndex:integer,control:integer	
SetInstancePriorityHint	c	MISC	0xC5F0A8EBD3F361CE		flag:integer	
SetInstancePriorityMode	c	MISC	0x9BAE5AD2508DF078		toggle:integer	
SetInteriorActive	c	STREAMING	0xE37B76C387BE28ED		interiorID:integer,toggle:boolean	
SetInteriorEntitySetColor	c	INTERIOR	0xC1F1920BAF281317		interior:integer,entitySetName:string,color:integer	
SetInteriorPortalCornerPosition	c	CFX	0x87F43553		interiorId:integer,portalIndex:integer,cornerIndex:integer,posX:number,posY:number,posZ:number	
SetInteriorPortalEntityFlag	c	CFX	0x8349CD76		interiorId:integer,portalIndex:integer,entityIndex:integer,flag:integer	
SetInteriorPortalFlag	c	CFX	0x88B2355E		interiorId:integer,portalIndex:integer,flag:integer	
SetInteriorPortalRoomFrom	c	CFX	0x298FC783		interiorId:integer,portalIndex:integer,roomFrom:integer	
SetInteriorPortalRoomTo	c	CFX	0x58982680		interiorId:integer,portalIndex:integer,roomTo:integer	
SetInteriorProbeLength	c	CFX	0x423F7E39		probeLength:number	
SetInteriorPropColor	c	INTERIOR	0xC1F1920BAF281317		interior:integer,entitySetName:string,color:integer	SetInteriorEntitySetColor
SetInteriorRoomExtents	c	CFX	0x4FDCF51E		interiorId:integer,roomIndex:integer,bbMinX:number,bbMinY:number,bbMinZ:number,bbMaxX:number,bbMaxY:number,bbMaxZ:number	
SetInteriorRoomFlag	c	CFX	0x5518D60B		interiorId:integer,roomIndex:integer,flag:integer	
SetInteriorRoomTimecycle	c	CFX	0x31C9A848		interiorId:integer,roomIndex:integer,timecycleHash:integer	
SetInteriorZoomLevelDecreased	c	HUD	0x7EC8ABA5E74B3D7A		toggle:boolean	
SetInteriorZoomLevelIncreased	c	HUD	0x504DFE62A1692296		toggle:boolean	
SetIsInTournament	c	HUD	0xCEF214315D276FD1		toggle:boolean	FlagPlayerContextInTournament
SetIslandEnabled	c	STREAMING	0x9A9D1BA639675CF1		islandName:string,toggle:boolean	
SetIslandHopperEnabled	c	STREAMING	0x9A9D1BA639675CF1		islandName:string,toggle:boolean	SetIslandEnabled
SetKeyMappingHideResources	c	CFX	0xCB0241B5		hide:boolean	
SetKillFallHeight	c	CFX	0x24091E09		height:number	
SetLastDrivenVehicle	c	VEHICLE	0xACFB2463CC22BED2		vehicle:Vehicle	
SetLaunchControlEnabled	c	PHYSICS	0xAA6A6098851C396F		toggle:boolean	
SetLightAlpha	c	CFX	0xC0EBC38		alpha:number	
SetLightAo	c	CFX	0xE155B53B		intensity:number,radius:number,bias:number,intensity2:number	
SetLightCapsuleSize	c	CFX	0xA3881271		size:number	
SetLightClipRect	c	CFX	0xD9DD0717		x:integer,y:integer,width:integer,height:integer	
SetLightColor	c	CFX	0x65FE5132		r:integer,g:integer,b:integer	
SetLightCone	c	CFX	0x9FE89EF5		innerConeAngle:number,outerConeAngle:number	
SetLightCoords	c	CFX	0x8950BD08		x:number,y:number,z:number	
SetLightDirection	c	CFX	0xA6FE1977		xDir:number,yDir:number,zDir:number,xTanDir:number,yTanDir:number,zTanDir:number	
SetLightExtraflags	c	CFX	0xB2D37E97		extraFlags:integer	
SetLightFadeDistance	c	CFX	0xFA46714D		fadeDistance:integer	
SetLightFalloff	c	CFX	0x4D7F6E03		falloff:number	
SetLightFlags	c	CFX	0x28B22733		flags:integer	
SetLightHeadlight	c	CFX	0xFF44D502		intensity:number,range:number	
SetLightIntensity	c	CFX	0x2CC9A71C		intensity:number	
SetLightInterior	c	CFX	0x1CC72443		interiorId:integer,isPortal:boolean,roomIndex:integer	
SetLightPlane	c	CFX	0xE46E0CDF		x:number,y:number,z:number,w:number	
SetLightRadius	c	CFX	0x4A4B5CBE		radius:number	
SetLightShadowDetails	c	CFX	0xA40EAC1A		shadowFlags:integer,shadowDistance:number,shadowFade:number,shadowDepthBiasScale:number	
SetLightShadowFadeDistance	c	CFX	0x3C54C2A8		fadeDistance:integer	
SetLightSpecularFadeDistance	c	CFX	0xC3A35A50		fadeDistance:integer	
SetLightTexture	c	CFX	0x55A50736		textureDict:string,textureHash:integer	
SetLightType	c	CFX	0xCB58679D		lightType:integer	
SetLightVolumeDetails	c	CFX	0x2F731AE7		volIntensity:number,volSizeScale:number,r:number,g:number,b:number,i:number,outerExponent:number	
SetLightVolumetricFadeDistance	c	CFX	0xE1F41605		volumetricFadeDistance:integer	
SetLightsCutoffDistanceTweak	c	VEHICLE	0xBC3CCA5844452B06		distance:number	
SetLoadingPromptTextEntry	c	HUD	0xABA17D7CE615ADBF		string:string	BeginTextCommandBusyspinnerOn
SetLocalPlayerAsGhost	c	NETWORK	0x5FFE9B4144F9712F		toggle:boolean	
SetLocalPlayerCanCollectPortablePickups	c	OBJECT	0x78857FC65CADB909		p0:boolean	
SetLocalPlayerCanUsePickupsWithThisModel	c	OBJECT	0x88EAEC617CD26926		modelHash:Hash,toggle:boolean	
SetLocalPlayerInvisibleLocally	c	NETWORK	0xE5F773C1A1D9D168		p0:boolean	
SetLocalPlayerVisibleInCutscene	c	NETWORK	0xD1065D68947E7B6E		p0:boolean,p1:boolean	
SetLocalPlayerVisibleLocally	c	NETWORK	0x7619364C82D3BF14		p0:boolean	
SetMainPlayerBlipColour	c	HUD	0x7B21E0BB01E8224A		color:integer	
SetManualShutdownLoadingScreenNui	c	CFX	0x1722C938		manualShutdown:boolean	
SetMapFullScreen	c	HUD	0x5354C5BA2EA868A4		toggle:boolean	RaceGalleryFullscreen
SetMapName	s	CFX	0xB7BA82DC		mapName:string	
SetMapZoomDataLevel	c	CFX	0x447C718E		index:integer,zoomScale:number,zoomSpeed:number,scrollSpeed:number,tilesX:number,tilesY:number	
SetMapdatacullboxEnabled	c	STREAMING	0xAF12610C644A35C9		name:string,toggle:boolean	
SetMaxArmourHudDisplay	c	HUD	0x06A320535F5F0248		maximumValue:integer	
SetMaxHealthHudDisplay	c	HUD	0x975D66A0BC17064C		maximumValue:integer	
SetMaxNumPortablePickupsCarriedByPlayer	c	OBJECT	0x0BF3B3BD47D79C08		modelHash:Hash,p1:integer	
SetMaxWantedLevel	c	PLAYER	0xAA5F02DB48D704B9		maxWantedLevel:integer	
SetMicrophonePosition	c	AUDIO	0xB6AE90EDDE95C762		p0:boolean,x1:number,y1:number,z1:number,x2:number,y2:number,z2:number,x3:number,y3:number,z3:number	
SetMillisecondsPerGameMinute	c	CFX	0x36CA2554		value:integer	
SetMinigameInProgress	c	MISC	0x19E00D7322C6F85B		toggle:boolean	
SetMinimapAltitudeIndicatorLevel	c	HUD	0xD201F3FF917A506D		altitude:number,p1:boolean	
SetMinimapAttitudeIndicatorLevel	c	HUD	0xD201F3FF917A506D		altitude:number,p1:boolean	SetMinimapAltitudeIndicatorLevel
SetMinimapBlockWaypoint	c	HUD	0x58FADDED207897DC		toggle:boolean	
SetMinimapClipType	c	CFX	0xB8B4490C		type:integer	
SetMinimapComponent	c	HUD	0x75A9A10948D1DEA6	integer	componentID:integer,toggle:boolean,hudColor:integer	
SetMinimapComponentPosition	c	CFX	0x3E882B23		name:string,alignX:string,alignY:string,posX:number,posY:number,sizeX:number,sizeY:number	
SetMinimapFowRevealCoordinate	c	HUD	0x0923DBF87DFF735E		x:number,y:number,z:number	
SetMinimapGolfCourse	c	HUD	0x71BDB63DBAF8DA59		hole:integer	
SetMinimapGolfCourseOff	c	HUD	0x35EDD5B2E3FF01C0			
SetMinimapHideFow	c	HUD	0xF8DEE0A5600CBB93		toggle:boolean	
SetMinimapInPrologue	c	HUD	0x9133955F1A2DA957		toggle:boolean	
SetMinimapInSpectatorMode	c	HUD	0x1A5CD7752DD28CD3		toggle:boolean,ped:Ped	
SetMinimapOverlayDisplay	c	CFX	0x6A48B3CA		miniMap:integer,x:number,y:number,xScale:number,yScale:number,alpha:number	
SetMinimapRevealed	c	HUD	0xF8DEE0A5600CBB93		toggle:boolean	SetMinimapHideFow
SetMinimapSonarEnabled	c	HUD	0x6B50FC8749632EC1		toggle:boolean	SetMinimapSonarSweep
SetMinimapSonarSweep	c	HUD	0x6B50FC8749632EC1		toggle:boolean	
SetMissionFlag	c	MISC	0xC4301E5121A0ED73		toggle:boolean	
SetMissionName	c	HUD	0x5F28ECF5FC84772F		p0:boolean,name:string	
SetMissionName_2	c	HUD	0xE45087D85F468BC2		p0:boolean,name:string	
SetMissionTrainAsNoLongerNeeded	c	VEHICLE	0xBBE7648349B49BE8	Vehicle	p1:boolean	
SetMissionTrainCoords	c	VEHICLE	0x591CA673AA6AB736		train:Vehicle,x:number,y:number,z:number	
SetMobilePhoneDofState	c	MOBILE	0x375A706A5C2FD084		toggle:boolean	
SetMobilePhonePosition	c	MOBILE	0x693A5C6D6734085B		posX:number,posY:number,posZ:number	
SetMobilePhoneRadioState	c	AUDIO	0xBF286C554784F3DF		state:boolean	
SetMobilePhoneRotation	c	MOBILE	0xBB779C0CA917E865		rotX:number,rotY:number,rotZ:number,p3:any	
SetMobilePhoneScale	c	MOBILE	0xCBDD322A73D6D932		scale:number	
SetMobilePhoneUnk	c	MOBILE	0x375A706A5C2FD084		toggle:boolean	SetMobilePhoneDofState
SetMobileRadioEnabledDuringGameplay	c	AUDIO	0x1098355A16064BB3		toggle:boolean	
SetModelAsNoLongerNeeded	c	STREAMING	0xE532F5D78798DAAB		model:Hash	
SetModelHeadlightConfiguration	c	CFX	0x7F6B8D75		modelHash:Hash,ratePerSecond:number,headlightRotation:number,invertRotation:boolean	
SetMountedWeaponTarget	c	TASK	0xCCD892192C6D2BB9		shootingPed:Ped,targetPed:Ped,targetVehicle:Vehicle,x:number,y:number,z:number	
SetMouseCursorActiveThisFrame	c	HUD	0xAAE7CE1D63167423			SetMouseCursorThisFrame
SetMouseCursorSprite	c	HUD	0x8DB8CFFD58B62552		style:integer	SetMouseCursorStyle
SetMouseCursorStyle	c	HUD	0x8DB8CFFD58B62552		style:integer	
SetMouseCursorThisFrame	c	HUD	0xAAE7CE1D63167423			
SetMouseCursorVisible	c	HUD	0x98215325A695E78A		isVisible:boolean	
SetMouseCursorVisibleInMenus	c	HUD	0x98215325A695E78A		isVisible:boolean	SetMouseCursorVisible
SetMovementModeOverride	c	PED	0x781DE8FA214E87D2		ped:Ped,name:string	
SetMpGamerHealthBarDisplay	c	HUD	0xD29EC58C2F6B5014		gamerTagId:integer,toggle:boolean	SetMpGamerTagDisablePlayerHealthSync
SetMpGamerHealthBarMax	c	HUD	0x1563FE35E9928E67		gamerTagId:integer,health:integer,maximumHealth:integer	SetMpGamerTagOverridePlayerHealth
SetMpGamerTag	c	HUD	0xEE76FF7E6A0166B0		gamerTagId:integer,toggle:boolean	SetMpGamerTagVisibilityAll
SetMpGamerTagAlpha	c	HUD	0xD48FE545CD46F857		gamerTagId:integer,component:integer,alpha:integer	
SetMpGamerTagBigText	c	HUD	0x7B7723747CCB55B6		gamerTagId:integer,string:string	
SetMpGamerTagChatting	c	HUD	0x7B7723747CCB55B6		gamerTagId:integer,string:string	SetMpGamerTagBigText
SetMpGamerTagColor	c	HUD	0x6DD05E9D83EFA4C9		player:Player,username:string,crewIsPrivate:boolean,crewIsRockstar:boolean,crewName:string,crewRank:integer,crewR:integer,crewG:integer,crewB:integer	CreateMpGamerTagWithCrewColor
SetMpGamerTagColour	c	HUD	0x613ED644950626AE		gamerTagId:integer,component:integer,hudColorIndex:integer	
SetMpGamerTagDisablePlayerHealthSync	c	HUD	0xD29EC58C2F6B5014		gamerTagId:integer,toggle:boolean	
SetMpGamerTagEnabled	c	HUD	0xEE76FF7E6A0166B0		gamerTagId:integer,toggle:boolean	SetMpGamerTagVisibilityAll
SetMpGamerTagHealthBarColor	c	HUD	0x3158C77A7E888AB4		gamerTagId:integer,hudColorIndex:integer	SetMpGamerTagHealthBarColour
SetMpGamerTagHealthBarColour	c	HUD	0x3158C77A7E888AB4		gamerTagId:integer,hudColorIndex:integer	
SetMpGamerTagIcons	c	HUD	0xA67F9C46D612B6F1		gamerTagId:integer,toggle:boolean	SetMpGamerTagUseVehicleHealth
SetMpGamerTagMpBagLargeCount	c	HUD	0x9C16459B2324B2CF		gamerTagId:integer,count:integer	
SetMpGamerTagName	c	HUD	0xDEA2B8283BAA3944		gamerTagId:integer,string:string	
SetMpGamerTagOverridePlayerHealth	c	HUD	0x1563FE35E9928E67		gamerTagId:integer,health:integer,maximumHealth:integer	
SetMpGamerTagUnk	c	HUD	0x9C16459B2324B2CF		gamerTagId:integer,count:integer	SetMpGamerTagMpBagLargeCount
SetMpGamerTagUseVehicleHealth	c	HUD	0xA67F9C46D612B6F1		gamerTagId:integer,toggle:boolean	
SetMpGamerTagVisibility	c	HUD	0x63BB75ABEDC1F6A0		gamerTagId:integer,component:integer,toggle:boolean	
SetMpGamerTagVisibilityAll	c	HUD	0xEE76FF7E6A0166B0		gamerTagId:integer,toggle:boolean	
SetMpGamerTagWantedLevel	c	HUD	0xCF228E2AA03099C3		gamerTagId:integer,wantedlvl:integer	
SetMpGamerTag_	c	HUD	0xEE76FF7E6A0166B0		gamerTagId:integer,toggle:boolean	SetMpGamerTagVisibilityAll
SetMpGamerTagsUseVehicleBehavior	c	CFX	0x7A27BC93		enabled:boolean	
SetMpGamerTagsVisibleDistance	c	CFX	0xD61676B3		distance:number	
SetMultiplayerBankCash	c	HUD	0xDD21B55DF695CD0A			
SetMultiplayerHudCash	c	HUD	0xFD1D220394BCB824		p0:integer,p1:integer	
SetMultiplayerWalletCash	c	HUD	0xC2D15BEF167E27BC			
SetNetworkCutsceneEntities	c	NETWORK	0xAAA553E7DD28A457		toggle:boolean	
SetNetworkEnableVehiclePositionCorrection	c	NETWORK	0x838DA0936A24ED4D		vehicle:Vehicle,toggle:boolean	
SetNetworkIdAlwaysExistsForPlayer	c	NETWORK	0xA8A024587329F36A		netId:integer,player:Player,toggle:boolean	
SetNetworkIdCanMigrate	c	NETWORK	0x299EEB23175895FC		netId:integer,toggle:boolean	
SetNetworkIdExistsOnAllMachines	c	NETWORK	0xE05E81A888FA63C8		netId:integer,toggle:boolean	
SetNetworkIdSyncToPlayer	c	NETWORK	0xA8A024587329F36A		netId:integer,player:Player,toggle:boolean	SetNetworkIdAlwaysExistsForPlayer
SetNetworkIdVisibleInCutscene	c	NETWORK	0xA6928482543022B4		netId:integer,p1:boolean,p2:boolean	
SetNetworkObjectNonContact	c	NETWORK	0x6274C4712850841E		vehicle:Vehicle,toggle:boolean	SetNetworkVehicleAsGhost
SetNetworkVehicleAsGhost	c	NETWORK	0x6274C4712850841E		vehicle:Vehicle,toggle:boolean	
SetNetworkVehicleBlenderDistanceMultiplier	c	NETWORK	0xA2A707979FE754DC		vehicle:Vehicle,multiplier:number	SetNetworkVehiclePositionUpdateMultiplier
SetNetworkVehiclePositionUpdateMultiplier	c	NETWORK	0xA2A707979FE754DC		vehicle:Vehicle,multiplier:number	
SetNetworkVehicleRespotTimer	c	NETWORK	0xEC51713AB6EC36E8		netId:integer,time:integer	
SetNewWaypoint	c	HUD	0xFE43368D2AA4F2FC		x:number,y:number	
SetNextDesiredMoveState	c	TASK	0xF1B9F16E89E2C93A		p0:number	
SetNextPlayerTcmodifier	c	GRAPHICS	0xBF59707B3E5ED531		modifierName:string	
SetNextRespawnToCustom	c	MISC	0xA2716D40842EAF79			ClearRestartCustomPosition
SetNightvision	c	GRAPHICS	0x18F621F7A5B1F85D		toggle:boolean	
SetNitrousIsActive	c	VEHICLE	0x465EEA70AF251045		vehicle:Vehicle,isActive:boolean	
SetNoLoadingScreen	c	SCRIPT	0x5262CC1995D07E09		toggle:boolean	
SetNoiseoveride	c	GRAPHICS	0xE787BF1C5CF823C9		toggle:boolean	
SetNoisinessoveride	c	GRAPHICS	0xCB6A7C3BB17A0C67		value:number	
SetNorthYanktonMap	c	HUD	0x9133955F1A2DA957		toggle:boolean	SetMinimapInPrologue
SetNotificationBackgroundColor	c	HUD	0x92F0DA1E27DB96DC		hudColorIndex:integer	ThefeedSetNextPostBackgroundColor
SetNotificationColorNext	c	HUD	0x39BBF623FC803EAC		hudColor:integer	SetColourOfNextTextComponent
SetNotificationFlashColor	c	HUD	0x17430B918701C342		red:integer,green:integer,blue:integer,alpha:integer	ThefeedSetAnimpostfxColor
SetNotificationMessage	c	HUD	0x1CCD9A37359072CF	integer	textureDict:string,textureName:string,flash:boolean,iconType:integer,sender:string,subject:string	EndTextCommandThefeedPostMessagetext
SetNotificationMessageClanTag	c	HUD	0x5CBF7BADE20DB93E	integer	picTxd:string,picTxn:string,flash:boolean,iconType:integer,nameStr:string,subtitleStr:string,duration:number,crewPackedStr:string	EndTextCommandThefeedPostMessagetextWithCrewTag
SetNotificationMessageClanTag_2	c	HUD	0x531B84E7DA981FB6	integer	picTxd:string,picTxn:string,flash:boolean,iconType1:integer,nameStr:string,subtitleStr:string,duration:number,crewPackedStr:string,iconType2:integer,textColor:integer	EndTextCommandThefeedPostMessagetextWithCrewTagAndAdditionalIcon
SetNotificationMessage_2	c	HUD	0x2B7E9A4EAAA93C89	integer	statTitle:string,iconEnum:integer,stepVal:boolean,barValue:integer,isImportant:boolean,picTxd:string,picTxn:string	EndTextCommandThefeedPostStats
SetNotificationMessage_3	c	HUD	0xC6F580E4C94926AC	integer	txdName:string,textureName:string,flash:boolean,iconType:integer,sender:string,subject:string	EndTextCommandThefeedPostMessagetextGxtEntry
SetNotificationMessage_4	c	HUD	0x1E6611149DB3DB6B	integer	picTxd:string,picTxn:string,flash:boolean,iconType:integer,nameStr:string,subtitleStr:string,durationMultiplier:number	EndTextCommandThefeedPostMessagetextTu
SetNotificationTextEntry	c	HUD	0x202709F4C58A0424		text:string	BeginTextCommandThefeedPost
SetNuiFocus	c	CFX	0x5B98AE30		hasFocus:boolean,hasCursor:boolean	
SetNuiFocusKeepInput	c	CFX	0x3FF5E5F8		keepInput:boolean	
SetNuiZindex	c	CFX	0x3734AAFF		zIndex:integer	
SetNumberOfParkedVehicles	c	VEHICLE	0xCAA15F13EBD417FF		value:integer	
SetObjectAllowLowLodBuoyancy	c	OBJECT	0x4D89D607CB3DD1D2		object:Object,toggle:boolean	
SetObjectAsNoLongerNeeded	c	ENTITY	0x3AE22DEB5BA5A3E6	Object	object:Object	
SetObjectCanClimbOn	c	OBJECT	0x4D89D607CB3DD1D2		object:Object,toggle:boolean	SetObjectAllowLowLodBuoyancy
SetObjectColour	c	OBJECT	0x3B2FD68DB5F8331C		object:Object,toggle:boolean,R:integer,G:integer,B:integer	N_0x3b2fd68db5f8331c
SetObjectForceVehiclesToAvoid	c	OBJECT	0x77F33F2CCF64B3AA		object:Object,toggle:boolean	
SetObjectLightColor	c	OBJECT	0x5F048334B4A4E774	any	object:Object,p1:boolean,r:integer,g:integer,b:integer	
SetObjectPhysicsParams	c	OBJECT	0xF6DF6E90DE7DF90F		object:Object,mass:number,gravityFactor:number,linearC:number,linearV:number,linearV2:number,angularC:number,angularV:number,angularV2:number,p9:number,maxAngSpeed:number,buoyancyFactor:number	
SetObjectSomething	c	OBJECT	0x77F33F2CCF64B3AA		object:Object,toggle:boolean	SetObjectForceVehiclesToAvoid
SetObjectStuntPropDuration	c	OBJECT	0xDF6CA0330F2E737B		object:Object,duration:number	
SetObjectStuntPropSpeedup	c	OBJECT	0x96EE0EBA0163DF80		object:Object,intensity:integer	
SetObjectTargettable	c	OBJECT	0x8A7391690F5AFD81		object:Object,targettable:boolean	
SetObjectTargettableByPlayer	c	OBJECT	0xB39F03368DB0CAA2		object:Object,setFlag34:boolean,setFlag35:boolean	
SetObjectTextureVariant	c	OBJECT	0x971DA0055324D033		object:Object,textureVariation:integer	SetObjectTextureVariation
SetObjectTextureVariation	c	OBJECT	0x971DA0055324D033		object:Object,textureVariation:integer	
SetOpenRearDoorsOnExplosion	c	VEHICLE	0x1B212B26DD3C04DF		vehicle:Vehicle,toggle:boolean	
SetOppressorTransformState	c	VEHICLE	0x544996C0081ABDEB		vehicle:Vehicle,extend:boolean	
SetOverrideNitrousLevel	c	VEHICLE	0xC8E9B6B71B8E660D		vehicle:Vehicle,override:boolean	
SetOverrideWeather	c	MISC	0xA43D5C6FE51ADBEF		weatherType:string	
SetPadShake	c	PAD	0x48B3886C1358D0D5		padIndex:integer,duration:integer,frequency:integer	
SetParachuteTaskTarget	c	TASK	0xC313379AF0FCEDA7		ped:Ped,x:number,y:number,z:number	
SetParachuteTaskThrust	c	TASK	0x0729BAC1B8C64317		ped:Ped,thrust:number	
SetParkedVehicleDensityMultiplierThisFrame	c	VEHICLE	0xEAE6DCC7EEE3DB1D		multiplier:number	
SetParticleFxAssetOldToNew	c	GRAPHICS	0xEA1E2D93F6F75ED9		oldAsset:string,newAsset:string	SetParticleFxOverride
SetParticleFxBloodScale	c	GRAPHICS	0x5F6DF3D92271E8A1		toggle:boolean	N_0x5f6df3d92271e8a1
SetParticleFxBulletImpactScale	c	GRAPHICS	0x27E32866E9A5C416		scale:number	
SetParticleFxCamInsideNonplayerVehicle	c	GRAPHICS	0xACEE6F360FC1F6B6		vehicle:Vehicle,p1:boolean	
SetParticleFxCamInsideVehicle	c	GRAPHICS	0xEEC4047028426510		p0:boolean	
SetParticleFxLoopedAlpha	c	GRAPHICS	0x726845132380142E		ptfxHandle:integer,alpha:number	
SetParticleFxLoopedColour	c	GRAPHICS	0x7F8F65877F88783B		ptfxHandle:integer,r:number,g:number,b:number,bLocalOnly:boolean	
SetParticleFxLoopedEvolution	c	GRAPHICS	0x5F0C4B5B1C393BE2		ptfxHandle:integer,propertyName:string,amount:number,noNetwork:boolean	
SetParticleFxLoopedFarClipDist	c	GRAPHICS	0xDCB194B85EF7B541		ptfxHandle:integer,range:number	
SetParticleFxLoopedOffsets	c	GRAPHICS	0xF7DDEBEC43483C43		ptfxHandle:integer,x:number,y:number,z:number,rotX:number,rotY:number,rotZ:number	
SetParticleFxLoopedRange	c	GRAPHICS	0xDCB194B85EF7B541		ptfxHandle:integer,range:number	SetParticleFxLoopedFarClipDist
SetParticleFxLoopedScale	c	GRAPHICS	0xB44250AAA456492D		ptfxHandle:integer,scale:number	
SetParticleFxNonLoopedAlpha	c	GRAPHICS	0x77168D722C58B2FC		alpha:number	
SetParticleFxNonLoopedColour	c	GRAPHICS	0x26143A59EF48B262		r:number,g:number,b:number	
SetParticleFxNonLoopedEmitterScale	c	GRAPHICS	0x1E2E01C00837D26E		p0:number,p1:number,scale:number	
SetParticleFxOverride	c	GRAPHICS	0xEA1E2D93F6F75ED9		oldAsset:string,newAsset:string	
SetParticleFxShootoutBoat	c	GRAPHICS	0x96EF97DAEB89BEF5		p0:any	
SetPauseMenuActive	c	HUD	0xDF47FC56C71569CF		toggle:boolean	
SetPauseMenuPedLighting	c	HUD	0x3CA6050692BC61B0		state:boolean	
SetPauseMenuPedSleepState	c	HUD	0xECF128344E9FF9F1		state:boolean	
SetPedAccuracy	c	PED	0x7AEFB85C1D49DEB6		ped:Ped,accuracy:integer	
SetPedAiBlip	c	HUD	0xD30C50DF888D58B5		ped:Ped,hasCone:boolean	SetPedHasAiBlip
SetPedAiBlipForcedOn	c	HUD	0x0C4BBF625CA98C4E		ped:Ped,toggle:boolean	
SetPedAiBlipGangId	c	HUD	0xE52B8E7F85D39A08		ped:Ped,gangId:integer	
SetPedAiBlipHasCone	c	HUD	0x3EED80DFF7325CAA		ped:Ped,toggle:boolean	
SetPedAiBlipNoticeRange	c	HUD	0x97C65887D4B37FA9		ped:Ped,range:number	
SetPedAiBlipSprite	c	HUD	0xFCFACD0DB9D7A57D		ped:Ped,spriteId:integer	
SetPedAlertness	c	PED	0xDBA71115ED9941A6		ped:Ped,value:integer	
SetPedAllowVehiclesOverride	c	PED	0x3C028C636A414ED9		ped:Ped,toggle:boolean	
SetPedAllowedToDuck	c	PED	0xDA1F1B7BE1A8766F		ped:Ped,toggle:boolean	
SetPedAlternateMovementAnim	c	PED	0x90A43CC281FFAB46		ped:Ped,stance:integer,animDictionary:string,animationName:string,p4:number,p5:boolean	
SetPedAlternateWalkAnim	c	PED	0x6C60394CB4F75E9A		ped:Ped,animDict:string,animName:string,p3:number,p4:boolean	
SetPedAmmo	b	WEAPON	0x14E56BC5B5DB6A19		ped:Ped,weaponHash:Hash,ammo:integer	
SetPedAmmoByType	c	WEAPON	0x5FD1E1F011E76D7E		ped:Ped,ammoType:Hash,ammo:integer	
SetPedAmmoToDrop	c	WEAPON	0xA4EFEF9440A5B0EF		ped:Ped,ammo:integer	
SetPedAngledDefensiveArea	c	PED	0xC7F76DF27A5045A1		ped:Ped,p1:number,p2:number,p3:number,p4:number,p5:number,p6:number,p7:number,p8:boolean,p9:boolean	
SetPedAoBlobRendering	c	PED	0x2B5AA717A181FB4C		ped:Ped,toggle:boolean	
SetPedArmour	b	PED	0xCEA04D83135264CC		ped:Ped,amount:integer	
SetPedAsCop	c	PED	0xBB03C38DD3FB7FFD		ped:Ped,toggle:boolean	
SetPedAsEnemy	c	PED	0x02A0C9720B854BFA		ped:Ped,toggle:boolean	
SetPedAsGroupLeader	c	PED	0x2A7819605465FBCE		ped:Ped,groupId:integer	
SetPedAsGroupMember	c	PED	0x9F3480FE65DB31B5		ped:Ped,groupId:integer	
SetPedAsNoLongerNeeded	c	ENTITY	0x2595DD4236549CE3	Ped	ped:Ped	
SetPedAudioFootstepLoud	c	AUDIO	0x0653B735BFBDFE87		ped:Ped,toggle:boolean	
SetPedAudioFootstepQuiet	c	AUDIO	0x29DA3CA8D8B2692D		ped:Ped,enabled:boolean	SetPedClothEventsEnabled
SetPedAudioGender	c	AUDIO	0xA5342D390CDA41D6		ped:Ped,p1:boolean	
SetPedBlendFromParents	c	PED	0x137BBD05230DB22D		ped:Ped,father:Ped,mother:Ped,fathersSide:number,mothersSide:number	
SetPedBlocksPathingWhenDead	c	PED	0x576594E8D64375E2		ped:Ped,toggle:boolean	
SetPedBoundsOrientation	c	PED	0x4F5F651ACCC9C4CF		ped:Ped,p1:number,p2:number,p3:number,p4:number,p5:number	
SetPedCanArmIk	c	PED	0x6C3B4D6D13B4C841		ped:Ped,toggle:boolean	
SetPedCanBeDraggedOut	c	PED	0xC1670E958EEE24E5		ped:Ped,toggle:boolean	
SetPedCanBeKnockedOffVehicle	c	PED	0x7A6535691B477C48		ped:Ped,state:integer	
SetPedCanBeShotInVehicle	c	PED	0xC7EF1BA83230BA07		ped:Ped,toggle:boolean	
SetPedCanBeTargetedWhenInjured	c	PED	0x638C03B0F9878F57		ped:Ped,toggle:boolean	
SetPedCanBeTargetedWithoutLos	c	PED	0x4328652AE5769C71		ped:Ped,toggle:boolean	
SetPedCanBeTargetted	c	PED	0x63F58F7C80513AAD		ped:Ped,toggle:boolean	
SetPedCanBeTargettedByPlayer	c	PED	0x66B57B72E0836A76		ped:Ped,player:Player,toggle:boolean	
SetPedCanBeTargettedByTeam	c	PED	0xBF1CA77833E58F2C		ped:Ped,team:integer,toggle:boolean	
SetPedCanCowerInCover	c	PED	0xCB7553CDCEF4A735		ped:Ped,toggle:boolean	
SetPedCanEvasiveDive	c	PED	0x6B7A646C242A7059		ped:Ped,toggle:boolean	
SetPedCanHeadIk	c	PED	0xC11C18092C5530DC		ped:Ped,toggle:boolean	
SetPedCanLegIk	c	PED	0x73518ECE2485412B		ped:Ped,toggle:boolean	
SetPedCanLosePropsOnDamage	c	PED	0xE861D0B05C7662B8		ped:Ped,loseProps:boolean,p2:integer	
SetPedCanPeekInCover	c	PED	0xC514825C507E3736		ped:Ped,toggle:boolean	
SetPedCanPlayAmbientAnims	c	PED	0x6373D1349925A70E		ped:Ped,toggle:boolean	
SetPedCanPlayAmbientBaseAnims	c	PED	0x0EB0585D15254740		ped:Ped,toggle:boolean	
SetPedCanPlayAmbientIdles	c	TASK	0x8FD89A6240813FD0		ped:Ped,bBlockIdleClips:boolean,bRemoveIdleClipIfPlaying:boolean	
SetPedCanPlayGestureAnims	c	PED	0xBAF20C5432058024		ped:Ped,toggle:boolean	
SetPedCanPlayInjuredAnims	c	PED	0x33A60D8BDD6E508C		ped:Ped,p1:boolean	
SetPedCanPlayVisemeAnims	c	PED	0xF833DDBA3B104D43		ped:Ped,toggle:boolean,p2:boolean	
SetPedCanRagdoll	b	PED	0xB128377056A54E2A		ped:Ped,toggle:boolean	
SetPedCanRagdollFromPlayerImpact	c	PED	0xDF993EE5E90ABA25		ped:Ped,toggle:boolean	
SetPedCanSmashGlass	c	PED	0x1CCE141467FF42A2		ped:Ped,p1:boolean,p2:boolean	
SetPedCanSwitchWeapon	c	PED	0xED7F7EFE9FABF340		ped:Ped,toggle:boolean	
SetPedCanTeleportToGroupLeader	c	PED	0x2E2F4240B3F24647		pedHandle:Ped,groupHandle:integer,toggle:boolean	
SetPedCanTorsoIk	c	PED	0xF2B7106D37947CE0		ped:Ped,toggle:boolean	
SetPedCanTorsoReactIk	c	PED	0xF5846EDB26A98A24		ped:Ped,p1:boolean	
SetPedCanTorsoVehicleIk	c	PED	0x6647C5F6F5792496		ped:Ped,p1:boolean	
SetPedCanUseAutoConversationLookat	c	PED	0xEC4686EC06434678		ped:Ped,toggle:boolean	
SetPedCapsule	c	PED	0x364DF566EC833DE2		ped:Ped,value:number	
SetPedChanceOfFiringBlanks	c	WEAPON	0x8378627201D5497D		ped:Ped,xBias:number,yBias:number	
SetPedClothEventsEnabled	c	AUDIO	0x29DA3CA8D8B2692D		ped:Ped,enabled:boolean	
SetPedClothPackageIndex	c	PED	0x78C4E9961DB3EB5B		ped:Ped,p1:integer	
SetPedClothProne	c	PED	0x82A3D6D9CC2CB8E3		p0:any,p1:any	
SetPedCollectionComponentVariation	c	CFX	0x88711BBA		ped:Ped,componentId:integer,collection:string,drawableId:integer,textureId:integer,paletteId:integer	
SetPedCollectionPreloadPropData	c	CFX	0x14B5BBE0		ped:Ped,anchorPoint:integer,collection:string,propIndex:integer,textureId:integer	
SetPedCollectionPreloadVariationData	c	CFX	0x3EC75558		ped:Ped,componentId:integer,collection:string,drawableId:integer,textureId:integer	
SetPedCollectionPropIndex	c	CFX	0x75240BCB		ped:Ped,anchorPoint:integer,collection:string,propIndex:integer,textureId:integer,attach:boolean	
SetPedCombatAbility	c	PED	0xC7622C0D36B2FDA8		ped:Ped,p1:integer	
SetPedCombatAttributes	c	PED	0x9F7794730795E019		ped:Ped,attributeIndex:integer,enabled:boolean	
SetPedCombatMovement	c	PED	0x4D9CA1009AFBD057		ped:Ped,combatMovement:integer	
SetPedCombatRange	c	PED	0x3C606747B23E497B		ped:Ped,range:integer	
SetPedComponentVariation	b	PED	0x262B14F48D29DE80		ped:Ped,componentId:integer,drawableId:integer,textureId:integer,paletteId:integer	
SetPedConfigFlag	b	PED	0x1913FE4CBF41C463		ped:Ped,flagId:integer,value:boolean	
SetPedCoordsKeepVehicle	c	PED	0x9AFEFF481A85AB2E		ped:Ped,posX:number,posY:number,posZ:number	
SetPedCoordsNoGang	c	PED	0x87052FE446E07247		ped:Ped,posX:number,posY:number,posZ:number	
SetPedCoverClipsetOverride	c	PED	0x9DBA107B4937F809		ped:Ped,p1:string	
SetPedCowerHash	c	PED	0xA549131166868ED3		ped:Ped,p1:string	
SetPedCurrentWeaponVisible	c	WEAPON	0x0725A4CCFDED9A70		ped:Ped,visible:boolean,deselectWeapon:boolean,p3:boolean,p4:boolean	
SetPedCycleVehicleWeaponsOnly	c	WEAPON	0x50276EF8172F5F12		ped:Ped	
SetPedDecoration	b	PED	0x5F5D1665E352A839		ped:Ped,collection:Hash,overlay:Hash	AddPedDecorationFromHashes
SetPedDefaultComponentVariation	b	PED	0x45EEE61580806D63		ped:Ped	
SetPedDefensiveAreaAttachedToPed	c	PED	0x4EF47FE21698A8B6		ped:Ped,attachPed:Ped,p2:number,p3:number,p4:number,p5:number,p6:number,p7:number,p8:number,p9:boolean,p10:boolean	
SetPedDefensiveAreaDirection	c	PED	0x413C6C763A4AFFAD		ped:Ped,p1:number,p2:number,p3:number,p4:boolean	
SetPedDefensiveSphereAttachedToPed	c	PED	0xF9B8F91AAD3B953E		ped:Ped,target:Ped,xOffset:number,yOffset:number,zOffset:number,radius:number,p6:boolean	
SetPedDefensiveSphereAttachedToVehicle	c	PED	0xE4723DB6E736CCFF		ped:Ped,target:Vehicle,xOffset:number,yOffset:number,zOffset:number,radius:number,p6:boolean	
SetPedDensityMultiplierThisFrame	c	PED	0x95E3D6257B166CF2		multiplier:number	
SetPedDesiredHeading	c	PED	0xAA5A7ECE2AA8FE70		ped:Ped,heading:number	
SetPedDesiredMoveBlendRatio	c	TASK	0x1E982AC8716912C5		ped:Ped,p1:number	
SetPedDiesInSinkingVehicle	c	PED	0xD718A22995E2B4BC		ped:Ped,toggle:boolean	
SetPedDiesInVehicle	c	PED	0x2A30922C90C9B42C		ped:Ped,toggle:boolean	
SetPedDiesInWater	c	PED	0x56CEF0AC79073BDE		ped:Ped,toggle:boolean	
SetPedDiesInstantlyInWater	c	PED	0xEEB64139BA29A7CF		ped:Ped,toggle:boolean	
SetPedDiesWhenInjured	c	PED	0x5BA7919BED300023		ped:Ped,toggle:boolean	
SetPedDriveByClipsetOverride	c	PED	0xED34AB6C5CB36520		ped:Ped,clipset:string	
SetPedDropsInventoryWeapon	c	WEAPON	0x208A1888007FC0E6		ped:Ped,weaponHash:Hash,xOffset:number,yOffset:number,zOffset:number,ammoCount:integer	
SetPedDropsWeapon	c	WEAPON	0x6B7513D9966FBEC0		ped:Ped	
SetPedDropsWeaponsWhenDead	c	WEAPON	0x476AE72C1D19D1A8		ped:Ped,toggle:boolean	
SetPedDucking	c	PED	0x030983CA930B692D		ped:Ped,toggle:boolean	
SetPedEmissiveIntensity	c	PED	0x4E90D746056E273D		ped:Ped,intensity:number	
SetPedEnableWeaponBlocking	c	PED	0x97A790315D3831FD		ped:Ped,toggle:boolean	
SetPedEnabledBikeRingtone	c	VEHICLE	0x57715966069157AD	boolean	vehicle:Vehicle,entity:Entity	IsEntityAttachedToHandlerFrame
SetPedEnemyAiBlip	c	HUD	0xD30C50DF888D58B5		ped:Ped,hasCone:boolean	SetPedHasAiBlip
SetPedEnveffColorModulator	c	PED	0xD69411AA0CEBF9E9		ped:Ped,r:integer,g:integer,b:integer	
SetPedEnveffScale	c	PED	0xBF29516833893561		ped:Ped,value:number	
SetPedEyeColor	b	PED	0x50B56988B170AFDF		ped:Ped,index:integer	
SetPedFaceFeature	b	PED	0x71A5C1DBA060049E		ped:Ped,index:integer,scale:number	
SetPedFacialDecoration	c	PED	0x5619BFA07CFD7833		ped:Ped,collection:Hash,overlay:Hash	AddPedDecorationFromHashesInCorona
SetPedFiringPattern	c	PED	0x9AC577F5A12AD8A9		ped:Ped,patternHash:Hash	
SetPedFleeAttributes	c	PED	0x70A2D1137C8ED7C9		ped:Ped,attributeFlags:integer,enable:boolean	
SetPedGadget	c	WEAPON	0xD0D7B1E680ED4A1A		ped:Ped,gadgetHash:Hash,p2:boolean	
SetPedGeneratesDeadBodyEvents	c	PED	0x7FB17BA2E7DECA5B		ped:Ped,toggle:boolean	
SetPedGestureGroup	c	PED	0xDDF803377F94AAA8		ped:Ped,animGroupGesture:string	
SetPedGetOutUpsideDownVehicle	c	PED	0xBC0ED94165A48BC2		ped:Ped,toggle:boolean	
SetPedGravity	c	PED	0x9FF447B6B6AD960A		ped:Ped,toggle:boolean	
SetPedGroupMemberPassengerIndex	c	PED	0x0BDDB8D9EC6BCF3C		ped:Ped,index:integer	
SetPedHairColor	b	PED	0x4CFFC65454C93A49		ped:Ped,colorID:integer,highlightColorID:integer	SetPedHairTint
SetPedHairTint	b	PED	0x4CFFC65454C93A49		ped:Ped,colorID:integer,highlightColorID:integer	
SetPedHasAiBlip	c	HUD	0xD30C50DF888D58B5		ped:Ped,hasCone:boolean	
SetPedHasAiBlipWithColor	c	HUD	0xB13DCB4C6FAAD238		ped:Ped,hasCone:boolean,color:integer	
SetPedHeadBlendData	b	PED	0x9414E18B9434C2FE		ped:Ped,shapeFirstID:integer,shapeSecondID:integer,shapeThirdID:integer,skinFirstID:integer,skinSecondID:integer,skinThirdID:integer,shapeMix:number,skinMix:number,thirdMix:number,isParent:boolean	
SetPedHeadOverlay	b	PED	0x48F44967FA05CC1E		ped:Ped,overlayID:integer,index:integer,opacity:number	
SetPedHeadOverlayColor	b	PED	0x497BF74A7B9CB952		ped:Ped,overlayID:integer,colorType:integer,colorID:integer,secondColorID:integer	
SetPedHearingRange	c	PED	0x33A8F7F7D5F7F33C		ped:Ped,value:number	
SetPedHeatscaleOverride	c	PED	0xC1F6EBF9A3D55538		ped:Ped,heatScale:number	
SetPedHelmet	c	PED	0x560A43136EB58105		ped:Ped,bEnable:boolean	
SetPedHelmetFlag	c	PED	0xC0E78D5C2CE3EB25		ped:Ped,helmetFlag:integer	
SetPedHelmetPropIndex	c	PED	0x26D83693ED99291C		ped:Ped,propIndex:integer	
SetPedHelmetTextureIndex	c	PED	0xF1550C4BD22582E2		ped:Ped,textureIndex:integer	
SetPedHelmetUnk	c	PED	0x3F7325574E41B44D		ped:Ped,p1:boolean,p2:integer,p3:integer	
SetPedHighlyPerceptive	c	PED	0x52D59AB61DDC05DD		ped:Ped,toggle:boolean	
SetPedIdRange	c	PED	0xF107E836A70DCE05		ped:Ped,value:number	
SetPedIlluminatedClothingGlowIntensity	c	PED	0x4E90D746056E273D		ped:Ped,intensity:number	SetPedEmissiveIntensity
SetPedInVehicleContext	c	PED	0x530071295899A8C6		ped:Ped,context:Hash	
SetPedIncreasedAvoidanceRadius	c	PED	0x570389D1C3DE3C6B		ped:Ped	
SetPedInfiniteAmmo	c	WEAPON	0x3EDCB0505123623B		ped:Ped,toggle:boolean,weaponHash:Hash	
SetPedInfiniteAmmoClip	c	WEAPON	0x183DADC6AA953186		ped:Ped,toggle:boolean	
SetPedIntoVehicle	b	PED	0xF75B0D629E1C063D		ped:Ped,vehicle:Vehicle,seatIndex:integer	
SetPedIsDrunk	c	AUDIO	0x95D2D383D5396B8A		ped:Ped,toggle:boolean	
SetPedKeepTask	c	PED	0x971D38760FBC02EF		ped:Ped,toggle:boolean	
SetPedLegIkMode	c	PED	0xC396F5B86FF9FEBD		ped:Ped,mode:integer	
SetPedLodMultiplier	c	PED	0xDC2C5C242AAC342B		ped:Ped,multiplier:number	
SetPedMaxHealth	c	PED	0xF5F6378C4F3419D3		ped:Ped,value:integer	
SetPedMaxMoveBlendRatio	c	PED	0x433083750C5E064A		ped:Ped,value:number	
SetPedMaxTimeInWater	c	PED	0x43C851690662113D		ped:Ped,value:number	
SetPedMaxTimeUnderwater	c	PED	0x6BA428C528D9E522		ped:Ped,value:number	
SetPedMeleeCombatLimits	c	CFX	0x8E51EC29		primaryCount:integer,secondaryCount:integer,populationPedCount:integer	
SetPedMinGroundTimeForStungun	c	PED	0xFA0675AB151073FA		ped:Ped,minTimeInMs:integer	
SetPedMinMoveBlendRatio	c	PED	0x01A898D26E2333DD		ped:Ped,value:number	
SetPedModelHealthConfig	c	CFX	0xAF12A05D		modelHash:Hash,configName:string	
SetPedModelIsSuppressed	c	PED	0xE163A4BCE4DE6F11		model:Hash,toggle:boolean	
SetPedModelPersonality	c	CFX	0x46F6B38B		modelHash:Hash,personalityHash:Hash	
SetPedMoney	c	PED	0xA9C8960E8684C1B5		ped:Ped,amount:integer	
SetPedMotionBlur	c	PED	0x0A986918B102B448		ped:Ped,toggle:boolean	
SetPedMoveAnimsBlendOut	c	PED	0x9E8C908F41584ECD		ped:Ped	
SetPedMoveRateOverride	c	PED	0x085BF80FA50A39D1		ped:Ped,value:number	
SetPedMovementClipset	c	PED	0xAF8A94EDE7712BEF		ped:Ped,clipSet:string,transitionSpeed:number	
SetPedMute	c	AUDIO	0x7A73D05A607734C7		ped:Ped	StopCurrentPlayingSpeech
SetPedNameDebug	c	PED	0x98EFA132A4117BE1		ped:Ped,name:string	
SetPedNeverLeavesGroup	c	PED	0x3DBFC55D5C9BB447		ped:Ped,toggle:boolean	
SetPedNonCreationArea	c	PED	0xEE01041D559983EA		x1:number,y1:number,z1:number,x2:number,y2:number,z2:number	
SetPedPanicExitScenario	c	PED	0xFE07FF6495D52E2A	any	ped:Ped,x:number,y:number,z:number	
SetPedParachuteTintIndex	c	PED	0x333FC8DB079B7186		ped:Ped,tintIndex:integer	
SetPedPathAvoidFire	c	TASK	0x4455517B28441E60		ped:Ped,avoidFire:boolean	
SetPedPathCanDropFromHeight	c	TASK	0xE361C5C71C431A4F		ped:Ped,Toggle:boolean	
SetPedPathCanUseClimbovers	c	TASK	0x8E06A6FE76C9EFF4		ped:Ped,Toggle:boolean	
SetPedPathCanUseLadders	c	TASK	0x77A5B103C87F476E		ped:Ped,Toggle:boolean	
SetPedPathClimbCostModifier	c	TASK	0x88E32DB8C1A4AA4B		ped:Ped,modifier:number	
SetPedPathMayEnterWater	c	TASK	0xF35425A4204367EC		ped:Ped,mayEnterWater:boolean	
SetPedPathPreferToAvoidWater	c	TASK	0x38FE1EC73743793C		ped:Ped,avoidWater:boolean	
SetPedPathsBackToOriginal	c	PATHFIND	0xE04B48F2CC926253		p0:any,p1:any,p2:any,p3:any,p4:any,p5:any	
SetPedPathsInArea	c	PATHFIND	0x34F060F4BF92E018		x1:number,y1:number,z1:number,x2:number,y2:number,z2:number,unknown:boolean	
SetPedPathsWidthPlant	c	TASK	0xF35425A4204367EC		ped:Ped,mayEnterWater:boolean	SetPedPathMayEnterWater
SetPedPhonePaletteIdx	c	PED	0x83A169EABCDB10A2		ped:Ped,index:integer	
SetPedPinnedDown	c	PED	0xAAD6D1ACF08F4612	any	ped:Ped,pinned:boolean,i:integer	
SetPedPlaysHeadOnHornAnimWhenDiesInVehicle	c	PED	0x94D94BF1A75AED3D		ped:Ped,toggle:boolean	
SetPedPopulationBudget	c	STREAMING	0x8C95333CFC3340F3		budgetLevel:integer	
SetPedPreferredCoverSet	c	PED	0x8421EB4DA7E391B9		ped:Ped,itemSet:any	
SetPedPreloadPropData	c	PED	0x2B16A3BFF1FBCE49	boolean	ped:Ped,componentId:integer,drawableId:integer,textureId:integer	
SetPedPreloadVariationData	c	PED	0x39D55A620FCB6A3A	any	ped:Ped,slot:integer,drawableId:integer,textureId:integer	
SetPedPrimaryLookat	c	PED	0xCD17B554996A8D9E		ped:Ped,lookAt:Ped	
SetPedPropIndex	b	PED	0x93376B65A266EB5F		ped:Ped,componentId:integer,drawableId:integer,textureId:integer,attach:boolean	
SetPedRaceAndVoiceGroup	c	AUDIO	0x1B7ABE26CBCBF8C7		ped:Ped,pedRace:integer,pvgHash:integer	
SetPedRagdollBlockingFlags	c	PED	0x26695EC767728D84		ped:Ped,flags:integer	SetRagdollBlockingFlags
SetPedRagdollForceFall	c	PED	0x01F6594B923B9251		ped:Ped	
SetPedRagdollOnCollision	c	PED	0xF0A4F1BBF4FA7497		ped:Ped,toggle:boolean	
SetPedRandomComponentVariation	b	PED	0xC8A9481A01E63C28		ped:Ped,p1:integer	
SetPedRandomProps	b	PED	0xC44AA05345C992C6		ped:Ped	
SetPedRelationshipGroupDefaultHash	c	PED	0xADB3F206518799E8		ped:Ped,hash:Hash	
SetPedRelationshipGroupHash	c	PED	0xC80A74AC829DDD92		ped:Ped,hash:Hash	
SetPedReserveParachuteTintIndex	c	PED	0xE88DA0751C22A2AD		ped:Ped,p1:any	
SetPedResetFlag	b	PED	0xC1E8A365BF3B29F2		ped:Ped,flagId:integer,doReset:boolean	
SetPedScream	c	AUDIO	0x40CF0D12D142A9E8		ped:Ped	SetPedVoiceFull
SetPedScubaGearVariation	c	PED	0x36C6984C3ED0C911		ped:Ped	
SetPedSeeingRange	c	PED	0xF29CF591C4BF6CEE		ped:Ped,value:number	
SetPedShootOrdnanceWeapon	c	WEAPON	0xB4C8D77C80C0421E	Object	ped:Ped,p1:number	
SetPedShootRate	c	PED	0x614DA022990752DC		ped:Ped,shootRate:integer	
SetPedShootsAtCoord	c	PED	0x96A05E4FB321B1BA		ped:Ped,x:number,y:number,z:number,toggle:boolean	
SetPedShouldPlayDirectedScenarioExit	c	PED	0xEC6935EBE0847B90	boolean	ped:Ped,x:number,y:number,z:number	
SetPedShouldPlayFleeScenarioExit	c	PED	0xEEED8FAFEC331A70	any	ped:Ped,p1:any,p2:any,p3:any	
SetPedShouldPlayImmediateScenarioExit	c	PED	0xF1C03A5352243A30		ped:Ped	
SetPedShouldPlayNormalScenarioExit	c	PED	0xA3A9299C4F2ADB98		ped:Ped	
SetPedSphereDefensiveArea	c	PED	0x9D3151A373974804		ped:Ped,x:number,y:number,z:number,radius:number,p5:boolean,p6:boolean	
SetPedStayInVehicleWhenJacked	c	PED	0xEDF4079F9D54C9A1		ped:Ped,toggle:boolean	
SetPedStealthMovement	c	PED	0x88CBB5CEB96B7BD2		ped:Ped,p1:boolean,action:string	
SetPedSteersAroundObjects	c	PED	0x1509C089ADC208BF		ped:Ped,toggle:boolean	
SetPedSteersAroundPeds	c	PED	0x46F2193B3AD1D891		ped:Ped,toggle:boolean	
SetPedSteersAroundVehicles	c	PED	0xEB6FB9D48DDE23EC		ped:Ped,toggle:boolean	
SetPedStrafeClipset	c	PED	0x29A28F3F8CF6D854		ped:Ped,clipSet:string	
SetPedSuffersCriticalHits	c	PED	0xEBD76F2359F190AC		ped:Ped,toggle:boolean	
SetPedSurvivesBeingOutOfWater	c	PED	0x100CD221F572F6E1	boolean	ped:Ped,toggle:boolean	
SetPedSweat	c	PED	0x27B0405F59637D1F		ped:Ped,sweat:number	
SetPedTalk	c	AUDIO	0x4ADA3F19BE4A6047		opponentPed:Ped	RequestTennisBanks
SetPedTargetLossResponse	c	PED	0x0703B9079823DA4A		ped:Ped,responseType:integer	
SetPedTargettableVehicleDestroy	c	VEHICLE	0xBE70724027F85BCD		vehicle:Vehicle,doorIndex:integer,doorLockStatus:integer	SetVehicleIndividualDoorsLocked
SetPedToInformRespectedFriends	c	PED	0x112942C6E708F70B		ped:Ped,radius:number,maxFriends:integer	
SetPedToLoadCover	c	PED	0x332B562EEDA62399		ped:Ped,toggle:boolean	
SetPedToRagdoll	b	PED	0xAE99FB955581844A	boolean	ped:Ped,minTime:integer,maxTime:integer,ragdollType:integer,bAbortIfInjured:boolean,bAbortIfDead:boolean,bForceScriptControl:boolean		0x83CB5052		ped:Ped,minTime:integer,maxTime:integer,ragdollType:integer,bAbortIfInjured:boolean,bAbortIfDead:boolean,bForceScriptControl:boolean
SetPedToRagdollWithFall	b	PED	0xD76632D99E4966C8	boolean	ped:Ped,minTime:integer,maxTime:integer,nFallType:integer,dirX:number,dirY:number,dirZ:number,fGroundHeight:number,grab1X:number,grab1Y:number,grab1Z:number,grab2X:number,grab2Y:number,grab2Z:number		0xFA12E286		ped:Ped,minTime:integer,maxTime:integer,nFallType:integer,dirX:number,dirY:number,dirZ:number,fGroundHeight:number,grab1X:number,grab1Y:number,grab1Z:number,grab2X:number,grab2Y:number,grab2Z:number
SetPedTurningThresholds	c	CFX	0xB300F03		min:number,max:number	
SetPedUsingActionMode	c	PED	0xD75ACCF5E0FB5367		ped:Ped,p1:boolean,p2:integer,action:string	
SetPedVehicleForcedSeatUsage	c	PED	0x952F06BEECD775CC		ped:Ped,vehicle:Vehicle,seatIndex:integer,flags:integer	
SetPedVisualFieldCenterAngle	c	PED	0x3B6405E8AB34A907		ped:Ped,angle:number	
SetPedVisualFieldMaxAngle	c	PED	0x70793BDCA1E854D4		ped:Ped,value:number	
SetPedVisualFieldMaxElevationAngle	c	PED	0x78D0B67629D75856		ped:Ped,angle:number	
SetPedVisualFieldMinAngle	c	PED	0x2DB492222FB21E26		ped:Ped,value:number	
SetPedVisualFieldMinElevationAngle	c	PED	0x7A276EB2C224D70F		ped:Ped,angle:number	
SetPedVisualFieldPeripheralRange	c	PED	0x9C74B0BC831B753A		ped:Ped,range:number	
SetPedVoiceFull	c	AUDIO	0x40CF0D12D142A9E8		ped:Ped	
SetPedVoiceGroup	c	AUDIO	0x7CDC8C3B89F661B3		ped:Ped,voiceGroupHash:Hash	
SetPedVoiceGroupRace	c	AUDIO	0x0BABC1345ABBFB16		ped:Ped,voiceGroupHash:Hash	
SetPedWallaDensity	c	AUDIO	0x149AEE66F0CB3A99		density:number,applyValue:number	
SetPedWaypointRouteOffset	c	TASK	0xED98E10B0AFCE4B4	any	p0:any,p1:any,p2:any,p3:any	
SetPedWeaponLiveryColor	c	WEAPON	0x9FE5633880ECD8ED		ped:Ped,weaponHash:Hash,camoComponentHash:Hash,colorIndex:integer	
SetPedWeaponMovementClipset	c	PED	0x2622E35B77D3ACA2		ped:Ped,clipSet:string	
SetPedWeaponTintIndex	c	WEAPON	0x50969B9B89ED5738		ped:Ped,weaponHash:Hash,tintIndex:integer	
SetPedWetnessEnabledThisFrame	c	PED	0xB5485E4907B53019		ped:Ped	
SetPedWetnessHeight	c	PED	0x44CB6447D2571AA0		ped:Ped,height:number	
SetPhoneLean	c	MOBILE	0x44E44169EF70138E		toggle:boolean	CellCamSetLean
SetPickUpByCargobobDisabled	c	ENTITY	0xD7B80E7C3BEFC396		entity:Entity,toggle:boolean	
SetPickupAmmoAmountScaler	c	WEAPON	0xE620FD3512A04F18		p0:number	
SetPickupGenerationRangeMultiplier	c	OBJECT	0x318516E02DE3ECE2		multiplier:number	
SetPickupHiddenWhenUncollectable	c	OBJECT	0x3ED2B83AB2E82799		p0:any,p1:any	
SetPickupRegenerationTime	c	OBJECT	0x78015C9B4B3ECC9D		pickup:Pickup,duration:integer	
SetPickupRopeLengthForCargobob	c	VEHICLE	0x877C1EAEAC531023		cargobob:Vehicle,length1:number,length2:number,state:boolean	
SetPickupUncollectable	c	OBJECT	0x1C1B69FAE509BA97		p0:any,p1:any	
SetPlaneAvoidsOthers	c	VEHICLE	0xBAFB99B304BC52A7		plane:Vehicle,toggle:boolean	
SetPlaneControlSectionsShouldBreakOffFromExplosions	c	VEHICLE	0xDD8A2D3337F04196		plane:Vehicle,toggle:boolean	
SetPlaneEngineHealth	c	VEHICLE	0x2A86A0475B6A1434		vehicle:Vehicle,health:number	
SetPlaneMinHeightAboveGround	c	VEHICLE	0xB893215D8D4C015B		plane:Vehicle,height:integer	SetTaskVehicleGotoPlaneMinHeightAboveTerrain
SetPlaneMinHeightAboveTerrain	c	VEHICLE	0xB893215D8D4C015B		plane:Vehicle,height:integer	SetTaskVehicleGotoPlaneMinHeightAboveTerrain
SetPlanePropellersHealth	c	VEHICLE	0x4C815EB175086F84		plane:Vehicle,health:number	
SetPlaneResistToExplosion	c	VEHICLE	0xE16142B94664DEFD		vehicle:Vehicle,toggle:boolean	
SetPlaneSectionDamageScale	c	VEHICLE	0x0BBB9A7A8FFE931B		vehicle:Vehicle,damageSection:integer,damageScale:number	
SetPlaneTurbulenceMultiplier	c	VEHICLE	0xAD2D28A1AFDFF131		vehicle:Vehicle,multiplier:number	
SetPlaneVtolAnimationDisabled	c	VEHICLE	0xCE2B43770B655F8F		vehicle:Vehicle,direction:boolean	SetDisableVehicleFlightNozzlePosition
SetPlaneVtolDesiredDirection	c	VEHICLE	0x30D779DE7C4F6DD3		vehicle:Vehicle,angleRatio:number	SetVehicleFlightNozzlePosition
SetPlaneVtolDirection	c	VEHICLE	0x9AA47FFF660CB932		vehicle:Vehicle,angle:number	SetVehicleFlightNozzlePositionImmediate
SetPlaybackSpeed	c	VEHICLE	0x6683AB880E427778		vehicle:Vehicle,speed:number	
SetPlaybackToUseAi	c	VEHICLE	0xA549C3B37EA28131		vehicle:Vehicle,drivingStyle:integer	
SetPlaybackToUseAiTryToRevertBackLater	c	VEHICLE	0x6E63860BBB190730		vehicle:Vehicle,time:integer,drivingStyle:integer,p3:boolean	
SetPlayerAirDefenseZoneFlag	c	WEAPON	0xECDC202B25E5CF48		player:Player,zoneId:integer,enable:boolean	
SetPlayerAngry	c	AUDIO	0xEA241BB04110F091		ped:Ped,isAngry:boolean	
SetPlayerBlipPositionThisFrame	c	HUD	0x77E2DD177910E1CF		x:number,y:number	SetFakePausemapPlayerPositionThisFrame
SetPlayerBluetoothState	c	PLAYER	0x5DC40A8869C22141		player:Player,state:boolean	
SetPlayerCanBeHassledByGangs	c	PLAYER	0xD5E460AD7020A246		player:Player,toggle:boolean	
SetPlayerCanDoDriveBy	c	PLAYER	0x6E8834B52EC20C77		player:Player,toggle:boolean	
SetPlayerCanLeaveParachuteSmokeTrail	c	PLAYER	0xF401B182DBA8AF53		player:Player,enabled:boolean	
SetPlayerCanUseCover	c	PLAYER	0xD465A8599DFF6814		player:Player,toggle:boolean	
SetPlayerCashChange	c	HUD	0x0772DF77852C2E30		cash:integer,bank:integer	ChangeFakeMpCash
SetPlayerClothLockCounter	c	PLAYER	0x14D913B777DFF5DA		value:integer	
SetPlayerClothPackageIndex	c	PLAYER	0x9F7BBA2EA6372500		index:integer	
SetPlayerClothPinFrames	c	PLAYER	0x749FADDF97DFE930		player:Player,p1:integer	
SetPlayerControl	b	PLAYER	0x8D32347D6D4C40A2		player:Player,bHasControl:boolean,flags:integer	
SetPlayerCullingRadius	s	CFX	0x8A2FBAD4		playerSrc:string,radius:number	
SetPlayerFallDistance	c	PLAYER	0xEFD79FA81DFBA9CB		player:Player,distance:number	
SetPlayerForceSkipAimIntro	c	PLAYER	0x7651BC64AE59E128		player:Player,toggle:boolean	
SetPlayerForcedAim	c	PLAYER	0x0FEE4F80AC44A726		player:Player,toggle:boolean	
SetPlayerForcedZoom	c	PLAYER	0x75E7D505F2B15902		player:Player,toggle:boolean	
SetPlayerHasReserveParachute	c	PLAYER	0x7DDAB28D31FAC363		player:Player	
SetPlayerHealthRechargeLimit	c	PLAYER	0xC388A0F065F5BC34		player:Player,limit:number	
SetPlayerHealthRechargeMultiplier	c	PLAYER	0x5DB660B38DD98A31		player:Player,regenRate:number	
SetPlayerHomingRocketDisabled	c	PLAYER	0xEE4EBDD2593BA844		player:Player,p1:boolean	
SetPlayerInvertedUp	c	STREAMING	0x08C2D6C52A3104BB	integer		GetPlayerSwitchInterpOutDuration
SetPlayerInvincible	b	PLAYER	0x239528EACDC3E7DE		player:Player,bInvincible:boolean	
SetPlayerInvincibleKeepRagdollEnabled	c	PLAYER	0x6BC97F4F4BB3C04B		player:Player,toggle:boolean	
SetPlayerInvisibleLocally	c	NETWORK	0x12B37D54667DB0B8		player:Player,toggle:boolean	
SetPlayerIsInAnimalForm	c	MISC	0x4EBB7E87AA0DBED4		toggle:boolean	
SetPlayerIsInDirectorMode	c	HUD	0x808519373FD336A3		toggle:boolean	
SetPlayerKillFallHeight	c	CFX	0x86BD5722		height:number	
SetPlayerLeavePedBehind	c	PLAYER	0xFF300C7649724A0B		player:Player,toggle:boolean	
SetPlayerLockon	c	PLAYER	0x5C8B2F450EE4328E		player:Player,toggle:boolean	
SetPlayerLockonRangeOverride	c	PLAYER	0x29961D490E5814FD		player:Player,range:number	
SetPlayerMaxArmour	c	PLAYER	0x77DFCCF5948B8C71		player:Player,value:integer	
SetPlayerMaxStamina	c	CFX	0x35594F67	boolean	playerId:Player,maxStamina:number	
SetPlayerMayNotEnterAnyVehicle	c	PLAYER	0x1DE37BBF9E9CC14A		player:Player	
SetPlayerMayOnlyEnterThisVehicle	c	PLAYER	0x8026FF78F208978A		player:Player,vehicle:Vehicle	
SetPlayerMeleeWeaponDamageModifier	c	PLAYER	0x4A3DC7ECCC321032		player:Player,modifier:number	
SetPlayerMeleeWeaponDefenseModifier	c	PLAYER	0xAE540335B4ABC4E2		player:Player,modifier:number	
SetPlayerModel	b	PLAYER	0x00A1CADD00108836		player:Player,model:Hash	
SetPlayerNoiseMultiplier	c	PLAYER	0xDB89EF50FF25FCE9		player:Player,multiplier:number	
SetPlayerParachuteModelOverride	c	PLAYER	0x977DB4641F6FC3DB		player:Player,model:Hash	
SetPlayerParachutePackModelOverride	c	PLAYER	0xDC80A4C2F18A2B64		player:Player,model:Hash	
SetPlayerParachutePackTintIndex	c	PLAYER	0x93B0FB27C9A04060		player:Player,tintIndex:integer	
SetPlayerParachuteSmokeTrailColor	c	PLAYER	0x8217FD371A4625CF		player:Player,r:integer,g:integer,b:integer	
SetPlayerParachuteTintIndex	c	PLAYER	0xA3D0E54541D9A5E5		player:Player,tintIndex:integer	
SetPlayerParachuteVariationOverride	c	PLAYER	0xD9284A8C0D48352C		player:Player,p1:integer,p2:any,p3:any,p4:boolean	
SetPlayerReserveParachuteModelOverride	c	PLAYER	0x0764486AEDE748DB		player:Player,model:Hash	
SetPlayerReserveParachuteTintIndex	c	PLAYER	0xAF04C87F5DC1DF38		player:Player,index:integer	
SetPlayerResetFlagPreferRearSeats	c	PLAYER	0x11D5F725F0E780E0		player:Player,flags:integer	
SetPlayerRockstarEditorDisabled	c	MISC	0x9D8D44ADBBA61EF2		toggle:boolean	
SetPlayerRoutingBucket	s	CFX	0x6504EB38		playerSrc:string,bucket:integer	
SetPlayerShortSwitchStyle	c	STREAMING	0x5F2013F8BC24EE69		style:integer	
SetPlayerSimulateAiming	c	PLAYER	0xC54C95DA968EC5B5		player:Player,toggle:boolean	
SetPlayerSneakingNoiseMultiplier	c	PLAYER	0xB2C1A29588A9F47C		player:Player,multiplier:number	
SetPlayerSprint	c	PLAYER	0xA01B8075D8B92DF4		player:Player,toggle:boolean	
SetPlayerStamina	c	CFX	0xA9EC16C7	boolean	playerId:Player,stamina:number	
SetPlayerStealthPerceptionModifier	c	PLAYER	0x4E9021C1FCDD507A		player:Player,value:number	
SetPlayerSwitchEstablishingShot	c	STREAMING	0x0FDE9DBFC0A6BC65		name:string	
SetPlayerSwitchOutro	c	STREAMING	0xC208B673CE446B61		cameraCoordX:number,cameraCoordY:number,cameraCoordZ:number,camRotationX:number,camRotationY:number,camRotationZ:number,camFov:number,camFarClip:number,rotationOrder:integer	
SetPlayerTalkingOverride	c	CFX	0xFC02CAF6		player:Player,state:boolean	
SetPlayerTargetLevel	c	PLAYER	0x5702B917B99DB1CD		targetLevel:integer	
SetPlayerTargetingMode	c	PLAYER	0xB1906895227793F3		targetMode:integer	
SetPlayerTcmodifierTransition	c	GRAPHICS	0xBDEB86F4D5809204		value:number	
SetPlayerTeam	c	PLAYER	0x0299FA38396A4940		player:Player,team:integer	
SetPlayerUnderwaterTimeRemaining	c	PLAYER	0xA0D3E4F7AAFB7E78	any	player:Player,percentage:number	
SetPlayerVehicleAlarmAudioActive	c	AUDIO	0x6FDDAD856E36988A		vehicle:Vehicle,active:boolean	
SetPlayerVehicleDamageModifier	c	PLAYER	0xA50E117CDDF82F0C		player:Player,modifier:number	
SetPlayerVehicleDefenseModifier	c	PLAYER	0x4C60E6EFDAFF2462		player:Player,modifier:number	
SetPlayerVisibleLocally	c	NETWORK	0xFAA10F1FAFB11AF2		player:Player,toggle:boolean	
SetPlayerWantedCentrePosition	c	PLAYER	0x520E541A97A13354	vector3	player:Player,p2:boolean,p3:boolean	
SetPlayerWantedLevel	b	PLAYER	0x39FF19C64EF7DA5B		player:Player,wantedLevel:integer,delayedResponse:boolean	
SetPlayerWantedLevelNoDrop	c	PLAYER	0x340E61DE7F471565		player:Player,wantedLevel:integer,delayedResponse:boolean	
SetPlayerWantedLevelNow	c	PLAYER	0xE0A7D1E497FFCD6F		player:Player,p1:boolean	
SetPlayerWeaponDamageModifier	c	PLAYER	0xCE07B9F7817AADA3		player:Player,modifier:number	
SetPlayerWeaponDefenseModifier	c	PLAYER	0x2D83BC011CA14A3C		player:Player,modifier:number	
SetPlayerWeaponDefenseModifier_2	c	PLAYER	0xBCFDE9EDE4CF27DC		player:Player,modifier:number	
SetPlayerpadShakesWhenControllerDisabled	c	PAD	0x798FDEB5B1575088		toggle:boolean	
SetPlayersLastVehicle	c	VEHICLE	0xBCDF8BAF56C87B6A		vehicle:Vehicle	
SetPmWarningscreenActive	c	HUD	0x41350B4FC28E3941		isActive:boolean	
SetPoliceFocusWillTrackVehicle	c	VEHICLE	0x4E74E62E0A97E901		vehicle:Vehicle,p1:boolean	
SetPoliceIgnorePlayer	c	PLAYER	0x32C62AA929C2DA6A		player:Player,toggle:boolean	
SetPoliceRadarBlips	c	PLAYER	0x43286D561B72B8BF		toggle:boolean	
SetPopControlSphereThisFrame	c	PED	0xD8C3BE3EE94CAF2D		x:number,y:number,z:number,min:number,max:number	
SetPortalSettingsOverride	c	AUDIO	0x044DBAD7A7FA2BE5		oldPortalSettingsName:string,newPortalSettingsName:string	
SetPositionForNullConvPed	c	AUDIO	0x33E3C6C6F2F0B506		speakerConversationIndex:integer,x:number,y:number,z:number	
SetPositionedPlayerVehicleRadioEmitterEnabled	c	AUDIO	0xDA07819E452FFE8F		enabled:boolean	
SetProfileSettingPrologueComplete	c	STATS	0xB475F27C6A994D65			
SetPtfxAssetNextCall	c	GRAPHICS	0x6C38AF3693A69A91		name:string	UseParticleFxAsset
SetPtfxAssetOld_2New	c	GRAPHICS	0xEA1E2D93F6F75ED9		oldAsset:string,newAsset:string	SetParticleFxOverride
SetRaceTrackRender	c	HUD	0x1EAC5F91BCBC5073		toggle:boolean	
SetRadarAsExteriorThisFrame	c	HUD	0xE81B7D2A3DAB2D81			
SetRadarAsInteriorThisFrame	c	HUD	0x59E727A1C9D3E31A		interior:Hash,x:number,y:number,heading:integer,zoom:integer	
SetRadarBigmapEnabled	c	HUD	0x231C8F89D0539D8F		toggleBigMap:boolean,showFullMap:boolean	SetBigmapActive
SetRadarZoom	c	HUD	0x096EF57A0C999BBA		zoomLevel:integer	
SetRadarZoomLevelThisFrame	c	HUD	0xCB7CC0D58405AD41		zoom:number	SetRadarZoomToDistance
SetRadarZoomPrecise	c	HUD	0xBD12C5EEE184C337		zoom:number	
SetRadarZoomToBlip	c	HUD	0xF98E4B3E56AFC7B1		blip:Blip,zoom:number	
SetRadarZoomToDistance	c	HUD	0xCB7CC0D58405AD41		zoom:number	
SetRadioAutoUnfreeze	c	AUDIO	0xC1AA9F53CE982990		toggle:boolean	
SetRadioFrontendFadeTime	c	AUDIO	0x2C96CDB04FCA358E		fadeTime:number	
SetRadioRetuneDown	c	AUDIO	0xDD6BCF9E94425DF9			
SetRadioRetuneUp	c	AUDIO	0xFF266D1D0EB1195D			
SetRadioStationDisabled	c	AUDIO	0x477D9DB48F889591		radioStationName:string,toggle:boolean	LockRadioStation
SetRadioStationIsVisible	c	AUDIO	0x4CAFEBFA21EC188D		radioStation:string,toggle:boolean	
SetRadioStationMusicOnly	c	AUDIO	0x774BD811F656A122		radioStation:string,toggle:boolean	
SetRadioToStationIndex	c	AUDIO	0xA619B168B8A8570F		radioStation:integer	
SetRadioToStationName	c	AUDIO	0xC69EDA28699D5107		stationName:string	
SetRadioTrack	c	AUDIO	0xB39786F201FEE30B		radioStation:string,radioTrack:string	
SetRadioTrackMix	c	AUDIO	0x2CB0075110BE1E56		radioStationName:string,mixName:string,p2:integer	
SetRadiusBlipEdge	c	HUD	0x25615540D894B814		blip:Blip,toggle:boolean	
SetRagdollBlockingFlags	c	PED	0x26695EC767728D84		ped:Ped,flags:integer	
SetRainFxIntensity	c	MISC	0x643E26EA6E024D92		level:number	SetRainLevel
SetRainLevel	c	MISC	0x643E26EA6E024D92		level:number	
SetRampVehicleReceivesRampDamage	c	VEHICLE	0x28D034A93FE31BF5		vehicle:Vehicle,toggle:boolean	SetVehicleReceivesRampDamage
SetRandomBoats	c	VEHICLE	0x84436EC293B1415F		toggle:boolean	
SetRandomBoatsInMp	c	VEHICLE	0xDA5E12F728DB30CA		toggle:boolean	
SetRandomEventFlag	c	MISC	0x971927086CFD2158		toggle:boolean	
SetRandomSeed	c	MISC	0x444D98F98C11F3EC		seed:integer	
SetRandomTrains	c	VEHICLE	0x80D9F74197EA47D9		toggle:boolean	
SetRandomVehicleDensityMultiplierThisFrame	c	VEHICLE	0xB3B3359379FE77D3		multiplier:number	
SetRandomWeatherType	c	MISC	0x8B05F884CF7E8020			
SetReactionToVehicleSirenDisabled	c	CFX	0x8C3EC64F		state:boolean	
SetReactionToVehicleWithSirenDisabled	c	CFX	0x8C3EC64F		state:boolean	SetReactionToVehicleSirenDisabled
SetReduceDriftVehicleSuspension	c	VEHICLE	0x3A375167F5782A65		vehicle:Vehicle,enable:boolean	
SetReducePedModelBudget	c	STREAMING	0x77B5F9A36BF96710		toggle:boolean	
SetReduceVehicleModelBudget	c	STREAMING	0x80C527893080CCF3		toggle:boolean	
SetRelationshipBetweenGroups	c	PED	0xBF25EB89375A37AD		relationship:integer,group1:Hash,group2:Hash	
SetRelationshipGroupDontAffectWantedLevel	c	PED	0x5615E0C5EB2BC6E2		group:Hash,p1:boolean	
SetRelationshipToPlayer	c	NETWORK	0xA7C511FA1C5BDA38		player:Player,p1:boolean	
SetRenderHdOnly	c	STREAMING	0x40AEFD1A244741F2		toggle:boolean	
SetRenderTrainAsDerailed	c	VEHICLE	0x317B11A312DF5534		train:Vehicle,toggle:boolean	
SetResourceKvp	b	CFX	0x21C7A35B		key:string,value:string	
SetResourceKvpFloat	b	CFX	0x9ADD2938		key:string,value:number	
SetResourceKvpFloatNoSync	b	CFX	0x3517BFBE		key:string,value:number	
SetResourceKvpInt	b	CFX	0x6A2B1E8		key:string,value:integer	
SetResourceKvpIntNoSync	b	CFX	0x26AEB707		key:string,value:integer	
SetResourceKvpNoSync	b	CFX	0xCF9A2FF		key:string,value:string	
SetRestartCustomPosition	c	MISC	0x706B5EDCAA7FA663		x:number,y:number,z:number,heading:number	
SetRichPresence	c	CFX	0x7BDCBD45		presenceState:string	
SetRiotModeEnabled	c	MISC	0x2587A48BC88DFADF		toggle:boolean	
SetRoadsBackToOriginal	c	PATHFIND	0x1EE7063B80FFC77C		p0:number,p1:number,p2:number,p3:number,p4:number,p5:number	
SetRoadsBackToOriginalInAngledArea	c	PATHFIND	0x0027501B9F3B407E		x1:number,y1:number,z1:number,x2:number,y2:number,z2:number,width:number	
SetRoadsInAngledArea	c	PATHFIND	0x1A5AA1208AF5DB59		x1:number,y1:number,z1:number,x2:number,y2:number,z2:number,width:number,unknown1:boolean,unknown2:boolean,unknown3:boolean	
SetRoadsInArea	c	PATHFIND	0xBF1A602B5BA52FEE		x1:number,y1:number,z1:number,x2:number,y2:number,z2:number,nodeEnabled:boolean,unknown2:boolean	
SetRopeLengthChangeRate	c	CFX	0x69B680A7		rope:integer,lengthChangeRate:number	
SetRopesCreateNetworkWorldState	c	CFX	0xE62FC73		shouldCreate:boolean	
SetRoutingBucketEntityLockdownMode	s	CFX	0xA0F2201F		bucketId:integer,mode:string	
SetRoutingBucketPopulationEnabled	s	CFX	0xCE51AC2C		bucketId:integer,mode:boolean	
SetRunSprintMultiplierForPlayer	c	PLAYER	0x6DB47AA77FD94E09		player:Player,multiplier:number	
SetRuntimeTextureArgbData	c	CFX	0x3963D527	boolean	tex:integer,buffer:string,length:integer	
SetRuntimeTextureImage	c	CFX	0x28FC4ECB	boolean	tex:integer,fileName:string	
SetRuntimeTexturePixel	c	CFX	0xAB65ACEE		tex:integer,x:integer,y:integer,r:integer,g:integer,b:integer,a:integer	
SetSaveHouse	c	MISC	0x4F548CABEAE553BC		p0:any,p1:boolean,p2:boolean	
SetSaveMenuActive	c	MISC	0xC9BF75D28165FF77		ignoreVehicle:boolean	
SetSaveMigrationTransactionId	c	STATS	0xF6792800AC95350D		transactionId:integer	
SetScaleformFitRendertarget	c	GRAPHICS	0xE6A9F00D4240B519		scaleformHandle:integer,toggle:boolean	SetScaleformMovieToUseSuperLargeRt
SetScaleformMovieAsNoLongerNeeded	c	GRAPHICS	0x1D132D614DD86811	integer	scaleformHandle:integer	
SetScaleformMovieToUseLargeRt	c	GRAPHICS	0x32F34FF7F617643B		scaleformMovieId:integer,useLargeRT:boolean	
SetScaleformMovieToUseSuperLargeRt	c	GRAPHICS	0xE6A9F00D4240B519		scaleformHandle:integer,toggle:boolean	
SetScaleformMovieToUseSystemTime	c	GRAPHICS	0x6D8EB211944DCE08		scaleform:integer,toggle:boolean	
SetScenarioGroupEnabled	c	TASK	0x02C8E5B49848664E		scenarioGroup:string,p1:boolean	
SetScenarioPedDensityMultiplierThisFrame	c	PED	0x7A556143A1C03898		interiorMult:number,exteriorMult:number	
SetScenarioPedsSpawnInSphereArea	c	PED	0x28157D43CF600981		x:number,y:number,z:number,range:number,p4:integer	
SetScenarioPedsToBeReturnedByNextCommand	c	PED	0x14F19A8782C8071E		value:boolean	
SetScenarioTypeEnabled	c	TASK	0xEB47EC4E34FB7EE1		scenarioType:string,toggle:boolean	
SetScreenDrawPosition	c	GRAPHICS	0xB8A850F20A067EB6		horizontalAlign:integer,verticalAlign:integer	SetScriptGfxAlign
SetScriptAsNoLongerNeeded	c	SCRIPT	0xC90D2DCACD56184C		scriptName:string	
SetScriptGfxAlign	c	GRAPHICS	0xB8A850F20A067EB6		horizontalAlign:integer,verticalAlign:integer	
SetScriptGfxAlignParams	c	GRAPHICS	0xF5A2C681787E579D		x:number,y:number,w:number,h:number	
SetScriptGfxDrawBehindPausemenu	c	GRAPHICS	0xC6372ECD45D73BCD		flag:boolean	
SetScriptGfxDrawOrder	c	GRAPHICS	0x61BB1D9B3A95D802		order:integer	
SetScriptUpdateDoorAudio	c	AUDIO	0x06C0023BED16DD6B		doorHash:Hash,toggle:boolean	
SetScriptVariableHudColour	c	HUD	0xD68A5FF8A3A89874		r:integer,g:integer,b:integer,a:integer	
SetScriptVariable_2HudColour	c	HUD	0x16A304E6CB2BFAB9		r:integer,g:integer,b:integer,a:integer	
SetScriptVehicleGenerator	c	VEHICLE	0xD9D620E0AC6DC4B0		vehicleGenerator:integer,enabled:boolean	
SetScriptWithNameHashAsNoLongerNeeded	c	SCRIPT	0xC5BC038960E9DB27		scriptHash:Hash	
SetScriptedAnimSeatOffset	c	PED	0x5917BBA32D06C230		ped:Ped,p1:number	
SetScriptedConversionCoordThisFrame	c	PED	0x5086C7843552CF85		x:number,y:number,z:number	
SetSeethrough	c	GRAPHICS	0x7E08924259E08CE0		toggle:boolean	
SetSequenceToRepeat	c	TASK	0x58C70CF3A41E4AE7		taskSequenceId:integer,_repeat:boolean	
SetSingleplayerHudCash	c	HUD	0x0772DF77852C2E30		cash:integer,bank:integer	ChangeFakeMpCash
SetSirenKeepOn	c	AUDIO	0xF584CF8529B51434		vehicle:Vehicle,toggle:boolean	
SetSirenWithNoDriver	c	AUDIO	0x1FEF0683B96EBCF2		vehicle:Vehicle,toggle:boolean	
SetSnakeoilForEntry	c	CFX	0xA7DD3209		name:string,path:string,data:string	
SetSnowLevel	c	MISC	0x7F06937B0CDCBC1A		level:number	
SetSocialClubTour	c	HUD	0x9E778248D6685FE0		name:string	
SetSomeVehicleDensityMultiplierThisFrame	c	VEHICLE	0x90B6DA738A9A25DA		range:number	SetAmbientVehicleRangeMultiplierThisFrame
SetSomethingMultiplierThisFrame	c	VEHICLE	0xD4B8E3D1917BC86B		toggle:boolean	SetDisableRandomTrainsThisFrame
SetSpecialAbility	c	PLAYER	0xB214D570EAD7F81A		player:Player,p1:integer	
SetSpecialAbilityMultiplier	c	PLAYER	0xA49C426ED0CA4AB7		multiplier:number	
SetSpecialFlightModeAllowed	c	VEHICLE	0xF1211889DF15A763		vehicle:Vehicle,toggle:boolean	
SetSpecialFlightModeRatio	c	VEHICLE	0xD138FA15C9776837		vehicle:Vehicle,ratio:number	
SetSpecialFlightModeTargetRatio	c	VEHICLE	0x438B3D7CA026FE91		vehicle:Vehicle,state:number	
SetSpecialflightWingRatio	c	VEHICLE	0x70A252F60A3E036B		vehicle:Vehicle,ratio:number	SetHoverModeWingRatio
SetSrlTime	c	STREAMING	0xA74A541C6884E7B8		p0:number	
SetStateBagValue	b	CFX	0x8D50E33A		bagName:string,keyName:string,valueData:string,valueLength:integer,replicated:boolean	
SetStateOfClosestDoorOfType	c	OBJECT	0xF82D8F1926A02C3D		type:Hash,x:number,y:number,z:number,locked:boolean,heading:number,p6:boolean	
SetStateOfRayfireMapObject	c	OBJECT	0x5C29F698D404C5E1		object:Object,state:integer	
SetStaticEmitterEnabled	c	AUDIO	0x399D2D3B33F1B8EB		emitterName:string,toggle:boolean	
SetStoreEnabled	c	NETWORK	0x9641A9FF718E9C5E		toggle:boolean	
SetStreamedScriptAsNoLongerNeeded	c	SCRIPT	0xC5BC038960E9DB27		scriptHash:Hash	SetScriptWithNameHashAsNoLongerNeeded
SetStreamedTextureDictAsNoLongerNeeded	c	GRAPHICS	0xBE2CACCF5A8AA805		textureDict:string	
SetStreaming	c	STREAMING	0x6E0C692677008888		toggle:boolean	
SetStuntJumpsCanTrigger	c	MISC	0xD79185689F8FD5DF		toggle:boolean	
SetSubmarineCrushDepths	c	VEHICLE	0xC59872A5134879C7		vehicle:Vehicle,toggle:boolean,depth1:number,depth2:number,depth3:number	
SetSuperJumpThisFrame	c	MISC	0x57FFF03E423A4C0B		player:Player	
SetSwimMultiplierForPlayer	c	PLAYER	0xA91C6F0FF7D16A13		player:Player,multiplier:number	
SetSynchronizedAudioEventPositionThisFrame	c	AUDIO	0x950A154B8DAB6185		audioName:string,entity:Entity	InitSynchSceneAudioWithEntity
SetSynchronizedSceneHoldLastFrame	c	PED	0x394B9CD12435C981		sceneID:integer,toggle:boolean	
SetSynchronizedSceneLooped	c	PED	0xD9A897A4C6C2974F		sceneID:integer,toggle:boolean	
SetSynchronizedSceneOcclusionPortal	c	PED	0x394B9CD12435C981		sceneID:integer,toggle:boolean	SetSynchronizedSceneHoldLastFrame
SetSynchronizedSceneOrigin	c	PED	0x6ACF6B7225801CD7		sceneID:integer,x:number,y:number,z:number,roll:number,pitch:number,yaw:number,p7:boolean	
SetSynchronizedScenePhase	c	PED	0x734292F4F0ABF6D0		sceneID:integer,phase:number	
SetSynchronizedSceneRate	c	PED	0xB6C49F8A5E295A5D		sceneID:integer,rate:number	
SetTableGamesCameraThisUpdate	c	CAM	0x79C0E43EB9B944E2	boolean	hash:Hash	
SetTaskMoveNetworkSignalBool	c	TASK	0xB0A6CFD2C69C1088		ped:Ped,signalName:string,value:boolean	
SetTaskMoveNetworkSignalFloat	c	TASK	0xD5BB4025AE449A4E		ped:Ped,signalName:string,value:number	
SetTaskMoveNetworkSignalFloat_2	c	TASK	0x373EF409B82697A3		ped:Ped,signalName:string,value:number	
SetTaskPropertyBool	c	TASK	0xB0A6CFD2C69C1088		ped:Ped,signalName:string,value:boolean	SetTaskMoveNetworkSignalBool
SetTaskPropertyFloat	c	TASK	0xD5BB4025AE449A4E		ped:Ped,signalName:string,value:number	SetTaskMoveNetworkSignalFloat
SetTaskVehicleChaseBehaviorFlag	c	TASK	0xCC665AAC360D31E7		ped:Ped,flag:integer,set:boolean	
SetTaskVehicleChaseIdealPursuitDistance	c	TASK	0x639B642FACBE4EDD		ped:Ped,distance:number	
SetTaskVehicleGotoPlaneMinHeightAboveTerrain	c	VEHICLE	0xB893215D8D4C015B		plane:Vehicle,height:integer	
SetTaxiLights	c	VEHICLE	0x598803E85E8448D9		vehicle:Vehicle,state:boolean	
SetTeamPickupObject	c	OBJECT	0x53E0DF1A2A3CF0CA		object:Object,p1:any,p2:boolean	
SetTextCentre	c	HUD	0xC02F4DBFB51D988B		align:boolean	
SetTextChatEnabled	c	CFX	0x97B2F9F8	boolean	enabled:boolean	
SetTextChatUnk	c	HUD	0x1DB21A44B09E8BA3		disable:boolean	DisableMultiplayerChat
SetTextColour	c	HUD	0xBE6B23FFA53FB442		red:integer,green:integer,blue:integer,alpha:integer	
SetTextComponentFormat	c	HUD	0x8509B634FBE7DA11		inputType:string	BeginTextCommandDisplayHelp
SetTextDropShadow	c	HUD	0x1CA3E9EAC9D93E5E			
SetTextDropshadow	c	HUD	0x465C84BC39F1C351		distance:integer,r:integer,g:integer,b:integer,a:integer	
SetTextEdge	c	HUD	0x441603240D202FA6		p0:integer,r:integer,g:integer,b:integer,a:integer	
SetTextEntry	c	HUD	0x25FBB336DF1804CB		text:string	BeginTextCommandDisplayText
SetTextEntryForWidth	c	HUD	0x54CE8AC98E120CAB		text:string	BeginTextCommandGetWidth
SetTextEntry_2	c	HUD	0xB87A37EEB7FAA67D		GxtEntry:string	BeginTextCommandPrint
SetTextFont	c	HUD	0x66E0276CC5F6B9DA		fontType:integer	
SetTextGxtEntry	c	HUD	0x521FB041D93DD0E4		entry:string	BeginTextCommandLineCount
SetTextInputBoxEnabled	c	HUD	0x1185A8087587322C		state:boolean	
SetTextJustification	c	HUD	0x4E096588B13FFECA		justifyType:integer	
SetTextLeading	c	HUD	0xA50ABC31E3CDFAFF		p0:integer	
SetTextOutline	c	HUD	0x2513DFB0FB8400FE			
SetTextProportional	c	HUD	0x038C1F517D7FDCF8		p0:boolean	
SetTextRenderId	c	HUD	0x5F15302936E07111		renderId:integer	
SetTextRightJustify	c	HUD	0x6B3C4650BC8BEE47		toggle:boolean	
SetTextScale	c	HUD	0x07C837F9A01C34C9		scale:number,size:number	
SetTextWrap	c	HUD	0x63145D9C883A1A70		start:number,_end:number	
SetTextureVariationOfClosestObjectOfType	c	OBJECT	0xF12E33034D887F66	boolean	x:number,y:number,z:number,radius:number,modelHash:Hash,textureVariation:integer	
SetThirdPersonAimCamNearClip	c	CAM	0x42156508606DE65E		distance:number	SetThirdPersonAimCamNearClipThisUpdate
SetThirdPersonAimCamNearClipThisUpdate	c	CAM	0x42156508606DE65E		distance:number	
SetThisScriptCanBePaused	c	MISC	0xAA391C728106F7AF		toggle:boolean	
SetThisScriptCanRemoveBlipsCreatedByAnyScript	c	MISC	0xB98236CAAECEF897		toggle:boolean	
SetThreadPriority	c	SYSTEM	0x42B65DEEF2EDF2A1		priority:integer	
SetTimeExclusiveDisplayTexture	c	PED	0xFD325494792302D7		ped:Ped,toggle:boolean	N_0xfd325494792302d7
SetTimeIdleDrop	c	CAM	0x9DFE13ECDC1EC196		p0:boolean,p1:boolean	N_0x9dfe13ecdc1ec196
SetTimeScale	c	MISC	0x1D408577D440E81E		timeScale:number	
SetTimecycleModifier	c	GRAPHICS	0x2C933ABF17A1DF41		modifierName:string	
SetTimecycleModifierStrength	c	GRAPHICS	0x82E7FFCD5B2326B3		strength:number	
SetTimecycleModifierVar	c	CFX	0x6E0A422B		modifierName:string,varName:string,value1:number,value2:number	
SetToggleMinimapHeistIsland	c	HUD	0x5E1460624D194A38		toggle:boolean	SetUseIslandMap
SetTowTruckCraneHeight	c	VEHICLE	0xFE54B92A344583CA		vehicle:Vehicle,position:number	SetVehicleTowTruckArmPosition
SetTowTruckCraneRaised	c	VEHICLE	0xFE54B92A344583CA		vehicle:Vehicle,position:number	SetVehicleTowTruckArmPosition
SetTrackBrakingDistance	c	CFX	0x77EB78D0		track:integer,brakingDistance:number	
SetTrackEnabled	c	CFX	0x4B41E84C		track:integer,enabled:boolean	
SetTrackJunctionActive	c	CFX	0x537B449D	boolean	junctionIndex:integer,state:boolean	
SetTrackMaxSpeed	c	CFX	0x37BFC732		track:integer,newSpeed:integer	
SetTrackedPointInfo	c	GRAPHICS	0x164ECBB3CF750CB0		point:integer,x:number,y:number,z:number,radius:number	
SetTrailerAttachmentEnabled	c	VEHICLE	0x2FA2494B47FDD009		vehicle:Vehicle,enabled:boolean	
SetTrailerInverseMassScale	c	VEHICLE	0x2A8F319B392E7B3F		vehicle:Vehicle,p1:number	
SetTrailerLegsLowered	c	VEHICLE	0x878C75C09FBDB942			
SetTrailerLegsRaised	c	VEHICLE	0x95CF53B3D687F9FA		vehicle:Vehicle	
SetTrainCruiseSpeed	c	VEHICLE	0x16469284DB8C62B5		train:Vehicle,speed:number	
SetTrainDoorOpenRatio	c	CFX	0x2468DBE8		train:Vehicle,doorIndex:integer,ratio:number	
SetTrainSpeed	c	VEHICLE	0xAA0BC91BE0B796E3		train:Vehicle,speed:number	
SetTrainState	c	CFX	0x61CB74A0		train:Vehicle,state:integer	
SetTrainStopAtStations	c	CFX	0xECB8B577		train:Vehicle,state:boolean	
SetTrainTrackSpawnFrequency	c	VEHICLE	0x21973BBF8D17EDFA		trackIndex:integer,frequency:integer	
SetTrainsForceDoorsOpen	c	CFX	0xD4D1BA63		forceOpen:boolean	
SetTransformRateForAnimation	c	VEHICLE	0x498218259FB7C72D		vehicle:Vehicle,transformRate:number	
SetTransformToSubmarineUsesAlternateInput	c	VEHICLE	0x41B9FB92EDED32A6		vehicle:Vehicle,useAlternateInput:boolean	
SetTransitionOutOfTimecycleModifier	c	GRAPHICS	0x1CBA05AE7BD7EE05		transitionTime:number	
SetTransitionTimecycleModifier	c	GRAPHICS	0x3BCF567485E1971C		modifierName:string,transition:number	
SetTvAudioFrontend	c	GRAPHICS	0x113D2C5DC57E1774		toggle:boolean	
SetTvChannel	c	GRAPHICS	0xBAABBB23EB6E484E		channel:integer	
SetTvChannelPlaylist	c	GRAPHICS	0xF7B38B8305F1FE8B		tvChannel:integer,playlistName:string,restart:boolean	
SetTvChannelPlaylistAtHour	c	GRAPHICS	0x2201C576FACAEBE8		tvChannel:integer,playlistName:string,hour:integer	
SetTvVolume	c	GRAPHICS	0x2982BF73F66E9DDC		volume:number	
SetTyreHealth	c	VEHICLE	0x74C68EF97645E79D		vehicle:Vehicle,wheelIndex:integer,health:number	
SetTyreSoftnessMultiplier	c	VEHICLE	0x392183BB9EA57697		vehicle:Vehicle,wheelIndex:integer,multiplier:number	
SetTyreTractionLossMultiplier	c	VEHICLE	0xC970D0E0FC31D768		vehicle:Vehicle,wheelIndex:integer,multiplier:number	
SetTyreWearMultiplier	c	VEHICLE	0x01894E2EDE923CA2		vehicle:Vehicle,wheelIndex:integer,multiplier:number	
SetUiLayer	c	GRAPHICS	0x61BB1D9B3A95D802		order:integer	SetScriptGfxDrawOrder
SetUnkBoolN_0x102ForSubmarineVehicleTask	c	VEHICLE	0x41B9FB92EDED32A6		vehicle:Vehicle,useAlternateInput:boolean	SetTransformToSubmarineUsesAlternateInput
SetUnkFloatN_0x104ForSubmarineVehicleTask	c	VEHICLE	0x498218259FB7C72D		vehicle:Vehicle,transformRate:number	SetTransformRateForAnimation
SetUnkGlobalBoolRelatedToDamage	c	OBJECT	0xABDABF4E1EDECBFA		value:boolean	
SetUnkMapFlag	c	MISC	0xC5F0A8EBD3F361CE		flag:integer	SetInstancePriorityHint
SetUseHiDof	c	CAM	0xA13B0222F3D94A94			
SetUseHiDofInCutscene	c	CAM	0x731A880555DA3647			
SetUseHigherVehicleJumpForce	c	VEHICLE	0xF06A16CA55D138D8		vehicle:Vehicle,toggle:boolean	
SetUseIslandMap	c	HUD	0x5E1460624D194A38		toggle:boolean	
SetUseWaypointAsDestination	c	HUD	0x6CDD58146A436083		toggle:boolean	
SetUserRadioControlEnabled	c	AUDIO	0x19F21E63AE6EAE4E		toggle:boolean	
SetUseridsUihidden	c	HUD	0xEF4CED81CEBEDC6D	boolean,integer	p0:any,p1?:integer	GetMenuPedIntStat
SetVariableOnCutsceneAudio	c	AUDIO	0xBCC29F935ED07688		variableName:string,value:number	
SetVariableOnSound	c	AUDIO	0xAD6B3148A78AE9B6		soundId:integer,variableName:string,value:number	
SetVariableOnStream	c	AUDIO	0x2F9D3834AEB9EF79		p0:string,p1:number	
SetVariableOnUnderWaterStream	c	AUDIO	0x733ADF241531E5C2		variableName:string,value:number	
SetVehHasRadioOverride	c	AUDIO	0x3E45765F3FBB582F		vehicle:Vehicle	
SetVehRadioStation	c	AUDIO	0x1B9C0099CB942AC6		vehicle:Vehicle,radioStation:string	
SetVehicleActAsIfHighSpeedForFragSmashing	c	VEHICLE	0x1F9FB66F3A3842D2		vehicle:Vehicle,actHighSpeed:boolean	
SetVehicleActiveDuringPlayback	c	VEHICLE	0xDFFCEF48E511DB48		vehicle:Vehicle,toggle:boolean	
SetVehicleActiveForPedNavigation	c	VEHICLE	0x21115BCD6E44656A		vehicle:Vehicle,toggle:boolean	
SetVehicleAlarm	b	VEHICLE	0xCDE5E70C1DDB954C		vehicle:Vehicle,state:boolean	
SetVehicleAlarmTimeLeft	c	CFX	0xC108EE6F		vehicle:Vehicle,time:integer	
SetVehicleAllowHomingMissleLockon	c	VEHICLE	0x7D6F9A3EF26136A0		vehicle:Vehicle,toggle:boolean,p2:boolean	
SetVehicleAllowNoPassengersLockon	c	VEHICLE	0x5D14D4154BFE7B2C		veh:Vehicle,toggle:boolean	
SetVehicleAsNoLongerNeeded	c	ENTITY	0x629BFA74418D6239	Vehicle	vehicle:Vehicle	
SetVehicleAudio	c	AUDIO	0x4F0C413926060B38		vehicle:Vehicle,gameObjectName:string	ForceUseAudioGameObject
SetVehicleAudioBodyDamageFactor	c	AUDIO	0x01BB4D577D38BD9E		vehicle:Vehicle,intensity:number	
SetVehicleAudioEngineDamageFactor	c	AUDIO	0x59E7B488451F4D3A		vehicle:Vehicle,damageFactor:number	
SetVehicleAutoRepairDisabled	c	CFX	0x5F3A3574		vehicle:Vehicle,value:boolean	
SetVehicleAutomaticallyAttaches	c	VEHICLE	0x8BA6F76BC53A1493	any	vehicle:Vehicle,p1:boolean,p2:any	
SetVehicleBodyHealth	b	VEHICLE	0xB77D05AC8C78AADB		vehicle:Vehicle,value:number	
SetVehicleBombCount	c	VEHICLE	0xF4B2ED59DEB5D774		aircraft:Vehicle,bombCount:integer	
SetVehicleBombs	c	VEHICLE	0xF4B2ED59DEB5D774		aircraft:Vehicle,bombCount:integer	SetVehicleBombCount
SetVehicleBoostActive	c	AUDIO	0x4A04DE7CAB2739A1		vehicle:Vehicle,toggle:boolean	
SetVehicleBrake	c	VEHICLE	0xE4E2FD323574965C		vehicle:Vehicle,toggle:boolean	
SetVehicleBrakeLights	c	VEHICLE	0x92B35082E0B42F66		vehicle:Vehicle,toggle:boolean	
SetVehicleBulldozerArmPosition	c	VEHICLE	0xF8EBCCC96ADB9FB7		vehicle:Vehicle,position:number,p2:boolean	
SetVehicleBurnout	c	VEHICLE	0xFB8794444A7D60FB		vehicle:Vehicle,toggle:boolean	
SetVehicleCanBeLockedOn	c	VEHICLE	0x1DDA078D12879EEE		vehicle:Vehicle,canBeLockedOn:boolean,unk:boolean	
SetVehicleCanBeTargetted	c	VEHICLE	0x3750146A28097A82		vehicle:Vehicle,state:boolean	
SetVehicleCanBeUsedByFleeingPeds	c	VEHICLE	0x300504B23BD3B711		vehicle:Vehicle,toggle:boolean	
SetVehicleCanBeVisiblyDamaged	c	VEHICLE	0x4C7028F78FFD3681		vehicle:Vehicle,state:boolean	
SetVehicleCanBreak	c	VEHICLE	0x59BF8C3D52C92F66		vehicle:Vehicle,toggle:boolean	
SetVehicleCanDeformWheels	c	VEHICLE	0x0CDDA42F9E360CA6		vehicle:Vehicle,toggle:boolean	
SetVehicleCanEngineOperateOnFire	c	VEHICLE	0x206BC5DC9D1AC70A		vehicle:Vehicle,toggle:boolean	
SetVehicleCanLeakOil	c	VEHICLE	0x51BB2D88D31A914B		vehicle:Vehicle,toggle:boolean	
SetVehicleCanLeakPetrol	c	VEHICLE	0x192547247864DFDD		vehicle:Vehicle,toggle:boolean	
SetVehicleCanSaveInGarage	c	VEHICLE	0x428BACCDF5E26EAD		vehicle:Vehicle,toggle:boolean	
SetVehicleCeilingHeight	c	VEHICLE	0xA46413066687A328		vehicle:Vehicle,height:number	
SetVehicleCheatPowerIncrease	c	VEHICLE	0xB59E4BD37AE292DB		vehicle:Vehicle,value:number	
SetVehicleCloseDoorDeferedAction	c	VEHICLE	0x21115BCD6E44656A		vehicle:Vehicle,toggle:boolean	SetVehicleActiveForPedNavigation
SetVehicleClutch	c	CFX	0x2F70ACED		vehicle:Vehicle,clutch:number	
SetVehicleColourCombination	b	VEHICLE	0x33E8CD3322E2FE31		vehicle:Vehicle,colorCombination:integer	
SetVehicleColours	b	VEHICLE	0x4F1D4BE3A7F24601		vehicle:Vehicle,colorPrimary:integer,colorSecondary:integer	
SetVehicleControlsInverted	c	VEHICLE	0x5B91B229243351A8		vehicle:Vehicle,state:boolean	
SetVehicleCountermeasureCount	c	VEHICLE	0x9BDA23BF666F0855		aircraft:Vehicle,count:integer	
SetVehicleCreatesMoneyPickupsWhenExploded	c	VEHICLE	0x068F64F2470F9656		vehicle:Vehicle,toggle:boolean	SetVehicleDropsMoneyWhenBlownUp
SetVehicleCurrentGear	c	CFX	0x8923DD42		vehicle:Vehicle,gear:integer	
SetVehicleCurrentRpm	c	CFX	0x2A01A8FC		vehicle:Vehicle,rpm:number	
SetVehicleCustomPrimaryColour	b	VEHICLE	0x7141766F91D15BEA		vehicle:Vehicle,r:integer,g:integer,b:integer	
SetVehicleCustomSecondaryColour	b	VEHICLE	0x36CED73BFED89754		vehicle:Vehicle,r:integer,g:integer,b:integer	
SetVehicleDamage	c	VEHICLE	0xA1DD317EA8FD4F29		vehicle:Vehicle,xOffset:number,yOffset:number,zOffset:number,damage:number,radius:number,focusOnModel:boolean	
SetVehicleDamageModifier	c	VEHICLE	0x4E20D2A627011E8E	any	vehicle:Vehicle,p1:number	
SetVehicleDashboardColor	c	VEHICLE	0x6089CDF6A57F326C		vehicle:Vehicle,color:integer	
SetVehicleDashboardColour	c	VEHICLE	0x6089CDF6A57F326C		vehicle:Vehicle,color:integer	SetVehicleDashboardColor
SetVehicleDeformationFixed	c	VEHICLE	0x953DA1E1B12C0491		vehicle:Vehicle	
SetVehicleDensityMultiplierThisFrame	c	VEHICLE	0x245A6883D966D537		multiplier:number	
SetVehicleDirtLevel	b	VEHICLE	0x79D3B596FE44EE8B		vehicle:Vehicle,dirtLevel:number	
SetVehicleDisableTowing	c	VEHICLE	0x2B6747FAA9DB9D6B		vehicle:Vehicle,toggle:boolean	
SetVehicleDoorBreakable	c	VEHICLE	0x2FA133A4A9D37ED8		vehicle:Vehicle,doorIndex:integer,isBreakable:boolean	SetVehicleDoorCanBreak
SetVehicleDoorBroken	b	VEHICLE	0xD4D4F6A4AB575A33		vehicle:Vehicle,doorIndex:integer,deleteDoor:boolean	
SetVehicleDoorCanBreak	c	VEHICLE	0x2FA133A4A9D37ED8		vehicle:Vehicle,doorIndex:integer,isBreakable:boolean	
SetVehicleDoorControl	c	VEHICLE	0xF2BFA0430F0A0FCB		vehicle:Vehicle,doorIndex:integer,speed:integer,angle:number	
SetVehicleDoorDestroyType	c	VEHICLE	0xBE70724027F85BCD		vehicle:Vehicle,doorIndex:integer,doorLockStatus:integer	SetVehicleIndividualDoorsLocked
SetVehicleDoorLatched	c	VEHICLE	0xA5A9653A8D2CAF48		vehicle:Vehicle,doorIndex:integer,forceClose:boolean,lock:boolean,p4:boolean	
SetVehicleDoorOpen	c	VEHICLE	0x7C65DAC73C35C862		vehicle:Vehicle,doorIndex:integer,loose:boolean,openInstantly:boolean	
SetVehicleDoorShut	c	VEHICLE	0x93D9BD300D7789E5		vehicle:Vehicle,doorIndex:integer,closeInstantly:boolean	
SetVehicleDoorsLocked	b	VEHICLE	0xB664292EAECF7FA6		vehicle:Vehicle,doorLockStatus:integer	
SetVehicleDoorsLockedForAllPlayers	c	VEHICLE	0xA2F80B8D040727CC		vehicle:Vehicle,toggle:boolean	
SetVehicleDoorsLockedForNonScriptPlayers	c	VEHICLE	0x9737A37136F07E75		vehicle:Vehicle,toggle:boolean	
SetVehicleDoorsLockedForPlayer	c	VEHICLE	0x517AAF684BB50CD1		vehicle:Vehicle,player:Player,toggle:boolean	
SetVehicleDoorsLockedForTeam	c	VEHICLE	0xB81F6D4A8F5EEBA8		vehicle:Vehicle,team:integer,toggle:boolean	
SetVehicleDoorsLockedForUnk	c	VEHICLE	0x203B527D1B77904C		vehicle:Vehicle,toggle:boolean	
SetVehicleDoorsShut	c	VEHICLE	0x781B3D62BB013EF5		vehicle:Vehicle,closeInstantly:boolean	
SetVehicleDropsMoneyWhenBlownUp	c	VEHICLE	0x068F64F2470F9656		vehicle:Vehicle,toggle:boolean	
SetVehicleEngineCanDegrade	c	VEHICLE	0x983765856F2564F9		vehicle:Vehicle,toggle:boolean	
SetVehicleEngineHealth	c	VEHICLE	0x45F6D8EEF34ABEF1		vehicle:Vehicle,health:number	
SetVehicleEngineOn	c	VEHICLE	0x2497C4717C8B881E		vehicle:Vehicle,value:boolean,instantly:boolean,disableAutoStart:boolean	
SetVehicleEnginePowerMultiplier	c	VEHICLE	0x93A3996368C94158		vehicle:Vehicle,percentChange:number	ModifyVehicleTopSpeed
SetVehicleEngineTemperature	c	CFX	0x6C93C4A9		vehicle:Vehicle,temperature:number	
SetVehicleEngineTorqueMultiplier	c	VEHICLE	0xB59E4BD37AE292DB		vehicle:Vehicle,value:number	SetVehicleCheatPowerIncrease
SetVehicleEnveffScale	c	VEHICLE	0x3AFDC536C3D01674		vehicle:Vehicle,fade:number	
SetVehicleExclusiveDriver	c	VEHICLE	0x41062318F23ED854		vehicle:Vehicle,toggle:boolean	
SetVehicleExclusiveDriver_2	c	VEHICLE	0xB5C51B5502E85E83		vehicle:Vehicle,ped:Ped,index:integer	
SetVehicleExplodesOnHighExplosionDamage	c	VEHICLE	0x71B0892EC081D60A		vehicle:Vehicle,toggle:boolean	
SetVehicleExplosiveDamageScale	c	VEHICLE	0x84D7FFD223CAAFFD	any	vehicle:Vehicle,scale:number	
SetVehicleExtendedRemovalRange	c	VEHICLE	0x79DF7E806202CE01		vehicle:Vehicle,range:integer	
SetVehicleExtra	c	VEHICLE	0x7EE3A3C5E4A40CC9		vehicle:Vehicle,extraId:integer,disable:boolean	
SetVehicleExtraColours	c	VEHICLE	0x2036F561ADD12E33		vehicle:Vehicle,pearlescentColor:integer,wheelColor:integer	
SetVehicleFixed	c	VEHICLE	0x115722B1B9C14C1C		vehicle:Vehicle	
SetVehicleFlag	c	CFX	0x63AE1A34	boolean	vehicle:Vehicle,flagIndex:integer,value:boolean	
SetVehicleFlightNozzlePosition	c	VEHICLE	0x30D779DE7C4F6DD3		vehicle:Vehicle,angleRatio:number	
SetVehicleFlightNozzlePositionImmediate	c	VEHICLE	0x9AA47FFF660CB932		vehicle:Vehicle,angle:number	
SetVehicleForceAfterburner	c	VEHICLE	0xB055A34527CB8FD7		vehicle:Vehicle,toggle:boolean	
SetVehicleForwardSpeed	c	VEHICLE	0xAB54A438726D25D5		vehicle:Vehicle,speed:number	
SetVehicleFrictionOverride	c	VEHICLE	0x1837AF7C627009BA		vehicle:Vehicle,friction:number	
SetVehicleFuelLevel	c	CFX	0xBA970511		vehicle:Vehicle,level:number	
SetVehicleFullbeam	c	VEHICLE	0x8B7FD87F0DDB421E		vehicle:Vehicle,toggle:boolean	
SetVehicleGearRatio	c	CFX	0x496EF2F2		vehicle:Vehicle,gear:integer,ratio:number	
SetVehicleGeneratesEngineShockingEvents	c	VEHICLE	0x279D50DE5652D935		vehicle:Vehicle,toggle:boolean	
SetVehicleGeneratorAreaOfInterest	c	VEHICLE	0x9A75585FB2E54FAD		x:number,y:number,z:number,radius:number	
SetVehicleGravity	c	VEHICLE	0x89F149B6131E57DA		vehicle:Vehicle,toggle:boolean	
SetVehicleGravityAmount	c	CFX	0x1A963E58		vehicle:Vehicle,gravity:number	
SetVehicleHalt	c	VEHICLE	0x260BE8F09E326A20		vehicle:Vehicle,distance:number,duration:integer,bControlVerticalVelocity:boolean	BringVehicleToHalt
SetVehicleHandbrake	c	VEHICLE	0x684785568EF26A22		vehicle:Vehicle,toggle:boolean	
SetVehicleHandlingField	c	CFX	0x2BA40795		vehicle:Vehicle,class_:string,fieldName:string,value:any	
SetVehicleHandlingFloat	c	CFX	0x488C86D2		vehicle:Vehicle,class_:string,fieldName:string,value:number	
SetVehicleHandlingHashForAi	c	VEHICLE	0x10655FAB9915623D		vehicle:Vehicle,hash:Hash	
SetVehicleHandlingInt	c	CFX	0xC37F4CF9		vehicle:Vehicle,class_:string,fieldName:string,value:integer	
SetVehicleHandlingVector	c	CFX	0x12497890		vehicle:Vehicle,class_:string,fieldName:string,value:vector3	
SetVehicleHasBeenDrivenFlag	c	VEHICLE	0x02398B627547189C		vehicle:Vehicle,toggle:boolean	
SetVehicleHasBeenOwnedByPlayer	c	VEHICLE	0x2B5F9D2AF1F1722D		vehicle:Vehicle,owned:boolean	
SetVehicleHasMutedSirens	c	VEHICLE	0xD8050E0EB60CF274		vehicle:Vehicle,toggle:boolean	
SetVehicleHasStrongAxles	c	VEHICLE	0x92F0CF722BC4202F		vehicle:Vehicle,toggle:boolean	
SetVehicleHasUnbreakableLights	c	VEHICLE	0x1AA8A837D2169D94		vehicle:Vehicle,toggle:boolean	
SetVehicleHeadlightShadows	c	VEHICLE	0x1FD09E7390A74D54		vehicle:Vehicle,flag:integer	
SetVehicleHeadlightsColour	c	VEHICLE	0xE41033B25D003A07		vehicle:Vehicle,color:integer	SetVehicleXenonLightsColor
SetVehicleHighGear	c	CFX	0x20B1B3E6		vehicle:Vehicle,gear:integer	
SetVehicleHornVariation	c	AUDIO	0x0350E7E17BA767D0		vehicle:Vehicle,value:integer	
SetVehicleHoverTransformActive	c	VEHICLE	0x2D55FE374D5FDB91		vehicle:Vehicle,toggle:boolean	SetDisableHoverModeFlight
SetVehicleHoverTransformEnabled	c	VEHICLE	0xF1211889DF15A763		vehicle:Vehicle,toggle:boolean	SetSpecialFlightModeAllowed
SetVehicleHoverTransformPercentage	c	VEHICLE	0x438B3D7CA026FE91		vehicle:Vehicle,state:number	SetSpecialFlightModeTargetRatio
SetVehicleHoverTransformRatio	c	VEHICLE	0xD138FA15C9776837		vehicle:Vehicle,ratio:number	SetSpecialFlightModeRatio
SetVehicleHudSpecialAbilityBarActive	c	VEHICLE	0x99C82F8A139F3E4E		vehicle:Vehicle,toggle:boolean	SetVehicleKersAllowed
SetVehicleInactiveDuringPlayback	c	VEHICLE	0x06582AFF74894C75		vehicle:Vehicle,toggle:boolean	
SetVehicleIndicatorLights	c	VEHICLE	0xB5D45264751B7DF0		vehicle:Vehicle,turnSignal:integer,toggle:boolean	
SetVehicleIndividualDoorsLocked	c	VEHICLE	0xBE70724027F85BCD		vehicle:Vehicle,doorIndex:integer,doorLockStatus:integer	
SetVehicleInfluencesWantedLevel	c	VEHICLE	0x0AD9E8F87FF7C16F		vehicle:Vehicle,influenceWantedLevel:boolean	
SetVehicleInteriorColor	c	VEHICLE	0xF40DD601A65F7F19		vehicle:Vehicle,color:integer	
SetVehicleInteriorColour	c	VEHICLE	0xF40DD601A65F7F19		vehicle:Vehicle,color:integer	SetVehicleInteriorColor
SetVehicleInteriorlight	c	VEHICLE	0xBC2042F090AF6AD3		vehicle:Vehicle,toggle:boolean	
SetVehicleIsConsideredByPlayer	c	VEHICLE	0x31B927BBC44156CD		vehicle:Vehicle,toggle:boolean	
SetVehicleIsRacing	c	VEHICLE	0x07116E24E9D1929D		vehicle:Vehicle,toggle:boolean	
SetVehicleIsStolen	c	VEHICLE	0x67B2C79AA7FF5738		vehicle:Vehicle,isStolen:boolean	
SetVehicleIsWanted	c	VEHICLE	0xF7EC25A3EBEEC726		vehicle:Vehicle,state:boolean	
SetVehicleJetEngineOn	c	VEHICLE	0xB8FBC8B1330CA9B4		vehicle:Vehicle,toggle:boolean	SetVehicleKeepEngineOnWhenAbandoned
SetVehicleKeepEngineOnWhenAbandoned	c	VEHICLE	0xB8FBC8B1330CA9B4		vehicle:Vehicle,toggle:boolean	
SetVehicleKersAllowed	c	VEHICLE	0x99C82F8A139F3E4E		vehicle:Vehicle,toggle:boolean	
SetVehicleLandingGear	c	VEHICLE	0xCFC8BE9A5E1FE575		vehicle:Vehicle,state:integer	ControlLandingGear
SetVehicleLightMultiplier	c	VEHICLE	0xB385454F8791F57C		vehicle:Vehicle,multiplier:number	
SetVehicleLights	c	VEHICLE	0x34E710FF01247C5A		vehicle:Vehicle,state:integer	
SetVehicleLightsCanBeVisiblyDamaged	c	VEHICLE	0x1AA8A837D2169D94		vehicle:Vehicle,toggle:boolean	SetVehicleHasUnbreakableLights
SetVehicleLightsMode	c	VEHICLE	0x1FD09E7390A74D54		vehicle:Vehicle,flag:integer	SetVehicleHeadlightShadows
SetVehicleLivery	c	VEHICLE	0x60BF608F1B8CD1B6		vehicle:Vehicle,livery:integer	
SetVehicleLodMultiplier	c	VEHICLE	0x93AE6A61BE015BF1		vehicle:Vehicle,multiplier:number	
SetVehicleMaxSpeed	c	VEHICLE	0xBAA045B4E42F3C06		vehicle:Vehicle,speed:number	
SetVehicleMaxStrTrap	c	VEHICLE	0xA37B9A517B133349		vehicle:Vehicle,toggle:boolean	SetVehicleWheelsCanBreakOffWhenBlowUp
SetVehicleMissileWarningEnabled	c	AUDIO	0xF3365489E0DD50F9		vehicle:Vehicle,toggle:boolean	
SetVehicleMod	c	VEHICLE	0x6AF0636DDEDCB6DD		vehicle:Vehicle,modType:integer,modIndex:integer,customTires:boolean	
SetVehicleModColor_1	c	VEHICLE	0x43FEB945EE7F85B8		vehicle:Vehicle,paintType:integer,color:integer,pearlescentColor:integer	
SetVehicleModColor_2	c	VEHICLE	0x816562BADFDEC83E		vehicle:Vehicle,paintType:integer,color:integer	
SetVehicleModKit	c	VEHICLE	0x1F2AA07F00B3217A		vehicle:Vehicle,modKit:integer	
SetVehicleModelIsSuppressed	c	VEHICLE	0x0FC2D89AC25A5814		model:Hash,suppressed:boolean	
SetVehicleNameDebug	c	VEHICLE	0xBFDF984E2C22B94F		vehicle:Vehicle,name:string	
SetVehicleNeedsToBeHotwired	c	VEHICLE	0xFBA550EA44404EE6		vehicle:Vehicle,toggle:boolean	
SetVehicleNeonLightEnabled	c	VEHICLE	0x2AA720E4287BF269		vehicle:Vehicle,index:integer,toggle:boolean	
SetVehicleNeonLightsColor_2	c	VEHICLE	0xB93B2867F7B479D1		vehicle:Vehicle,color:integer	
SetVehicleNeonLightsColour	c	VEHICLE	0x8E0A582209A62695		vehicle:Vehicle,r:integer,g:integer,b:integer	
SetVehicleNextGear	c	CFX	0x3A4566F4		vehicle:Vehicle,nextGear:integer	
SetVehicleNitroEnabled	c	VEHICLE	0xC8E9B6B71B8E660D		vehicle:Vehicle,override:boolean	SetOverrideNitrousLevel
SetVehicleNitroPtfxRange	c	CFX	0xA40CB822		range:number	
SetVehicleNumberPlateText	b	VEHICLE	0x95A88F0B409CDA47		vehicle:Vehicle,plateText:string	
SetVehicleNumberPlateTextIndex	c	VEHICLE	0x9088EB5A43FFB0A1		vehicle:Vehicle,plateIndex:integer	
SetVehicleOilLevel	c	CFX	0x90D1CAD1		vehicle:Vehicle,level:number	
SetVehicleOnGroundProperly	c	VEHICLE	0x49733E92263139D1	boolean	vehicle:Vehicle	
SetVehicleOutOfControl	c	VEHICLE	0xF19D095E42D430CC		vehicle:Vehicle,killDriver:boolean,explodeOnImpact:boolean	
SetVehiclePaintFade	c	VEHICLE	0x3AFDC536C3D01674		vehicle:Vehicle,fade:number	SetVehicleEnveffScale
SetVehicleParachuteActive	c	VEHICLE	0x0BFFB028B3DD0A97		vehicle:Vehicle,active:boolean	
SetVehicleParachuteModel	c	VEHICLE	0x4D610C6B56031351		vehicle:Vehicle,modelHash:Hash	
SetVehicleParachuteTextureVariatiion	c	VEHICLE	0xA74AD2439468C883		vehicle:Vehicle,textureVariation:integer	SetVehicleParachuteTextureVariation
SetVehicleParachuteTextureVariation	c	VEHICLE	0xA74AD2439468C883		vehicle:Vehicle,textureVariation:integer	
SetVehiclePetrolTankHealth	c	VEHICLE	0x70DB57649FA8D0D8		vehicle:Vehicle,health:number	
SetVehiclePitchBias	c	CFX	0x2A6CC9F2		vehicle:Vehicle,value:number	
SetVehiclePopulationBudget	c	STREAMING	0xCB9E1EB3BE2AF4E9		p0:integer	
SetVehicleProvidesCover	c	VEHICLE	0x5AFEEDD9BB2899D7		vehicle:Vehicle,toggle:boolean	
SetVehicleRadioEnabled	c	AUDIO	0x3B988190C0AA6C0B		vehicle:Vehicle,toggle:boolean	
SetVehicleRadioLoud	c	AUDIO	0xBB6F1CAEC68B0BCE		vehicle:Vehicle,loud:boolean	
SetVehicleRampLaunchModifier	c	VEHICLE	0xEFC13B1CE30D755D		vehicle:Vehicle,p1:number	
SetVehicleRampSidewaysLaunchMotion	c	VEHICLE	0x1BBAC99C0BC53656		vehicle:Vehicle,toggle:boolean	
SetVehicleRampUpwardsLaunchMotion	c	VEHICLE	0x756AE6E962168A04		vehicle:Vehicle,toggle:boolean	
SetVehicleReceivesRampDamage	c	VEHICLE	0x28D034A93FE31BF5		vehicle:Vehicle,toggle:boolean	
SetVehicleReduceGrip	c	VEHICLE	0x222FF6A823D122E2		vehicle:Vehicle,toggle:boolean	
SetVehicleReduceTraction	c	VEHICLE	0x6DEE944E1EE90CFB		vehicle:Vehicle,val:integer	
SetVehicleRocketBoostActive	c	VEHICLE	0x81E1552E35DC3839		vehicle:Vehicle,active:boolean	
SetVehicleRocketBoostPercentage	c	VEHICLE	0xFEB2DDED3509562E		vehicle:Vehicle,percentage:number	
SetVehicleRocketBoostRefillTime	c	VEHICLE	0xE00F2AB100B76E89		vehicle:Vehicle,time:number	
SetVehicleRollBias	c	CFX	0x264B45DE		vehicle:Vehicle,value:number	
SetVehicleRoofLivery	c	VEHICLE	0xA6D3A8750DC73270		vehicle:Vehicle,livery:integer	
SetVehicleRudderBroken	c	VEHICLE	0x09606148B6C71DEF		vehicle:Vehicle,toggle:boolean	
SetVehicleSearchlight	c	VEHICLE	0x14E85C5EE7A4D542		heli:Vehicle,toggle:boolean,canBeUsedByAI:boolean	
SetVehicleShadowEffect	c	VEHICLE	0xF0E4BA16D1DB546C		vehicle:Vehicle,p1:integer,p2:integer	
SetVehicleShootAtTarget	c	VEHICLE	0x74CD9A9327A282EA		driver:Ped,entity:Entity,xTarget:number,yTarget:number,zTarget:number	
SetVehicleSilent	c	VEHICLE	0x9D44FCCE98450843		vehicle:Vehicle,toggle:boolean	
SetVehicleSiren	c	VEHICLE	0xF4924635A19EB37D		vehicle:Vehicle,toggle:boolean	
SetVehicleSt	c	VEHICLE	0x1CF38D529D7441D9		vehicle:Vehicle,toggle:boolean	
SetVehicleStartupRevSound	c	AUDIO	0xF1F8157B8C3F171C		vehicle:Vehicle,soundName:string,setName:string	
SetVehicleSteerBias	c	VEHICLE	0x42A8EC77D5150CBE		vehicle:Vehicle,value:number	
SetVehicleSteeringAngle	c	CFX	0xFFCCC2EA		vehicle:Vehicle,angle:number	
SetVehicleSteeringBiasScalar	c	VEHICLE	0x9007A2F21DC108D4		vehicle:Vehicle,scalar:number	
SetVehicleSteeringScale	c	CFX	0xEB46596F		vehicle:Vehicle,scale:number	
SetVehicleStrong	c	VEHICLE	0x3E8C8727991A8A0B		vehicle:Vehicle,toggle:boolean	
SetVehicleSuspensionHeight	c	CFX	0xB3439A01		vehicle:Vehicle,newHeight:number	
SetVehicleTankTurretPosition	c	VEHICLE	0x56B94C6D7127DFBA		vehicle:Vehicle,position:number,p2:boolean	
SetVehicleTimedExplosion	c	VEHICLE	0x2E0A74E1002380B1		vehicle:Vehicle,ped:Ped,toggle:boolean	
SetVehicleTowTruckArmPosition	c	VEHICLE	0xFE54B92A344583CA		vehicle:Vehicle,position:number	
SetVehicleTransformState	c	VEHICLE	0x438B3D7CA026FE91		vehicle:Vehicle,state:number	SetSpecialFlightModeTargetRatio
SetVehicleTurboPressure	c	CFX	0x6485615E		vehicle:Vehicle,pressure:number	
SetVehicleTurretSpeedThisFrame	c	VEHICLE	0x1093408B4B9D1146		vehicle:Vehicle,speed:number	
SetVehicleTurretUnk	c	VEHICLE	0xC60060EB0D8AC7B1		vehicle:Vehicle,index:integer,toggle:boolean	
SetVehicleTyreBurst	c	VEHICLE	0xEC6A202EE4960385		vehicle:Vehicle,index:integer,onRim:boolean,p3:number	
SetVehicleTyreFixed	c	VEHICLE	0x6E13FC662B882D1D		vehicle:Vehicle,tyreIndex:integer	
SetVehicleTyreSmokeColor	c	VEHICLE	0xB5BA80F839791C0F		vehicle:Vehicle,r:integer,g:integer,b:integer	
SetVehicleTyresCanBurst	c	VEHICLE	0xEB9DC3C7D8596C46		vehicle:Vehicle,toggle:boolean	
SetVehicleUndriveable	c	VEHICLE	0x8ABA6AF54B942B95		vehicle:Vehicle,toggle:boolean	
SetVehicleUnkDamageMultiplier	c	VEHICLE	0x45A561A9421AB6AD		vehicle:Vehicle,multiplier:number	
SetVehicleUseAlternateHandling	c	VEHICLE	0x1D97D1E3A70A649F		vehicle:Vehicle,toggle:boolean	
SetVehicleUseCutsceneWheelCompression	c	VEHICLE	0xE023E8AC4EF7C117	any	p0:Vehicle,p1:boolean,p2:boolean,p3:boolean	
SetVehicleUseHornButtonForNitrous	c	VEHICLE	0x1980F68872CC2C3D		vehicle:Vehicle,bToggle:boolean	
SetVehicleUsePlayerLightSettings	c	VEHICLE	0xC45C27EF50F36ADC		vehicle:Vehicle,toggle:boolean	
SetVehicleUsesLargeRearRamp	c	VEHICLE	0xCAC66558B944DA67		vehicle:Vehicle,toggle:boolean	
SetVehicleWeaponCapacity	c	VEHICLE	0x44CD1F493DB2A0A6		vehicle:Vehicle,weaponIndex:integer,ammoCount:integer	SetVehicleWeaponRestrictedAmmo
SetVehicleWeaponRestrictedAmmo	c	VEHICLE	0x44CD1F493DB2A0A6		vehicle:Vehicle,weaponIndex:integer,ammoCount:integer	
SetVehicleWeaponsDisabled	c	VEHICLE	0x86B4B6212CB8B627		vehicle:Vehicle,weaponSlot:integer	
SetVehicleWheelBrakePressure	c	CFX	0xE80F4E31		vehicle:Vehicle,wheelIndex:integer,pressure:number	
SetVehicleWheelFlags	c	CFX	0xD2B9E90D		vehicle:Vehicle,wheelIndex:integer,flags:integer	
SetVehicleWheelHealth	c	CFX	0xB22ECEFD		vehicle:Vehicle,wheelIndex:integer,health:number	
SetVehicleWheelIsPowered	c	CFX	0xBD5291A0		vehicle:Vehicle,wheelIndex:integer,powered:boolean	
SetVehicleWheelPower	c	CFX	0xC6146043		vehicle:Vehicle,wheelIndex:integer,power:number	
SetVehicleWheelRimColliderSize	c	CFX	0xF380E184		vehicle:Vehicle,wheelIndex:integer,value:number	
SetVehicleWheelRotationSpeed	c	CFX	0x35ED100D		vehicle:Vehicle,wheelIndex:integer,speed:number	
SetVehicleWheelSize	c	CFX	0x53AB5C35	boolean	vehicle:Vehicle,size:number	
SetVehicleWheelTireColliderSize	c	CFX	0xB962D05C		vehicle:Vehicle,wheelIndex:integer,value:number	
SetVehicleWheelTireColliderWidth	c	CFX	0x47BD0270		vehicle:Vehicle,wheelIndex:integer,value:number	
SetVehicleWheelTractionVectorLength	c	CFX	0x85C85A3A		vehicle:Vehicle,wheelIndex:integer,length:number	
SetVehicleWheelType	c	VEHICLE	0x487EB21CC7295BA1		vehicle:Vehicle,wheelType:integer	
SetVehicleWheelWidth	c	CFX	0x64C3F1C0	boolean	vehicle:Vehicle,width:number	
SetVehicleWheelXOffset	c	CFX	0xBD6357D		vehicle:Vehicle,wheelIndex:integer,offset:number	
SetVehicleWheelXrot	c	CFX	0xC6C2171F		vehicle:Vehicle,wheelIndex:integer,value:number	SetVehicleWheelYRotation
SetVehicleWheelYRotation	c	CFX	0xC6C2171F		vehicle:Vehicle,wheelIndex:integer,value:number	
SetVehicleWheelieState	c	CFX	0xEAB8DB65		vehicle:Vehicle,state:integer	
SetVehicleWheelsCanBreak	c	VEHICLE	0x29B18B4FD460CA8F		vehicle:Vehicle,enabled:boolean	
SetVehicleWheelsCanBreakOffWhenBlowUp	c	VEHICLE	0xA37B9A517B133349		vehicle:Vehicle,toggle:boolean	
SetVehicleWheelsDealDamage	c	VEHICLE	0x2970EAA18FD5E42F		vehicle:Vehicle,toggle:boolean	
SetVehicleWindowTint	c	VEHICLE	0x57C51E6BAD752696		vehicle:Vehicle,tint:integer	
SetVehicleXenonLightsColor	c	VEHICLE	0xE41033B25D003A07		vehicle:Vehicle,color:integer	
SetVehicleXenonLightsColour	c	VEHICLE	0xE41033B25D003A07		vehicle:Vehicle,color:integer	SetVehicleXenonLightsColor
SetVehicleXenonLightsCustomColor	c	CFX	0x1683E7F0		vehicle:Vehicle,red:integer,green:integer,blue:integer	
SetVehicleXmasSnowFactor	c	CFX	0x80CC4C9E		gripFactor:number	
SetVerticalFlightPhase	c	VEHICLE	0x9AA47FFF660CB932		vehicle:Vehicle,angle:number	SetVehicleFlightNozzlePositionImmediate
SetVisualSettingFloat	c	CFX	0xD1D31681		name:string,value:number	
SetWaitForCollisionsBeforeProbe	c	ENTITY	0xDC6F8601FAF2E893		entity:Entity,toggle:boolean	
SetWantedLevelDifficulty	c	PLAYER	0x9B0BB33B04405E7A		player:Player,difficulty:number	
SetWantedLevelHiddenEvasionTime	c	PLAYER	0x49B856B1360C47C7		player:Player,wantedLevel:integer,lossTime:integer	
SetWantedLevelMultiplier	c	PLAYER	0x020E5F00CDA207BA		multiplier:number	
SetWarningMessage	c	HUD	0x7B1776B3B53F8D74		entryLine1:string,instructionalKey:integer,entryLine2:string,p3:boolean,p4:integer,background:string,p6:string,showBg:boolean,errorCode:integer	
SetWarningMessageListRow	c	HUD	0x0C5A80A9E096D529	boolean	index:integer,name:string,cash:integer,rp:integer,lvl:integer,colour:integer	SetWarningMessageOptionItems
SetWarningMessageOptionItems	c	HUD	0x0C5A80A9E096D529	boolean	index:integer,name:string,cash:integer,rp:integer,lvl:integer,colour:integer	
SetWarningMessageWithAlert	c	HUD	0x15803FEC3B9A872B		labelTitle:string,labelMsg:string,p2:integer,p3:integer,labelMsg2:string,p5:boolean,p6:integer,p7:integer,p8:string,p9:string,background:boolean,errorCode:integer	
SetWarningMessageWithHeader	c	HUD	0xDC38CC1E35B6A5D7	integer	titleMsg:string,entryLine1:string,flags:integer,promptMsg:string,p4:boolean,p5:any,background:boolean,showBg:boolean	
SetWarningMessageWithHeaderAndSubstringFlags	c	HUD	0x701919482C74B5AB	integer,integer	entryHeader:string,entryLine1:string,instructionalKey:any,entryLine2:string,p4:boolean,p5:any,p6:any,p9:boolean	
SetWarningMessageWithHeaderExtended	c	HUD	0x38B55259C2E078ED		headerTextLabel:string,line1TextLabel:string,buttonsBitField:integer,buttonsBitFieldUpper:integer,line2TextLabel:string,addNumber:boolean,numberToAdd:integer,firstSubstring:string,secondSubstring:string,showBackground:boolean,errorCode:integer	
SetWarningMessageWithHeaderUnk	c	HUD	0x38B55259C2E078ED		headerTextLabel:string,line1TextLabel:string,buttonsBitField:integer,buttonsBitFieldUpper:integer,line2TextLabel:string,addNumber:boolean,numberToAdd:integer,firstSubstring:string,secondSubstring:string,showBackground:boolean,errorCode:integer	SetWarningMessageWithHeaderExtended
SetWarningMessage_2	c	HUD	0xDC38CC1E35B6A5D7	integer	titleMsg:string,entryLine1:string,flags:integer,promptMsg:string,p4:boolean,p5:any,background:boolean,showBg:boolean	SetWarningMessageWithHeader
SetWarningMessage_3	c	HUD	0x701919482C74B5AB	integer,integer	entryHeader:string,entryLine1:string,instructionalKey:any,entryLine2:string,p4:boolean,p5:any,p6:any,p9:boolean	SetWarningMessageWithHeaderAndSubstringFlags
SetWaterAreaClipRect	c	CFX	0x9FCD2EE6		minX:integer,minY:integer,maxX:integer,maxY:integer	
SetWaterQuadAlpha	c	CFX	0xF49797EB	boolean	waterQuad:integer,a0:integer,a1:integer,a2:integer,a3:integer	
SetWaterQuadBounds	c	CFX	0x80AD144C	boolean	waterQuad:integer,minX:integer,minY:integer,maxX:integer,maxY:integer	
SetWaterQuadHasLimitedDepth	c	CFX	0xD1FDCFC1	boolean	waterQuad:integer,hasLimitedDepth:boolean	
SetWaterQuadIsInvisible	c	CFX	0xA387D917	boolean	waterQuad:integer,isInvisible:boolean	
SetWaterQuadLevel	c	CFX	0x6292F7A8	boolean	waterQuad:integer,level:number	
SetWaterQuadNoStencil	c	CFX	0xC3FF42FF	boolean	waterQuad:integer,noStencil:boolean	
SetWaterQuadType	c	CFX	0x50131EB2	boolean	waterQuad:integer,type:integer	
SetWaveQuadAmplitude	c	CFX	0xE4174B7B	boolean	waveQuad:integer,amplitude:number	
SetWaveQuadBounds	c	CFX	0x1FCC1FAF	boolean	waveQuad:integer,minX:integer,minY:integer,maxX:integer,maxY:integer	
SetWaveQuadDirection	c	CFX	0xFC9341A3	boolean	waveQuad:integer,directionX:number,directionY:number	
SetWavesIntensity	c	WATER	0xB96B00E976BE977F		intensity:number	SetDeepOceanScaler
SetWaypointOff	c	HUD	0xA7E4E2D361C2627F			
SetWeaponAccuracySpread	c	CFX	0x598DD6AE		weaponHash:Hash,spread:number	
SetWeaponAnimationOverride	c	WEAPON	0x1055AC3A667F09D9		ped:Ped,animStyle:Hash	
SetWeaponDamageModifier	c	WEAPON	0x4757F00BC6323CFE		weaponHash:Hash,damageMultiplier:number	
SetWeaponDamageModifierThisFrame	c	WEAPON	0x4757F00BC6323CFE		weaponHash:Hash,damageMultiplier:number	SetWeaponDamageModifier
SetWeaponExplosionRadiusMultiplier	c	WEAPON	0x4AE5AC8B852D642C		weaponHash:Hash,multiplier:number	
SetWeaponObjectLiveryColor	c	WEAPON	0x5DA825A85D0EA6E6		weaponObject:Object,camoComponentHash:Hash,colorIndex:integer	
SetWeaponObjectTintIndex	c	WEAPON	0xF827589017D4E4A9		weapon:Object,tintIndex:integer	
SetWeaponRecoilShakeAmplitude	c	CFX	0x9864312F		weaponHash:Hash,amplitude:number	
SetWeaponSmokegrenadeAssigned	c	WEAPON	0x4B7620C47217126C	boolean	ped:Ped	IsFlashLightOn
SetWeaponsNoAimBlocking	c	CFX	0xDFD8F6DE		state:boolean	
SetWeaponsNoAutoreload	c	CFX	0x311150E5		state:boolean	
SetWeaponsNoAutoswap	c	CFX	0x2A7B50E		state:boolean	
SetWeatherCycleEntry	c	CFX	0xD264D4E1	boolean	index:integer,typeName:string,timeMult:integer	
SetWeatherOwnedByNetwork	c	CFX	0x2703D582		network:boolean	
SetWeatherTypeNow	c	MISC	0x29B487C359E19889		weatherType:string	
SetWeatherTypeNowPersist	c	MISC	0xED712CA327900C8A		weatherType:string	
SetWeatherTypeOverTime	c	MISC	0xFB5045B7C42B75BF		weatherType:string,time:number	SetWeatherTypeOvertimePersist
SetWeatherTypeOvertimePersist	c	MISC	0xFB5045B7C42B75BF		weatherType:string,time:number	
SetWeatherTypePersist	c	MISC	0x704983DF373B198F		weatherType:string	
SetWeatherTypeTransition	c	MISC	0x578C752848ECFA0C		weatherType1:Hash,weatherType2:Hash,percentWeather2:number	
SetWetClothPinRadiusScale	c	CFX	0xF1BD2CEF		scale:number	
SetWidescreenBorders	c	CAM	0xDCD4EA924F42D01A		p0:boolean,p1:integer	
SetWidescreenFormat	c	HUD	0xC3B07BA00A83B0F1		p0:any	
SetWind	c	MISC	0xAC3A74E8384A9919		speed:number	
SetWindDirection	c	MISC	0xEB0F4468467B4528		direction:number	
SetWindSpeed	c	MISC	0xEE09ECEDBABE47FC		speed:number	
SetZoneEnabled	c	ZONE	0xBA5ECEEA120E5611		zoneId:integer,toggle:boolean	
Set_2dLayer	c	GRAPHICS	0x61BB1D9B3A95D802		order:integer	SetScriptGfxDrawOrder
Settimera	c	SYSTEM	0xC1B1E9A034A63A62		value:integer	
Settimerb	c	SYSTEM	0x5AE11BC36633DE4E		value:integer	
SetupShopPedApparelQuery	c	FILES	0x50F457823CE6EB5F	integer	p0:integer,p1:integer,p2:integer,p3:integer	
SetupShopPedApparelQueryTu	c	FILES	0x9BDF59818B1E38C1	integer	character:integer,p1:integer,p2:integer,p3:boolean,p4:integer,componentId:integer	
SetupShopPedOutfitQuery	c	FILES	0xF3FBE2D50A6A8C28	integer	character:integer,p1:boolean	
ShakeCam	c	CAM	0x6A25241C340D3822		cam:Cam,shakeName:string,intensity:number	
ShakeCinematicCam	c	CAM	0xDCE214D9ED58F3CF		shakeName:string,intensity:number	
ShakeGameplayCam	c	CAM	0xFD55E49555E017CF		shakeName:string,intensity:number	
ShakeScriptGlobal	c	CAM	0xF4C8CF9E353AFECA		p0:string,p1:number	
ShapeTestResultEntity	c	SHAPETEST	0x2B3334BCA57CD799		entity:Entity	ReleaseScriptGuidFromEntity
ShiftLeft	c	SYSTEM	0xEDD95A39E5544DE8	integer	value:integer,bitShift:integer	
ShiftRight	c	SYSTEM	0x97EF1E5BCE9DC075	integer	value:integer,bitShift:integer	
ShootSingleBulletBetweenCoords	c	MISC	0x867654CBC7606F2C		x1:number,y1:number,z1:number,x2:number,y2:number,z2:number,damage:integer,pureAccuracy:boolean,weaponHash:Hash,ownerPed:Ped,isAudible:boolean,isInvisible:boolean,speed:number	
ShootSingleBulletBetweenCoordsIgnoreEntity	c	MISC	0xE3A7742E0B7A2F8B		x1:number,y1:number,z1:number,x2:number,y2:number,z2:number,damage:integer,p7:boolean,weaponHash:Hash,ownerPed:Ped,isAudible:boolean,isInvisible:boolean,speed:number,entity:Entity	
ShootSingleBulletBetweenCoordsIgnoreEntityNew	c	MISC	0xBFE5756E7407064A		x1:number,y1:number,z1:number,x2:number,y2:number,z2:number,damage:integer,p7:boolean,weaponHash:Hash,ownerPed:Ped,isAudible:boolean,isInvisible:boolean,speed:number,entity:Entity,p14:boolean,p15:boolean,p16:boolean,p17:boolean	
ShootSingleBulletBetweenCoordsPresetParams	c	MISC	0xE3A7742E0B7A2F8B		x1:number,y1:number,z1:number,x2:number,y2:number,z2:number,damage:integer,p7:boolean,weaponHash:Hash,ownerPed:Ped,isAudible:boolean,isInvisible:boolean,speed:number,entity:Entity	ShootSingleBulletBetweenCoordsIgnoreEntity
ShootSingleBulletBetweenCoordsWithExtraParams	c	MISC	0xBFE5756E7407064A		x1:number,y1:number,z1:number,x2:number,y2:number,z2:number,damage:integer,p7:boolean,weaponHash:Hash,ownerPed:Ped,isAudible:boolean,isInvisible:boolean,speed:number,entity:Entity,p14:boolean,p15:boolean,p16:boolean,p17:boolean	ShootSingleBulletBetweenCoordsIgnoreEntityNew
ShouldUseMetricMeasurements	c	MISC	0xD3D15555431AB793	boolean		
ShowContactInstructionalButton	c	HUD	0xC772A904CDE1186F		toggle:boolean	
ShowCrewIndicatorOnBlip	c	HUD	0xDCFB5D4DB8BF367E		blip:Blip,toggle:boolean	
ShowCursorThisFrame	c	HUD	0xAAE7CE1D63167423			SetMouseCursorThisFrame
ShowFriendIndicatorOnBlip	c	HUD	0x23C3EB807312F01A		blip:Blip,toggle:boolean	
ShowHasCompletedIndicatorOnBlip	c	HUD	0xCAC2031EBF79B1A8		blip:Blip,toggle:boolean	
ShowHeadingIndicatorOnBlip	c	HUD	0x5FBCA48327B914DF		blip:Blip,toggle:boolean	
ShowHeightOnBlip	c	HUD	0x75A16C3DA34F1245		blip:Blip,toggle:boolean	
ShowHudComponentThisFrame	c	HUD	0x0B4DF1FA60C0E664		id:integer	
ShowLoadingPrompt	c	HUD	0xBD12F8228410D9B4		busySpinnerType:integer	EndTextCommandBusyspinnerOn
ShowNumberOnBlip	c	HUD	0xA3C0B359DCB848B6		blip:Blip,number:integer	
ShowOutlineIndicatorOnBlip	c	HUD	0xB81656BC81FE24D1		blip:Blip,toggle:boolean	
ShowPedInPauseMenu	c	MISC	0x4EBB7E87AA0DBED4		toggle:boolean	SetPlayerIsInAnimalForm
ShowPurchaseInstructionalButton	c	HUD	0xF6865E26067B708C		toggle:boolean	
ShowScriptedHudComponentThisFrame	c	HUD	0x4F38DCA127DAAEA2		id:integer	
ShowSigninUi	c	HUD	0x60E892BA4F5BDCA4			
ShowSocialClubLegalScreen	c	HUD	0x805D7CBB36FD6C4C			OpenOnlinePoliciesMenu
ShowStartMissionInstructionalButton	c	HUD	0xF1A6C18B35BCADE6		p0:boolean	
ShowTickOnBlip	c	HUD	0x74513EA3E505181E		blip:Blip,toggle:boolean	
ShowWeaponWheel	c	HUD	0xEB354E5376BC81A7		show:boolean	HudForceWeaponWheel
ShutdownAndLaunchSinglePlayerGame	c	NETWORK	0x593850C16A36B692			
ShutdownAndLoadMostRecentSave	c	NETWORK	0x9ECA15ADFE141431	boolean		
ShutdownCreatorBudget	c	STREAMING	0xCCE26000E9A6FAD7			
ShutdownLoadingScreen	c	SCRIPT	0x078EBE9809CCD637			
ShutdownLoadingScreenNui	c	CFX	0xB9234AFB			
SimulatePlayerInputGait	c	PLAYER	0x477D5D63E63ECA5D		player:Player,amount:number,gaitType:integer,rotationSpeed:number,p4:boolean,p5:boolean	
Sin	c	SYSTEM	0x0BADBFA3B172435F	number	value:number	
SittingTv	c	GRAPHICS	0xE1E258829A885245	string	method_return:integer	GetScaleformMovieMethodReturnValueString
SkipRadioForward	c	AUDIO	0x6DDBBDD98E2E9C25			
SkipTimeInPlaybackRecordedVehicle	c	VEHICLE	0x9438F7AD68771A20		vehicle:Vehicle,time:number	
SkipToEndAndStopPlaybackRecordedVehicle	c	VEHICLE	0xAB8E2EDA0C0A5883		vehicle:Vehicle	
SkipToNextScriptedConversationLine	c	AUDIO	0x9663FE6B7A61EB00			
SlerpNearQuaternion	c	MISC	0xF2F6A2FA49278625	number,number,number,number	t:number,x:number,y:number,z:number,w:number,x1:number,y1:number,z1:number,w1:number	
SlideObject	c	OBJECT	0x2FDFF4107B8C1147	boolean	object:Object,toX:number,toY:number,toZ:number,speedX:number,speedY:number,speedZ:number,collision:boolean	
SmashVehicleWindow	c	VEHICLE	0x9E5B5E4D2CCD2259		vehicle:Vehicle,windowIndex:integer	
SoundVehicleHornThisFrame	c	AUDIO	0x9C11908013EA4715		vehicle:Vehicle	
SpawnpointsCancelSearch	c	PED	0xFEE4A5459472A9F8			
SpawnpointsGetNumSearchResults	c	PED	0xA635C11B8C44AFC2	integer		
SpawnpointsGetSearchResult	c	PED	0x280C7E3AC7F56E90	number,number,number	randomInt:integer	
SpawnpointsGetSearchResultFlags	c	PED	0xB782F8238512BAD5	integer	p0:any,p1?:integer	
SpawnpointsIsSearchActive	c	PED	0x3C67506996001F5E	boolean		
SpawnpointsIsSearchComplete	c	PED	0xA586FBEB32A53DBB	boolean		
SpawnpointsIsSearchFailed	c	PED	0xF445DE8DA80A1792	boolean		
SpawnpointsStartSearch	c	PED	0x2DF9038C90AD5264		p0:number,p1:number,p2:number,p3:number,p4:number,interiorFlags:integer,scale:number,duration:integer	
SpawnpointsStartSearchInAngledArea	c	PED	0xB2AFF10216DEFA2F		x:number,y:number,z:number,p3:number,p4:number,p5:number,p6:number,interiorFlags:integer,scale:number,duration:integer	
SpecialAbilityActivate	c	PLAYER	0x821FDC827D6F4090		player:any	
SpecialAbilityChargeAbsolute	c	PLAYER	0xB7B0870EB531D08D		player:Player,p1:integer,p2:boolean	
SpecialAbilityChargeContinuous	c	PLAYER	0xED481732DFF7E997		player:Player,p2:Ped	
SpecialAbilityChargeLarge	c	PLAYER	0xF733F45FA4497D93		player:Player,p1:boolean,p2:boolean	
SpecialAbilityChargeMedium	c	PLAYER	0xF113E3AA9BC54613		player:Player,p1:boolean,p2:boolean	
SpecialAbilityChargeNormalized	c	PLAYER	0xA0696A65F009EE18		player:Player,normalizedValue:number,p2:boolean	
SpecialAbilityChargeOnMissionFailed	c	PLAYER	0xC9A763D8FE87436A		player:Player	
SpecialAbilityChargeSmall	c	PLAYER	0x2E7B9B683481687D		player:Player,p1:boolean,p2:boolean	
SpecialAbilityDeactivate	c	PLAYER	0xD6A953C6D1492057		player:Player	
SpecialAbilityDeactivateFast	c	PLAYER	0x9CB5CE07A3968D5A		player:Player	
SpecialAbilityDeplete	c	PLAYER	0x17F7471EACA78290		p0:any	
SpecialAbilityDepleteMeter	c	PLAYER	0x1D506DBBBC51E64B		player:Player,p1:boolean	
SpecialAbilityFillMeter	c	PLAYER	0x3DACA8DDC6FD4980		player:Player,p1:boolean	
SpecialAbilityLock	c	PLAYER	0x6A09D0D590A47D13		playerModel:Hash	
SpecialAbilityReset	c	PLAYER	0x375F0E738F861A94		player:Player	
SpecialAbilityUnlock	c	PLAYER	0xF145F3BE2EFA9A3B		playerModel:Hash	
SpecialFrontendEqual	c	AUDIO	0x21442F412E8DE56B		x:number,y:number,z:number	PlayStreamFromPosition
SpecialFunctionDoNotUse	c	PED	0xF9ACF4A08098EA25		ped:Ped,noCollisionUntilClear:boolean	
Sqrt	c	SYSTEM	0x71D93B57D07F9804	number	value:number	
StabiliseEntityAttachedToHeli	c	VEHICLE	0x374706271354CB18		vehicle:Vehicle,entity:Entity,p2:number	
StartAlarm	c	AUDIO	0x0355EF116C4C97B2		alarmName:string,skipStartup:boolean	
StartAudioScene	c	AUDIO	0x013A80FC08F6E4F2	boolean	scene:string	
StartBenchmarkRecording	c	MISC	0x92790862E36C2ADA			
StartCutscene	c	CUTSCENE	0x186D5CB5E7B0FF7B		flags:integer	
StartCutsceneAtCoords	c	CUTSCENE	0x1C9ADDA3244A1FBF		x:number,y:number,z:number,flags:integer	
StartEntityFire	c	FIRE	0xF6A9D9708F6F23DF	FireId	entity:Entity	
StartExpensiveSynchronousShapeTestLosProbe	c	SHAPETEST	0x377906D8A31E5586	integer	x1:number,y1:number,z1:number,x2:number,y2:number,z2:number,flags:integer,entity:Entity,p8:integer	
StartFindExternalKvp	c	CFX	0x8F2EECC3	integer	resourceName:string,prefix:string	
StartFindKvp	b	CFX	0xDD379006	integer	prefix:string	
StartFiringAmnesty	c	PLAYER	0xBF9BD71691857E48		duration:integer	
StartGpsCustomRoute	c	HUD	0xDB34E8D56FC13B08		hudColor:integer,displayOnFoot:boolean,followPlayer:boolean	
StartGpsMultiRoute	c	HUD	0x3D3D15AF7BCAAF83		hudColor:integer,routeFromPlayer:boolean,displayOnFoot:boolean	
StartNetworkedParticleFxLoopedOnEntity	c	GRAPHICS	0x6F60E89A7B64EE1D	integer	effectName:string,entity:Entity,xOffset:number,yOffset:number,zOffset:number,xRot:number,yRot:number,zRot:number,scale:number,xAxis:boolean,yAxis:boolean,zAxis:boolean	
StartNetworkedParticleFxLoopedOnEntityBone	c	GRAPHICS	0xDDE23F30CC5A0F03	integer	effectName:string,entity:Entity,xOffset:number,yOffset:number,zOffset:number,xRot:number,yRot:number,zRot:number,boneIndex:integer,scale:number,xAxis:boolean,yAxis:boolean,zAxis:boolean	
StartNetworkedParticleFxNonLoopedAtCoord	c	GRAPHICS	0xF56B8137DF10135D	boolean	effectName:string,xPos:number,yPos:number,zPos:number,xRot:number,yRot:number,zRot:number,scale:number,xAxis:boolean,yAxis:boolean,zAxis:boolean	
StartNetworkedParticleFxNonLoopedOnEntity	c	GRAPHICS	0xC95EB1DB6E92113D	boolean	effectName:string,entity:Entity,offsetX:number,offsetY:number,offsetZ:number,rotX:number,rotY:number,rotZ:number,scale:number,axisX:boolean,axisY:boolean,axisZ:boolean	
StartNetworkedParticleFxNonLoopedOnEntityBone	c	GRAPHICS	0x02B1F2A72E0F5325	boolean	effectName:string,entity:Entity,offsetX:number,offsetY:number,offsetZ:number,rotX:number,rotY:number,rotZ:number,boneIndex:integer,scale:number,axisX:boolean,axisY:boolean,axisZ:boolean	
StartNetworkedParticleFxNonLoopedOnPedBone	c	GRAPHICS	0xA41B6A43642AC2CF	boolean	effectName:string,ped:Ped,offsetX:number,offsetY:number,offsetZ:number,rotX:number,rotY:number,rotZ:number,boneIndex:integer,scale:number,axisX:boolean,axisY:boolean,axisZ:boolean	
StartNewScript	c	SYSTEM	0xE81651AD79516E48	integer	scriptName:string,stackSize:integer	
StartNewScriptWithArgs	c	SYSTEM	0xB8BA7F44DF1575E1	integer,integer	scriptName:string,argCount:integer,stackSize:integer	
StartNewScriptWithNameHash	c	SYSTEM	0xEB1C67C3A5333A92	integer	scriptHash:Hash,stackSize:integer	
StartNewScriptWithNameHashAndArgs	c	SYSTEM	0xC4BB298BD441BE78	integer,integer	scriptHash:Hash,argCount:integer,stackSize:integer	
StartNewStreamedScript	c	SYSTEM	0xEB1C67C3A5333A92	integer	scriptHash:Hash,stackSize:integer	StartNewScriptWithNameHash
StartNewStreamedScriptWithArgs	c	SYSTEM	0xC4BB298BD441BE78	integer,integer	scriptHash:Hash,argCount:integer,stackSize:integer	StartNewScriptWithNameHashAndArgs
StartParticleFxLoopedAtCoord	c	GRAPHICS	0xE184F4F0DC5910E7	integer	effectName:string,x:number,y:number,z:number,xRot:number,yRot:number,zRot:number,scale:number,xAxis:boolean,yAxis:boolean,zAxis:boolean,p11:boolean	
StartParticleFxLoopedOnEntity	c	GRAPHICS	0x1AE42C1660FD6517	integer	effectName:string,entity:Entity,xOffset:number,yOffset:number,zOffset:number,xRot:number,yRot:number,zRot:number,scale:number,xAxis:boolean,yAxis:boolean,zAxis:boolean	
StartParticleFxLoopedOnEntityBone	c	GRAPHICS	0xC6EB449E33977F0B	integer	effectName:string,entity:Entity,xOffset:number,yOffset:number,zOffset:number,xRot:number,yRot:number,zRot:number,boneIndex:integer,scale:number,xAxis:boolean,yAxis:boolean,zAxis:boolean	
StartParticleFxLoopedOnEntityBone_2	c	GRAPHICS	0xDDE23F30CC5A0F03	integer	effectName:string,entity:Entity,xOffset:number,yOffset:number,zOffset:number,xRot:number,yRot:number,zRot:number,boneIndex:integer,scale:number,xAxis:boolean,yAxis:boolean,zAxis:boolean	StartNetworkedParticleFxLoopedOnEntityBone
StartParticleFxLoopedOnEntity_2	c	GRAPHICS	0x6F60E89A7B64EE1D	integer	effectName:string,entity:Entity,xOffset:number,yOffset:number,zOffset:number,xRot:number,yRot:number,zRot:number,scale:number,xAxis:boolean,yAxis:boolean,zAxis:boolean	StartNetworkedParticleFxLoopedOnEntity
StartParticleFxLoopedOnPedBone	c	GRAPHICS	0xF28DA9F38CD1787C	integer	effectName:string,ped:Ped,xOffset:number,yOffset:number,zOffset:number,xRot:number,yRot:number,zRot:number,boneIndex:integer,scale:number,xAxis:boolean,yAxis:boolean,zAxis:boolean	
StartParticleFxNonLoopedAtCoord	c	GRAPHICS	0x25129531F77B9ED3	integer	effectName:string,xPos:number,yPos:number,zPos:number,xRot:number,yRot:number,zRot:number,scale:number,xAxis:boolean,yAxis:boolean,zAxis:boolean	
StartParticleFxNonLoopedAtCoord_2	c	GRAPHICS	0xF56B8137DF10135D	boolean	effectName:string,xPos:number,yPos:number,zPos:number,xRot:number,yRot:number,zRot:number,scale:number,xAxis:boolean,yAxis:boolean,zAxis:boolean	StartNetworkedParticleFxNonLoopedAtCoord
StartParticleFxNonLoopedOnEntity	c	GRAPHICS	0x0D53A3B8DA0809D2	boolean	effectName:string,entity:Entity,offsetX:number,offsetY:number,offsetZ:number,rotX:number,rotY:number,rotZ:number,scale:number,axisX:boolean,axisY:boolean,axisZ:boolean	
StartParticleFxNonLoopedOnEntity_2	c	GRAPHICS	0xC95EB1DB6E92113D	boolean	effectName:string,entity:Entity,offsetX:number,offsetY:number,offsetZ:number,rotX:number,rotY:number,rotZ:number,scale:number,axisX:boolean,axisY:boolean,axisZ:boolean	StartNetworkedParticleFxNonLoopedOnEntity
StartParticleFxNonLoopedOnPedBone	c	GRAPHICS	0x0E7E72961BA18619	boolean	effectName:string,ped:Ped,offsetX:number,offsetY:number,offsetZ:number,rotX:number,rotY:number,rotZ:number,boneIndex:integer,scale:number,axisX:boolean,axisY:boolean,axisZ:boolean	
StartParticleFxNonLoopedOnPedBone_2	c	GRAPHICS	0xA41B6A43642AC2CF	boolean	effectName:string,ped:Ped,offsetX:number,offsetY:number,offsetZ:number,rotX:number,rotY:number,rotZ:number,boneIndex:integer,scale:number,axisX:boolean,axisY:boolean,axisZ:boolean	StartNetworkedParticleFxNonLoopedOnPedBone
StartPetrolTrailDecals	c	GRAPHICS	0x99AC7F0D8B9C893D		p0:number	
StartPlaybackRecordedVehicle	c	VEHICLE	0x3F878F92B3A7A071		vehicle:Vehicle,recording:integer,script:string,p3:boolean	
StartPlaybackRecordedVehicleUsingAi	c	VEHICLE	0x29DE5FA52D00428C		vehicle:Vehicle,recording:integer,script:string,speed:number,drivingStyle:integer	
StartPlaybackRecordedVehicleWithFlags	c	VEHICLE	0x7D80FD645D4DA346		vehicle:Vehicle,recording:integer,script:string,flags:integer,time:integer,drivingStyle:integer	
StartPlayerSwitch	c	STREAMING	0xFAA23F2CBA159D67		from:Ped,to:Ped,flags:integer,switchType:integer	
StartPlayerTeleport	c	PLAYER	0xAD15F075A4DA0FDE		player:Player,x:number,y:number,z:number,heading:number,teleportWithVehicle:boolean,findCollisionLand:boolean,p7:boolean	
StartPreloadedConversation	c	AUDIO	0x23641AFE870AF385			
StartRecording	c	RECORDING	0xC3AC2FFF9612AC81		mode:integer	
StartResource	s	CFX	0x29B440DC	boolean	resourceName:string	
StartRopeUnwindingFront	c	PHYSICS	0x538D1179EC1AA9A9		ropeId:integer	
StartRopeWinding	c	PHYSICS	0x1461C72C889E343E		ropeId:integer	
StartSaveArray	c	MISC	0x60FE567DF1B1AF9D	integer	size:integer,arrayName:string	StartSaveArrayWithSize
StartSaveArrayWithSize	c	MISC	0x60FE567DF1B1AF9D	integer	size:integer,arrayName:string	
StartSaveData	c	MISC	0xA9575F812C6A7997	integer	p1:any,p2:boolean	
StartSaveStruct	c	MISC	0xBF737600CDDBEADD	integer	size:integer,structName:string	StartSaveStructWithSize
StartSaveStructWithSize	c	MISC	0xBF737600CDDBEADD	integer	size:integer,structName:string	
StartScreenEffect	c	GRAPHICS	0x2206BF9A37B7F724		effectName:string,duration:integer,looped:boolean	AnimpostfxPlay
StartScriptConversation	c	AUDIO	0x6B17C62C9635D2DC		displaySubtitles:boolean,addToBriefScreen:boolean,cloneConversation:boolean,interruptible:boolean	
StartScriptFire	c	FIRE	0x6B83617E04503888	FireId	X:number,Y:number,Z:number,maxChildren:integer,isGasFire:boolean	
StartScriptPhoneConversation	c	AUDIO	0x252E5F915EABB675		displaySubtitles:boolean,addToBriefScreen:boolean	
StartShapeTestBound	c	SHAPETEST	0x37181417CE7C8900	integer	entity:Entity,flags1:integer,flags2:integer	
StartShapeTestBoundingBox	c	SHAPETEST	0x052837721A854EC7	integer	entity:Entity,flags1:integer,flags2:integer	
StartShapeTestBox	c	SHAPETEST	0xFE466162C4401D18	integer	x:number,y:number,z:number,x1:number,y1:number,z1:number,rotX:number,rotY:number,rotZ:number,p9:integer,flags:integer,entity:Entity,p12:integer	
StartShapeTestCapsule	c	SHAPETEST	0x28579D1B8F8AAC80	integer	x1:number,y1:number,z1:number,x2:number,y2:number,z2:number,radius:number,flags:integer,entity:Entity,p9:integer	
StartShapeTestCapsule_2	c	SHAPETEST	0xE6AC6C45FBE83004	integer	x1:number,y1:number,z1:number,x2:number,y2:number,z2:number,radius:number,flags:integer,entity:Entity,p9:integer	StartShapeTestSweptSphere
StartShapeTestLosProbe	c	SHAPETEST	0x7EE9F5D83DD4F90E	integer	x1:number,y1:number,z1:number,x2:number,y2:number,z2:number,traceFlags:integer,entity:Entity,optionFlags:integer	
StartShapeTestRay	c	SHAPETEST	0x377906D8A31E5586	integer	x1:number,y1:number,z1:number,x2:number,y2:number,z2:number,flags:integer,entity:Entity,p8:integer	StartExpensiveSynchronousShapeTestLosProbe
StartShapeTestSurroundingCoords	c	SHAPETEST	0xFF6BE494C7987F34	integer,vector3,vector3	flag:integer,entity:Entity,flag2:integer	
StartShapeTestSweptSphere	c	SHAPETEST	0xE6AC6C45FBE83004	integer	x1:number,y1:number,z1:number,x2:number,y2:number,z2:number,radius:number,flags:integer,entity:Entity,p9:integer	
StartVehicleAlarm	c	VEHICLE	0xB8FF7AB45305C345		vehicle:Vehicle	
StartVehicleHorn	c	VEHICLE	0x9C8C6504B5B63D2C		vehicle:Vehicle,duration:integer,mode:Hash,forever:boolean	
StatClearSlotForReload	c	STATS	0xEB0A72181D4AA4AD	any	statSlot:integer	
StatDeleteSlot	c	STATS	0x49A49BED12794D70	any	p0:any	
StatGetBool	c	STATS	0x11B5E6D2AE73F48E	boolean,boolean	statHash:Hash,p2:any	
StatGetBoolMasked	c	STATS	0x10FE3F1B79F9B071	boolean	statName:Hash,mask:integer,p2:integer	
StatGetCancelSaveMigrationStatus	c	STATS	0x567384DFA67029E6	integer		
StatGetDate	c	STATS	0x8B0FACEFC36C824B	boolean,integer	statHash:Hash,p2:any,p3:any	
StatGetFloat	c	STATS	0xD7AE6C9C9C6AC54C	boolean,number	statHash:Hash,p2:any	
StatGetInt	c	STATS	0x767FBC2AC802EF3D	boolean,integer	statHash:Hash,p2:integer	
StatGetLicensePlate	c	STATS	0x5473D4195058B2E4	string	statName:Hash	
StatGetMaskedInt	c	STATS	0x655185A06D9EEAAB	boolean,integer	p0:any,p2:any,p3:any,p4:any	
StatGetNumberOfDays	c	STATS	0xE0E854F5280FB769	integer	statName:Hash	
StatGetNumberOfHours	c	STATS	0xF2D4B2FE415AAFC3	integer	statName:Hash	
StatGetNumberOfMinutes	c	STATS	0x7583B4BE4C5A41B5	integer	statName:Hash	
StatGetNumberOfSeconds	c	STATS	0x2CE056FF3723F00B	integer	statName:Hash	
StatGetPackedBoolMask	c	STATS	0xF4D8E7AC2A27758C	integer	p0:integer	
StatGetPackedIntMask	c	STATS	0x94F12ABF9C79E339	integer	p0:integer	
StatGetPos	c	STATS	0x350F82CCB186AA1B	boolean,integer,integer,integer	p0:any,p4:any	
StatGetSaveMigrationConsumeContentUnlockStatus	c	STATS	0xCE5AA445ABA8DEE0	integer,integer	p0?:integer	
StatGetSaveMigrationStatus	c	STATS	0x886913BBEACA68C1	integer,integer	data?:integer	
StatGetString	c	STATS	0xE50384ACC2C3DB74	string	statHash:Hash,p1:integer	
StatGetUserId	c	STATS	0x2365C388E393BBE2	string	p0:any	
StatIncrement	c	STATS	0x9B5A68C6489E9909		statName:Hash,value:number	
StatLoad	c	STATS	0xA651443F437B1CE6	boolean	p0:integer	
StatLoadPending	c	STATS	0xA1750FFAFA181661	boolean	p0:any	
StatMigrateSave	c	STATS	0xA5C80D8E768A9E66	boolean	platformName:string	
StatSave	c	STATS	0xE07BCA305B82D2FD	boolean	p0:integer,p1:boolean,p2:integer	
StatSaveMigrationCancel	c	STATS	0x4FEF53183C3C6414	boolean		
StatSaveMigrationConsumeContentUnlock	c	STATS	0x3270F67EED31FBC1	boolean	contentId:Hash,srcPlatform:string,srcGamerHandle:string	
StatSaveMigrationStatusStart	c	STATS	0xC70DDCE56D0D3A99	boolean		
StatSavePending	c	STATS	0x7D3A583856F2C5AC	boolean		
StatSavePendingOrRequested	c	STATS	0xBBB6AD006F1BBEA3	boolean		
StatSetBlockSaves	c	STATS	0xF434A10BA01C37D0		toggle:boolean	
StatSetBool	c	STATS	0x4B33C4243DE0C432	boolean	statName:Hash,value:boolean,save:boolean	
StatSetBoolMasked	c	STATS	0x5BC62EC1937B9E5B	boolean	statName:Hash,value:boolean,mask:integer,save:boolean	
StatSetCheatIsActive	c	STATS	0x047CBED6F6F8B63C			
StatSetCurrentPosixTime	c	STATS	0xC2F84B7F9C4D0C61	boolean	statName:Hash,p1:boolean	
StatSetDate	c	STATS	0x2C29BFB64F4FCBE4	boolean,integer	statName:Hash,numFields:integer,save:boolean	
StatSetFloat	c	STATS	0x4851997F37FE9B3C	boolean	statName:Hash,value:number,save:boolean	
StatSetGxtLabel	c	STATS	0x17695002FD8B2AE0	boolean	statName:Hash,value:string,save:boolean	
StatSetInt	c	STATS	0xB3271D7AB655B441	boolean	statName:Hash,value:integer,save:boolean	
StatSetLicensePlate	c	STATS	0x69FF13266D7296DA	boolean	statName:Hash,str:string	
StatSetMaskedInt	c	STATS	0x7BBB1B54583ED410	boolean	statName:Hash,p1:any,p2:any,p3:integer,save:boolean	
StatSetPos	c	STATS	0xDB283FDE680FE72E	boolean	statName:Hash,x:number,y:number,z:number,save:boolean	
StatSetProfileSetting	c	STATS	0x68F01422BE1D838F		profileSetting:integer,value:integer	StatSetProfileSettingValue
StatSetProfileSettingValue	c	STATS	0x68F01422BE1D838F		profileSetting:integer,value:integer	
StatSetString	c	STATS	0xA87B2335D12531D7	boolean	statName:Hash,value:string,save:boolean	
StatSetUserId	c	STATS	0x8CDDF1E452BABE11	boolean	statName:Hash,value:string,save:boolean	
StatSlotIsLoaded	c	STATS	0x0D0A9F0E7BD91E3C	boolean	p0:any	
StateBagHasKey	b	CFX	0x12A330	boolean	bagName:string,key:string	
SteerUnlockBias	c	VEHICLE	0x07116E24E9D1929D		vehicle:Vehicle,toggle:boolean	SetVehicleIsRacing
StopAlarm	c	AUDIO	0xA1CADDCD98415A41		alarmName:string,instantStop:boolean	
StopAllAlarms	c	AUDIO	0x2F794A877ADD4C92		instantStop:boolean	
StopAllGarageActivity	c	VEHICLE	0x0F87E938BDF29D66			
StopAllScreenEffects	c	GRAPHICS	0xB4EDDC19532BFB85			AnimpostfxStopAll
StopAnimPlayback	c	TASK	0xEE08C992D238C5D1		ped:Ped,p1:integer,p2:boolean	
StopAnimTask	c	TASK	0x97FF36A1D40EA00A		ped:Ped,animDictionary:string,animationName:string,animExitSpeed:number	
StopAnyPedModelBeingSuppressed	c	PED	0xB47BD05FA66B40CF			
StopAudioScene	c	AUDIO	0xDFE8422B3B94E688		sceneName:string	
StopAudioScenes	c	AUDIO	0xBAC7FC81A75EC1A1			
StopBenchmarkRecording	c	MISC	0xC7DB36C24634F52B			
StopBinkMovie	c	GRAPHICS	0x63606A61DE68898A		binkMovie:integer	
StopBringVehicleToHalt	c	VEHICLE	0x7C06330BFDDA182E		vehicle:Vehicle	
StopCamPointing	c	CAM	0xF33AB75780BA57DE		cam:Cam	
StopCamShaking	c	CAM	0xBDECF64367884AC3		cam:Cam,p1:boolean	
StopCinematicCamShaking	c	CAM	0x2238E588E588A6D7		p0:boolean	
StopCinematicShot	c	CAM	0x7660C6E75D3A078E		p0:Hash	
StopCurrentPlayingAmbientSpeech	c	AUDIO	0xB8BEC0CA6F0EDB0F		ped:Ped	
StopCurrentPlayingSpeech	c	AUDIO	0x7A73D05A607734C7		ped:Ped	
StopCutscene	c	CUTSCENE	0xC7272775B4DC786E		p0:boolean	
StopCutsceneAudio	c	AUDIO	0x806058BBDC136E06			
StopCutsceneCamShaking	c	CAM	0xDB629FFD9285FA06			
StopCutsceneImmediately	c	CUTSCENE	0xD220BDD222AC4A1E			
StopEntityAnim	c	ENTITY	0x28004F88151E03E0	any	entity:Entity,animation:string,animGroup:string,p3:number	
StopEntityFire	c	FIRE	0x7F0DD2EBBB651AFF		entity:Entity	
StopFireInRange	c	FIRE	0x056A8A219B8E829F		x:number,y:number,z:number,radius:number	
StopGameplayCamShaking	c	CAM	0x0EF93E9F3D08C178		bStopImmediately:boolean	
StopGameplayHint	c	CAM	0xF46C581C61718916		bStopImmediately:boolean	
StopPadShake	c	PAD	0x38C16A305E8CDC8D		padIndex:integer	
StopParticleFxLooped	c	GRAPHICS	0x8F75998877616996		ptfxHandle:integer,p1:boolean	
StopPedRingtone	c	AUDIO	0x6C5AE23EFA885092		ped:Ped	
StopPedSpeaking	c	AUDIO	0x9D64D7405520E3D3		ped:Ped,shouldDisable:boolean	
StopPedSpeakingSynced	c	AUDIO	0xAB6781A5F3101470		ped:Ped,shouldDisable:boolean	
StopPedWeaponFiringWhenDropped	c	PED	0xC158D28142A34608		ped:Ped	
StopPlaybackRecordedVehicle	c	VEHICLE	0x54833611C17ABDEA		vehicle:Vehicle	
StopPlayerSwitch	c	STREAMING	0x95C0A5BBDC189AA1			
StopPlayerTeleport	c	PLAYER	0xC449EDED9D73009C			
StopRecording	c	RECORDING	0x071A5197D6AFC8B3			StopRecordingAndSaveClip
StopRecordingAndDiscardClip	c	RECORDING	0x88BB3507ED41A240			
StopRecordingAndSaveClip	c	RECORDING	0x071A5197D6AFC8B3			
StopRecordingThisFrame	c	RECORDING	0xEB2D525B57F42B40			
StopRenderingScriptCamsUsingCatchUp	c	CAM	0xC819F3CBB62BF692		bShouldApplyAcrossAllThreads:boolean,distanceToBlend:number,blendType:integer	
StopResource	s	CFX	0x21783161	boolean	resourceName:string	
StopRopeUnwindingFront	c	PHYSICS	0xFFF3A50779EFBBB3		ropeId:integer	
StopRopeWinding	c	PHYSICS	0xCB2D4AB84A19AA7C		ropeId:integer	
StopSaveArray	c	MISC	0x04456F95153C6BE4			
StopSaveData	c	MISC	0x74E20C9145FB66FD			
StopSaveStruct	c	MISC	0xEB1774DF12BB9F12			
StopScreenEffect	c	GRAPHICS	0x068E835A1D0DC0E3		effectName:string	AnimpostfxStop
StopScriptGlobalShaking	c	CAM	0x1C9D7949FA533490		bStopImmediately:boolean	
StopScriptedConversation	c	AUDIO	0xD79DEEFB53455EBA	integer	finishCurrentLine:boolean	
StopSmokeGrenadeExplosionSounds	c	AUDIO	0xE4E6DD5566D28C82			
StopSound	c	AUDIO	0xA3B0C41BA5CC0BB5		soundId:integer	
StopStream	c	AUDIO	0xA4718A1419D18151			
StopSynchronizedAudioEvent	c	AUDIO	0x92D6A88E64A94430	boolean	p0:any	
StopSynchronizedEntityAnim	c	ENTITY	0x43D3807C077261E3	boolean	entity:Entity,p1:number,p2:boolean	
StopSynchronizedMapEntityAnim	c	ENTITY	0x11E79CAB7183B6F5	boolean	p0:number,p1:number,p2:number,p3:number,p4:any,p5:number	
StreamvolCreateFrustum	c	STREAMING	0x1F3F018BC3AFA77C	any	p0:number,p1:number,p2:number,p3:number,p4:number,p5:number,p6:number,p7:any,p8:any	
StreamvolCreateLine	c	STREAMING	0x0AD9710CEE2F590F	any	p0:number,p1:number,p2:number,p3:number,p4:number,p5:number,p6:any	
StreamvolCreateSphere	c	STREAMING	0x219C7B8D53E429FD	any	x:number,y:number,z:number,rad:number,p4:any,p5:any	
StreamvolDelete	c	STREAMING	0x1EE7D8DF4425F053		unused:any	
StreamvolHasLoaded	c	STREAMING	0x7D41E9D2D17C5B2D	boolean	unused:any	
StreamvolIsValid	c	STREAMING	0x07C313F94746702C	boolean	unused:any	
StringToInt	c	MISC	0x5A5F40FE637EB584	boolean,integer	string:string,outInteger?:integer	
SubtractAFromBAndCheckIfNegative	c	NETWORK	0xDE350F8651E4346C	boolean	timeA:integer,timeB:integer	IsTimeMoreThan
SubtractBFromAAndCheckIfNegative	c	NETWORK	0xCB2CF5148012C8D0	boolean	timeA:integer,timeB:integer	IsTimeLessThan
SuppressAgitationEventsNextFrame	c	EVENT	0x5F3B7749C112D552			
SuppressCrimeThisFrame	c	PLAYER	0x9A987297ED8BD838		player:Player,crimeType:integer	
SuppressFrontendRenderingThisFrame	c	HUD	0xBA751764F0821256			
SuppressShockingEventTypeNextFrame	c	EVENT	0x3FD2EC8BF1F1CF30		eventType:integer	
SuppressShockingEventsNextFrame	c	EVENT	0x2F9A292AD0A3BD89			
SupressRandomEventThisFrame	c	MISC	0x1EAE0A6E978894A2		eventType:integer,enable:boolean	
SwitchCrimeType	c	PLAYER	0x9A987297ED8BD838		player:Player,crimeType:integer	SuppressCrimeThisFrame
SwitchInPlayer	c	STREAMING	0xD8295AF639FD9CB8		ped:Ped	SwitchToMultiSecondpart
SwitchOutPlayer	c	STREAMING	0xAAB3200ED59016BC		ped:Ped,flags:integer,switchType:integer	SwitchToMultiFirstpart
SwitchToInputMappingScheme	c	PAD	0x3D42B92563939375	boolean	name:string	
SwitchToInputMappingScheme_2	c	PAD	0x4683149ED1DDE7A1	boolean	name:string	
SwitchToMultiFirstpart	c	STREAMING	0xAAB3200ED59016BC		ped:Ped,flags:integer,switchType:integer	
SwitchToMultiSecondpart	c	STREAMING	0xD8295AF639FD9CB8		ped:Ped	
SwitchTrainTrack	c	VEHICLE	0xFD813BB7DB977F20		trackId:integer,state:boolean	
TakeControlOfFrontend	c	HUD	0xEC9264727EEC0F28			
TakeOwnershipOfSynchronizedScene	c	PED	0xCD9CC7E200A52A6F		scene:integer	
Tan	c	MISC	0x632106CC96E82E91	number	p0:number	
TaskAchieveHeading	c	TASK	0x93B93A37987F1F3D		ped:Ped,heading:number,timeout:integer	
TaskAgitatedAction	c	TASK	0x19D1B791CB3670FE		ped:Ped,ped2:Ped	
TaskAimGunAtCoord	c	TASK	0x6671F3EEC681BDA1		ped:Ped,x:number,y:number,z:number,time:integer,bInstantBlendToAim:boolean,bPlayAimIntro:boolean	
TaskAimGunAtEntity	c	TASK	0x9B53BB6E8943AF53		ped:Ped,entity:Entity,duration:integer,bInstantBlendToAim:boolean	
TaskAimGunScripted	c	TASK	0x7A192BE16D373D00		ped:Ped,scriptTask:Hash,bDisableBlockingClip:boolean,bInstantBlendToAim:boolean	
TaskAimGunScriptedWithTarget	c	TASK	0x8605AF0DE8B3A5AC		ped:Ped,targetPed:Ped,x:number,y:number,z:number,iGunTaskType:Hash,bDisableBlockingClip:boolean,bForceAim:boolean	
TaskArrestPed	c	TASK	0xF3B9A78A178572B1		ped:Ped,target:Ped	
TaskBoatMission	c	TASK	0x15C86013127CE63F		ped:Ped,boat:Vehicle,vehicleTarget:Vehicle,pedTarget:Ped,x:number,y:number,z:number,missionType:integer,speed:number,drivingStyle:integer,radius:number,missionFlags:integer	
TaskChatToPed	c	TASK	0x8C338E0263E4FD19		ped:Ped,target:Ped,p2:any,p3:number,p4:number,p5:number,p6:number,p7:number	
TaskClearDefensiveArea	c	TASK	0x95A6C46A31D1917D		p0:any	
TaskClearLookAt	c	TASK	0x0F804F1DB19B9689		ped:Ped	
TaskClimb	c	TASK	0x89D9FCC2435112F1		ped:Ped,unused:boolean	
TaskClimbLadder	c	TASK	0xB6C987F9285A3814		ped:Ped,p1:integer	
TaskCombatHatedTargetsAroundPed	c	TASK	0x7BF835BB9E2698C8		ped:Ped,radius:number,p2:integer	
TaskCombatHatedTargetsAroundPedTimed	c	TASK	0x2BBA30B854534A0C		p0:any,p1:number,p2:any,p3:any	
TaskCombatHatedTargetsInArea	c	TASK	0x4CF5F55DAC3280A0		ped:Ped,x:number,y:number,z:number,radius:number,p5:any	
TaskCombatPed	b	TASK	0xF166E48407BAC484		ped:Ped,targetPed:Ped,p2:integer,p3:integer	
TaskCombatPedTimed	c	TASK	0x944F30DCB7096BDE		p0:any,ped:Ped,p2:integer,p3:any	
TaskCower	c	TASK	0x3EB1FE9E8E908E15		ped:Ped,duration:integer	
TaskDriveBy	b	TASK	0x2F8AF0E82773A171		driverPed:Ped,targetPed:Ped,targetVehicle:Vehicle,targetX:number,targetY:number,targetZ:number,distanceToShoot:number,pedAccuracy:integer,p8:boolean,firingPattern:Hash	
TaskEnterVehicle	b	TASK	0xC20E50AA46D09CA8		ped:Ped,vehicle:Vehicle,timeout:integer,seatIndex:integer,speed:number,flag:integer,p6:any	
TaskEveryoneLeaveVehicle	b	TASK	0x7F93691AB4B92272		vehicle:Vehicle	
TaskExitCover	c	TASK	0x79B258E397854D29		p0:any,p1:any,p2:number,p3:number,p4:number	
TaskExtendRoute	c	TASK	0x1E7889778264843A		x:number,y:number,z:number	
TaskFlushRoute	c	TASK	0x841142A1376E9006			
TaskFollowNavMeshToCoord	c	TASK	0x15D3A79D4E44B913		ped:Ped,x:number,y:number,z:number,moveBlendRatio:number,time:integer,radius:number,flags:integer,finalHeading:number	
TaskFollowNavMeshToCoordAdvanced	c	TASK	0x17F58B88D085DBAC		ped:Ped,x:number,y:number,z:number,speed:number,timeout:integer,unkFloat:number,unkInt:integer,unkX:number,unkY:number,unkZ:number,unk_40000f:number	
TaskFollowPointRoute	c	TASK	0x595583281858626E		ped:Ped,speed:number,routeMode:integer	
TaskFollowToOffsetOfEntity	c	TASK	0x304AE42E357B8C7E		ped:Ped,entity:Entity,offsetX:number,offsetY:number,offsetZ:number,movementSpeed:number,timeout:integer,stoppingRange:number,persistFollowing:boolean	
TaskFollowWaypointRecording	c	TASK	0x0759591819534F7B		p0:any,p1:any,p2:any,p3:any,p4:any	
TaskForceMotionState	c	TASK	0x4F056E1AFFEF17AB		ped:Ped,state:Hash,p2:boolean	
TaskGetOffBoat	c	TASK	0x9C00E77AF14B2DFF		ped:Ped,boat:Vehicle	
TaskGoStraightToCoord	b	TASK	0xD76B57B44F1E6F8B		ped:Ped,x:number,y:number,z:number,speed:number,timeout:integer,targetHeading:number,distanceToSlide:number	
TaskGoStraightToCoordRelativeToEntity	c	TASK	0x61E360B7E040D12E		entity1:Entity,entity2:Entity,p2:number,p3:number,p4:number,p5:number,p6:any	
TaskGoToCoordAndAimAtHatedEntitiesNearCoord	c	TASK	0xA55547801EB331FC		pedHandle:Ped,goToLocationX:number,goToLocationY:number,goToLocationZ:number,focusLocationX:number,focusLocationY:number,focusLocationZ:number,speed:number,shootAtEnemies:boolean,distanceToStopAt:number,noRoadsDistance:number,unkTrue:boolean,unkFlag:integer,aimingFlag:integer,firingPattern:Hash	
TaskGoToCoordAnyMeans	b	TASK	0x5BC448CB78FA3E88		ped:Ped,x:number,y:number,z:number,fMoveBlendRatio:number,vehicle:Vehicle,bUseLongRangeVehiclePathing:boolean,drivingFlags:integer,fMaxRangeToShootTargets:number	
TaskGoToCoordAnyMeansExtraParams	c	TASK	0x1DD45F9ECFDB1BC9		ped:Ped,x:number,y:number,z:number,speed:number,p5:any,p6:boolean,walkingStyle:integer,p8:number,p9:any,p10:any,p11:any	
TaskGoToCoordAnyMeansExtraParamsWithCruiseSpeed	c	TASK	0xB8ECD61F531A7B02		ped:Ped,x:number,y:number,z:number,speed:number,p5:any,p6:boolean,walkingStyle:integer,p8:number,p9:any,p10:any,p11:any,p12:any	
TaskGoToCoordWhileAimingAtCoord	c	TASK	0x11315AB3385B8AC0		ped:Ped,x:number,y:number,z:number,aimAtX:number,aimAtY:number,aimAtZ:number,moveSpeed:number,shoot:boolean,p9:number,p10:number,p11:boolean,flags:any,p13:boolean,firingPattern:Hash	
TaskGoToCoordWhileAimingAtEntity	c	TASK	0xB2A16444EAD9AE47		ped:Ped,x:number,y:number,z:number,entityToAimAt:Entity,moveSpeed:number,shoot:boolean,targetRadius:number,slowDistance:number,useNavMesh:boolean,navFlags:integer,instantBlendAtAim:boolean,firingPattern:Hash,time:integer	
TaskGoToEntity	b	TASK	0x6A071245EB0D1882		entity:Entity,target:Entity,duration:integer,distance:number,speed:number,p5:number,p6:integer	
TaskGoToEntityWhileAimingAtCoord	c	TASK	0x04701832B739DCE5		p0:any,p1:any,p2:number,p3:number,p4:number,p5:number,p6:boolean,p7:number,p8:number,p9:boolean,p10:boolean,p11:any	
TaskGoToEntityWhileAimingAtEntity	c	TASK	0x97465886D35210E9		ped:Ped,entityToWalkTo:Entity,entityToAimAt:Entity,speed:number,shootatEntity:boolean,p5:number,p6:number,p7:boolean,p8:boolean,firingPattern:Hash	
TaskGotoEntityAiming	c	TASK	0xA9DA48FAB8A76C12		ped:Ped,target:Entity,distanceToStopAt:number,StartAimingDist:number	
TaskGotoEntityOffset	c	TASK	0xE39B4FF4FDEBDE27		ped:Ped,entity:Entity,duration:integer,seekRadius:number,seekAngleDeg:number,moveBlendRatio:number,gotoEntityOffsetFlags:integer	
TaskGotoEntityOffsetXy	c	TASK	0x338E7EF52B6095A9		ped:Ped,entity:Entity,duration:integer,targetRadius:number,offsetX:number,offsetY:number,moveBlendRatio:number,gotoEntityOffsetFlags:integer	
TaskGuardAssignedDefensiveArea	c	TASK	0xD2A207EEBDF9889B		p0:any,p1:number,p2:number,p3:number,p4:number,p5:number,p6:any	
TaskGuardCurrentPosition	c	TASK	0x4A58A47A72E3FCB4		p0:Ped,p1:number,p2:number,p3:boolean	
TaskGuardSphereDefensiveArea	c	TASK	0xC946FE14BE0EB5E2		p0:Ped,p1:number,p2:number,p3:number,p4:number,p5:number,p6:any,p7:number,p8:number,p9:number,p10:number	
TaskHandsUp	b	TASK	0xF2EAB31979A7F910		ped:Ped,duration:integer,facingPed:Ped,p3:integer,p4:boolean	
TaskHeliChase	c	TASK	0xAC83B1DB38D0ADA0		pilot:Ped,entityToFollow:Entity,x:number,y:number,z:number	
TaskHeliEscortHeli	c	TASK	0xB385523325077210		pilot:Ped,heli1:Vehicle,heli2:Vehicle,p3:number,p4:number,p5:number	
TaskHeliMission	c	TASK	0xDAD029E187A2BEB4		ped:Ped,heli:Vehicle,vehicleTarget:Vehicle,pedTarget:Ped,x:number,y:number,z:number,missionType:integer,speed:number,radius:number,heading:number,height:number,minHeight:number,slowDist:number,missionFlags:integer	
TaskJump	c	TASK	0x0AE4086104E067B1		ped:Ped,unused:boolean	
TaskLeaveAnyVehicle	b	TASK	0x504D54DF3F6F2247		ped:Ped,p1:integer,flags:integer	
TaskLeaveVehicle	b	TASK	0xD3DBCE61A490BE02		ped:Ped,vehicle:Vehicle,flags:integer	
TaskLookAtCoord	c	TASK	0x6FA46612594F7973		entity:Entity,x:number,y:number,z:number,duration:integer,p5:any,p6:any	
TaskLookAtEntity	c	TASK	0x69F4BE8C8CC4796C		ped:Ped,lookAt:Entity,duration:integer,unknown1:integer,unknown2:integer	
TaskMoveNetwork	c	TASK	0x2D537BA194896636		ped:Ped,task:string,multiplier:number,p3:boolean,animDict:string,flags:integer	TaskMoveNetworkByName
TaskMoveNetworkAdvanced	c	TASK	0xD5B35BEA41919ACB		ped:Ped,p1:string,p2:number,p3:number,p4:number,p5:number,p6:number,p7:number,p8:any,p9:number,p10:boolean,animDict:string,flags:integer	TaskMoveNetworkAdvancedByName
TaskMoveNetworkAdvancedByName	c	TASK	0xD5B35BEA41919ACB		ped:Ped,p1:string,p2:number,p3:number,p4:number,p5:number,p6:number,p7:number,p8:any,p9:number,p10:boolean,animDict:string,flags:integer	
TaskMoveNetworkByName	c	TASK	0x2D537BA194896636		ped:Ped,task:string,multiplier:number,p3:boolean,animDict:string,flags:integer	
TaskMoveNetworkByNameWithInitParams	c	TASK	0x3D45B0B355C5E0C9	integer	ped:Ped,p1:string,p3:number,p4:boolean,animDict:string,flags:integer	
TaskMoveNetworkScripted	c	TASK	0x3D45B0B355C5E0C9	integer	ped:Ped,p1:string,p3:number,p4:boolean,animDict:string,flags:integer	TaskMoveNetworkByNameWithInitParams
TaskOpenVehicleDoor	c	TASK	0x965791A9A488A062		ped:Ped,vehicle:Vehicle,timeOut:integer,seat:integer,speed:number	
TaskParachute	c	TASK	0xD2F1C53C97EE81AB		ped:Ped,p1:boolean	
TaskParachuteToTarget	c	TASK	0xB33E291AFA6BD03A		ped:Ped,x:number,y:number,z:number	
TaskPatrol	c	TASK	0xBDA5DF49D080FE4E		ped:Ped,p1:string,p2:any,p3:boolean,p4:boolean	
TaskPause	c	TASK	0xE73A266DB0CA9042		ped:Ped,ms:integer	
TaskPedSlideToCoord	c	TASK	0xD04FE6765D990A06		ped:Ped,x:number,y:number,z:number,heading:number,duration:number	
TaskPedSlideToCoordHdgRate	c	TASK	0x5A4A6A6D3DC64F52		ped:Ped,x:number,y:number,z:number,heading:number,p5:number,p6:number	
TaskPerformSequence	c	TASK	0x5ABA3986D90D8A3B		ped:Ped,taskSequenceId:integer	
TaskPerformSequenceFromProgress	c	TASK	0x89221B16730234F0		ped:Ped,taskIndex:integer,progress1:integer,progress2:integer	
TaskPerformSequenceLocally	c	TASK	0x8C33220C8D78CA0D		ped:Ped,taskSequenceId:integer	
TaskPlaneChase	c	TASK	0x2D2386F273FF7A25		pilot:Ped,entityToFollow:Entity,x:number,y:number,z:number	
TaskPlaneGotoPreciseVtol	c	TASK	0xF7F9DCCA89E7505B		ped:Ped,vehicle:Vehicle,p2:any,p3:any,p4:any,p5:any,p6:any,p7:any,p8:any,p9:any	
TaskPlaneLand	c	TASK	0xBF19721FA34D32C0		pilot:Ped,plane:Vehicle,runwayStartX:number,runwayStartY:number,runwayStartZ:number,runwayEndX:number,runwayEndY:number,runwayEndZ:number	
TaskPlaneMission	c	TASK	0x23703CD154E83B88		ped:Ped,vehicle:Vehicle,targetVehicle:Vehicle,targetPed:Ped,fTargetCoordX:number,fTargetCoordY:number,fTargetCoordZ:number,iMissionIndex:integer,fCruiseSpeed:number,fTargetReachedDist:number,fOrientation:number,iFlightHeight:integer,iMinHeightAboveTerrain:integer,bPrecise:boolean	
TaskPlaneTaxi	c	TASK	0x92C360B5F15D2302		pilot:Ped,aircraft:Vehicle,xPos:number,yPos:number,zPos:number,fCruiseSpeed:number,fTargetReachedDist:number	
TaskPlantBomb	c	TASK	0x965FEC691D55E9BF		ped:Ped,x:number,y:number,z:number,heading:number	
TaskPlayAnim	b	TASK	0xEA47FE3719165B94		ped:Ped,animDictionary:string,animationName:string,blendInSpeed:number,blendOutSpeed:number,duration:integer,flag:integer,playbackRate:number,lockX:boolean,lockY:boolean,lockZ:boolean	
TaskPlayAnimAdvanced	b	TASK	0x83CDB10EA29B370B		ped:Ped,animDictionary:string,animationName:string,posX:number,posY:number,posZ:number,rotX:number,rotY:number,rotZ:number,blendInSpeed:number,blendOutSpeed:number,duration:integer,flag:any,animTime:number,p14:any,p15:any	
TaskPlayPhoneGestureAnimation	c	TASK	0x8FBB6758B3B3E9EC		ped:Ped,animDict:string,animation:string,boneMaskType:string,p4:number,p5:number,p6:boolean,p7:boolean	
TaskPutPedDirectlyIntoCover	c	TASK	0x4172393E6BE1FECE		ped:Ped,x:number,y:number,z:number,timeout:any,p5:boolean,p6:number,p7:boolean,p8:boolean,p9:any,p10:boolean	
TaskPutPedDirectlyIntoMelee	c	TASK	0x1C6CD14A876FFE39		ped:Ped,meleeTarget:Ped,p2:number,p3:number,p4:number,p5:boolean	
TaskRappelDownWall	c	TASK	0xEAF66ACDDC794793		ped:Ped,x1:number,y1:number,z1:number,x2:number,y2:number,z2:number,minZ:number,ropeId:integer,clipset:string,p10:any	
TaskRappelFromHeli	c	TASK	0x09693B0312F91649		ped:Ped,unused:number	
TaskReactAndFleePed	b	TASK	0x72C896464915D1B1		ped:Ped,fleeTarget:Ped	
TaskReloadWeapon	c	TASK	0x62D2916F56B9CD2D		ped:Ped,unused:boolean	
TaskScriptedAnimation	c	TASK	0x126EF75F1E17ABE5	integer,integer,integer	ped:Ped,p4:number,p5:number	
TaskSeekCoverFromPed	c	TASK	0x84D32B3BEC531324		ped:Ped,target:Ped,duration:integer,p3:boolean	
TaskSeekCoverFromPos	c	TASK	0x75AC2B60386D89F2		ped:Ped,x:number,y:number,z:number,duration:integer,p5:boolean	
TaskSeekCoverToCoords	c	TASK	0x39246A6958EF072C		ped:Ped,x1:number,y1:number,z1:number,x2:number,y2:number,z2:number,p7:any,p8:boolean	
TaskSeekCoverToCoverPoint	c	TASK	0xD43D95C7A869447F		p0:any,p1:any,p2:number,p3:number,p4:number,p5:any,p6:boolean	
TaskSetBlockingOfNonTemporaryEvents	c	TASK	0x90D2156198831D69		ped:Ped,toggle:boolean	
TaskSetDecisionMaker	c	TASK	0xEB8517DDA73720DA		ped:Ped,p1:Hash	
TaskSetSphereDefensiveArea	c	TASK	0x933C06518B52A9A4		p0:any,p1:number,p2:number,p3:number,p4:number	
TaskSharkCircleCoord	c	TASK	0x60A19CF85FF4CEFA		ped:Ped,x:number,y:number,z:number,moveBlendRatio:number,radius:number	
TaskShockingEventReact	c	TASK	0x452419CBD838065B		ped:Ped,eventHandle:integer	
TaskShootAtCoord	b	TASK	0x46A6CC01E0826106		ped:Ped,x:number,y:number,z:number,duration:integer,firingPattern:Hash	
TaskShootAtEntity	b	TASK	0x08DA95E8298AE772		entity:Entity,target:Entity,duration:integer,firingPattern:Hash	
TaskShuffleToNextVehicleSeat	c	TASK	0x7AA80209BDA643EB		ped:Ped,vehicle:Vehicle	
TaskSkyDive	c	TASK	0x601736CFE536B0A0		ped:Ped	
TaskSmartFleeCoord	c	TASK	0x94587F17E9C365D5		ped:Ped,x:number,y:number,z:number,distance:number,time:integer,p6:boolean,p7:boolean	
TaskSmartFleePed	c	TASK	0x22B0D0E37CCB840D		ped:Ped,fleeTarget:Ped,distance:number,fleeTime:any,p4:boolean,p5:boolean	
TaskStandGuard	c	TASK	0xAE032F8BBA959E90		ped:Ped,x:number,y:number,z:number,heading:number,scenarioName:string	
TaskStandStill	c	TASK	0x919BE13EED931959		ped:Ped,time:integer	
TaskStartScenarioAtPosition	c	TASK	0xFA4EFC79F69D4F07		ped:Ped,scenarioName:string,x:number,y:number,z:number,heading:number,timeToLeave:integer,playIntro:boolean,warp:boolean	
TaskStartScenarioInPlace	c	TASK	0x142A02425FF02BD9		ped:Ped,scenarioName:string,timeToLeave:integer,playIntroClip:boolean	
TaskStayInCover	c	TASK	0xE5DA8615A6180789		ped:Ped	
TaskStealthKill	c	TASK	0xAA5DC05579D60BD9		killer:Ped,target:Ped,actionType:Hash,p3:number,p4:any	
TaskStopPhoneGestureAnimation	c	TASK	0x3FA00D4F4641BFAE		ped:Ped	
TaskSubmarineGotoAndStop	c	TASK	0xC22B40579A498CA4		p0:any,submarine:Vehicle,x:number,y:number,z:number,p5:any	
TaskSwapWeapon	c	TASK	0xA21C51255B205245		ped:Ped,p1:boolean	
TaskSweepAimEntity	c	TASK	0x2047C02158D6405A		ped:Ped,anim:string,p2:string,p3:string,p4:string,p5:integer,vehicle:Vehicle,p7:number,p8:number	
TaskSweepAimPosition	c	TASK	0x7AFE8FDC10BC07D2	integer,integer,integer,integer	p0:any,p5:any,p6:number,p7:number,p8:number,p9:number,p10:number	
TaskSynchronizedScene	c	TASK	0xEEA929141F699854		ped:Ped,scene:integer,animDictionary:string,animationName:string,speed:number,speedMultiplier:number,duration:integer,flag:integer,playbackRate:number,p9:any	
TaskThrowProjectile	c	TASK	0x7285951DBF6B5A51		ped:Ped,x:number,y:number,z:number	
TaskToggleDuck	c	TASK	0xAC96609B9995EDF8		p0:boolean,p1:boolean	
TaskTurnPedToFaceCoord	c	TASK	0x1DDA930A0AC38571		ped:Ped,x:number,y:number,z:number,duration:integer	
TaskTurnPedToFaceEntity	c	TASK	0x5AD23D40115353AC		ped:Ped,entity:Entity,duration:integer	
TaskUseMobilePhone	c	TASK	0xBD2A8EC3AF4DE7DB		ped:Ped,p1:integer	
TaskUseMobilePhoneTimed	c	TASK	0x5EE02954A14C69DB		ped:Ped,duration:integer	
TaskUseNearestScenarioChainToCoord	c	TASK	0x9FDA1B3D7E7028B3		p0:any,p1:number,p2:number,p3:number,p4:number,p5:any	
TaskUseNearestScenarioChainToCoordWarp	c	TASK	0x97A28E63F0BA5631		p0:any,p1:number,p2:number,p3:number,p4:number,p5:any	
TaskUseNearestScenarioToCoord	c	TASK	0x277F471BA9DB000B		ped:Ped,x:number,y:number,z:number,distance:number,duration:integer	
TaskUseNearestScenarioToCoordWarp	c	TASK	0x58E2E0F23F6B76C3		ped:Ped,x:number,y:number,z:number,radius:number,p5:any	
TaskVehicleAimAtCoord	c	TASK	0x447C1E9EF844BC0F		ped:Ped,x:number,y:number,z:number	
TaskVehicleAimAtPed	c	TASK	0xE41885592B08B097		ped:Ped,target:Ped	
TaskVehicleChase	c	TASK	0x3C08A8E30363B353		driver:Ped,targetEnt:Entity	
TaskVehicleDriveToCoord	c	TASK	0xE2A2AA2F659D77A7		ped:Ped,vehicle:Vehicle,x:number,y:number,z:number,speed:number,p6:any,vehicleModel:Hash,drivingMode:integer,stopRange:number,p10:number	
TaskVehicleDriveToCoordLongrange	c	TASK	0x158BB33F920D360C		ped:Ped,vehicle:Vehicle,x:number,y:number,z:number,speed:number,drivingStyle:integer,stopRange:number	
TaskVehicleDriveWander	c	TASK	0x480142959D337D00		ped:Ped,vehicle:Vehicle,speed:number,drivingStyle:integer	
TaskVehicleEscort	c	TASK	0x0FA6E4B75F302400		ped:Ped,vehicle:Vehicle,targetVehicle:Vehicle,mode:integer,speed:number,drivingStyle:integer,minDistance:number,p7:integer,noRoadsDistance:number	
TaskVehicleFollow	c	TASK	0xFC545A9F0626E3B6		driver:Ped,vehicle:Vehicle,targetEntity:Entity,speed:number,drivingStyle:integer,minDistance:integer	
TaskVehicleFollowWaypointRecording	c	TASK	0x3123FAA6DB1CF7ED		ped:Ped,vehicle:Vehicle,WPRecording:string,p3:integer,p4:integer,p5:integer,p6:integer,p7:number,p8:boolean,p9:number	
TaskVehicleGotoNavmesh	c	TASK	0x195AEEB13CEFE2EE		ped:Ped,vehicle:Vehicle,x:number,y:number,z:number,speed:number,behaviorFlag:integer,stoppingRange:number	
TaskVehicleHeliProtect	c	TASK	0x1E09C32048FEFD1C		pilot:Ped,vehicle:Vehicle,entityToFollow:Entity,targetSpeed:number,p4:integer,radius:number,altitude:integer,p7:integer	
TaskVehicleMission	c	TASK	0x659427E0EF36BCDE		ped:Ped,vehicle:Vehicle,vehicleTarget:Vehicle,missionType:integer,speed:number,drivingStyle:integer,radius:number,straightLineDist:number,DriveAgainstTraffic:boolean	
TaskVehicleMissionCoorsTarget	c	TASK	0xF0AF20AA7731F8C3		ped:Ped,vehicle:Vehicle,x:number,y:number,z:number,missionType:integer,speed:number,drivingStyle:integer,radius:number,straightLineDist:number,DriveAgainstTraffic:boolean	
TaskVehicleMissionPedTarget	c	TASK	0x9454528DF15D657A		ped:Ped,vehicle:Vehicle,pedTarget:Ped,missionType:integer,speed:number,drivingStyle:integer,radius:number,straightLineDist:number,DriveAgainstTraffic:boolean	
TaskVehiclePark	c	TASK	0x0F3E34E968EA374E		ped:Ped,vehicle:Vehicle,x:number,y:number,z:number,heading:number,mode:integer,radius:number,keepEngineOn:boolean	
TaskVehiclePlayAnim	c	TASK	0x69F5C3BD0F3EBD89		vehicle:Vehicle,animationSet:string,animationName:string	
TaskVehicleShootAtCoord	c	TASK	0x5190796ED39C9B6D		ped:Ped,x:number,y:number,z:number,p4:number	
TaskVehicleShootAtPed	c	TASK	0x10AB107B887214D8		ped:Ped,target:Ped,p2:number	
TaskVehicleTempAction	c	TASK	0xC429DCEEB339E129		driver:Ped,vehicle:Vehicle,action:integer,time:integer	
TaskWanderInArea	c	TASK	0xE054346CA3A0F315		ped:Ped,x:number,y:number,z:number,radius:number,minimalLength:integer,timeBetweenWalks:number	
TaskWanderSpecific	c	TASK	0x6919A2F136426098		p0:any,p1:any,p2:any,p3:any	
TaskWanderStandard	c	TASK	0xBB9CE077274F6A1B		ped:Ped,p1:number,p2:integer	
TaskWarpPedDirectlyIntoCover	c	TASK	0x6E01E9E8D89F8276		ped:Ped,time:integer,canPeekAndAim:boolean,forceInitialFacingDirection:boolean,forceFaceLeft:boolean,coverIndex:integer	
TaskWarpPedIntoVehicle	b	TASK	0x9A7D091411C5F684		ped:Ped,vehicle:Vehicle,seatIndex:integer	
TaskWrithe	c	TASK	0xCDDC2B77CE54AC6E		ped:Ped,target:Ped,time:integer,p3:integer	
TempBanPlayer	s	CFX	0x1E35DBBA		playerSrc:string,reason:string	
TerminateAllScriptsWithThisName	c	MISC	0x9DC711BC69C548DF		scriptName:string	
TerminateThisThread	c	SCRIPT	0x1090044AD1DA76FA			
TerminateThread	c	SCRIPT	0xC8B189ED9138BCD4		threadId:integer	
TerraingridActivate	c	GRAPHICS	0xA356990E161C9E65		toggle:boolean	
TerraingridSetColours	c	GRAPHICS	0x5CE62918F8D703C7		lowR:integer,lowG:integer,lowB:integer,lowAlpha:integer,R:integer,G:integer,B:integer,Alpha:integer,highR:integer,highG:integer,highB:integer,highAlpha:integer	
TerraingridSetParams	c	GRAPHICS	0x1C4FC5752BCD8E48		x:number,y:number,z:number,p3:number,rotation:number,p5:number,width:number,height:number,p8:number,scale:number,glowIntensity:number,normalHeight:number,heightDiff:number	
TestProbeAgainstAllWater	c	WATER	0x8974647ED222EA5F	boolean,vector3	x1:number,y1:number,z1:number,x2:number,y2:number,z2:number,flag:integer,result?:vector3	
TestProbeAgainstWater	c	WATER	0xFFA5D878809819DB	boolean,vector3	x1:number,y1:number,z1:number,x2:number,y2:number,z2:number,result?:vector3	
TestVerticalProbeAgainstAllWater	c	WATER	0x2B3451FA1E3142E2	boolean,number	x:number,y:number,z:number,flag:integer,height?:number	
TextureDownloadGetName	c	NETWORK	0x3448505B6E35262D	string	p0:integer	
TextureDownloadHasFailed	c	NETWORK	0x5776ED562C134687	boolean	p0:integer	
TextureDownloadRelease	c	NETWORK	0x487EB90B98E9FB19		p0:integer	
TextureDownloadRequest	c	NETWORK	0x16160DA74A8E74A2	integer,integer	FilePath:string,Name:string,p3:boolean	
ThefeedAddTxdRef	c	HUD	0x317EBA71D7543F52		txdString1:string,txnString1:string,txdString2:string,txnString2:string	ThefeedUpdateItemTexture
ThefeedAutoPostGametipsOff	c	HUD	0xADED7F5748ACAFE6			
ThefeedAutoPostGametipsOn	c	HUD	0x56C8B608CFD49854			
ThefeedClearAnimpostfx	c	HUD	0xFDD85225B2DEA55E			ThefeedResetAllParameters
ThefeedClearFrozenPost	c	HUD	0x80FE4F3AB4E1B62A			
ThefeedCommentTeleportPoolOff	c	HUD	0xADED7F5748ACAFE6			ThefeedAutoPostGametipsOff
ThefeedCommentTeleportPoolOn	c	HUD	0x56C8B608CFD49854			ThefeedAutoPostGametipsOn
ThefeedDisable	c	HUD	0x32888337579A5970			ThefeedDisableLoadingScreenTips
ThefeedDisableBaselineOffset	c	HUD	0xB695E2CD0A2DA9EE			ThefeedSpsExtendWidescreenOff
ThefeedDisableLoadingScreenTips	c	HUD	0x32888337579A5970			
ThefeedDisplayLoadingScreenTips	c	HUD	0x15CFA549788D35EF			
ThefeedEnable	c	HUD	0x15CFA549788D35EF			ThefeedDisplayLoadingScreenTips
ThefeedEnableBaselineOffset	c	HUD	0xD4438C0564490E63			ThefeedSpsExtendWidescreenOn
ThefeedFlushPersistent	c	HUD	0x80FE4F3AB4E1B62A			ThefeedClearFrozenPost
ThefeedFlushQueue	c	HUD	0xA8FDB297A8D25FBA			
ThefeedForceRenderOff	c	HUD	0x583049884A2EEE3C			
ThefeedForceRenderOn	c	HUD	0xA13C11E1B5C06BFC			
ThefeedFreezeNextPost	c	HUD	0xFDEC055AB549E328			
ThefeedGetCurrentNotification	c	HUD	0x82352748437638CA	integer		ThefeedGetFirstVisibleDeleteRemaining
ThefeedGetFirstVisibleDeleteRemaining	c	HUD	0x82352748437638CA	integer		
ThefeedHideGtaoTooltips	c	HUD	0x583049884A2EEE3C			ThefeedForceRenderOff
ThefeedHideThisFrame	c	HUD	0x25F87B30C382FCA7			
ThefeedIsPaused	c	HUD	0xA9CBFD40B3FA3010	boolean		
ThefeedNextPostBackgroundColor	c	HUD	0x92F0DA1E27DB96DC		hudColorIndex:integer	ThefeedSetNextPostBackgroundColor
ThefeedOnlyShowTooltips	c	HUD	0x6F1554B0CC2089FA		toggle:boolean	
ThefeedPause	c	HUD	0xFDB423997FA30340			
ThefeedRemoveItem	c	HUD	0xBE4390CB40B3E627		notificationId:integer	
ThefeedResetAllParameters	c	HUD	0xFDD85225B2DEA55E			
ThefeedResume	c	HUD	0xE1CD1E48E025E661			
ThefeedSetAnimpostfxColor	c	HUD	0x17430B918701C342		red:integer,green:integer,blue:integer,alpha:integer	
ThefeedSetAnimpostfxCount	c	HUD	0x17AD8C9706BDD88A		count:integer	
ThefeedSetAnimpostfxSound	c	HUD	0x4A0C7C9BB10ABB36		toggle:boolean	
ThefeedSetFlushAnimpostfx	c	HUD	0xBAE4F9B97CD43B30		toggle:boolean	
ThefeedSetNextPostBackgroundColor	c	HUD	0x92F0DA1E27DB96DC		hudColorIndex:integer	
ThefeedSetNextPostPersistent	c	HUD	0xFDEC055AB549E328			ThefeedFreezeNextPost
ThefeedSetScriptedMenuHeight	c	HUD	0x55598D21339CB998		pos:number	
ThefeedShowGtaoTooltips	c	HUD	0xADED7F5748ACAFE6			ThefeedAutoPostGametipsOff
ThefeedSpsExtendWidescreenOff	c	HUD	0xB695E2CD0A2DA9EE			
ThefeedSpsExtendWidescreenOn	c	HUD	0xD4438C0564490E63			
ThefeedUpdateItemTexture	c	HUD	0x317EBA71D7543F52		txdString1:string,txnString1:string,txdString2:string,txnString2:string	
Timera	c	SYSTEM	0x83666F9FB8FEBD4B	integer		
Timerb	c	SYSTEM	0xC9D9444186B5A374	integer		
Timestep	c	SYSTEM	0x0000000050597EE2	number		
TitleTextureDownloadRequest	c	NETWORK	0x0B203B4AFDE53A4F	integer	FilePath:string,Name:string,p2:boolean	
ToFloat	c	SYSTEM	0xBBDA792448DB5A89	number	value:integer	
TogglePausedRenderphases	c	GRAPHICS	0xDFC252D8A3E15AB7		toggle:boolean	
ToggleShowOptionalStuntJumpCamera	c	MISC	0xFB80AB299D2EE1BD		toggle:boolean	
ToggleStealthRadar	c	HUD	0x6AFDFB93754950C7		toggle:boolean	
ToggleUsePickupsForPlayer	c	OBJECT	0x616093EC6B139DD9		player:Player,pickupHash:Hash,toggle:boolean	
ToggleVehicleMod	c	VEHICLE	0x2A1F4F37F95BAD08		vehicle:Vehicle,modType:integer,toggle:boolean	
TrackObjectVisibility	c	OBJECT	0xB252BC036B525623		object:Object	
TrackVehicleVisibility	c	VEHICLE	0x64473AEFDCF47DCA		vehicle:Vehicle	
TransformStormbergToRoadVehicle	c	VEHICLE	0x2A69FFD1B42BFF9E		vehicle:Vehicle,instantly:boolean	TransformToCar
TransformStormbergToWaterVehicle	c	VEHICLE	0xBE4C854FFDB6EEBE		vehicle:Vehicle,instantly:boolean	TransformToSubmarine
TransformSubmarineToVehicle	c	VEHICLE	0x2A69FFD1B42BFF9E		vehicle:Vehicle,instantly:boolean	TransformToCar
TransformToCar	c	VEHICLE	0x2A69FFD1B42BFF9E		vehicle:Vehicle,instantly:boolean	
TransformToSubmarine	c	VEHICLE	0xBE4C854FFDB6EEBE		vehicle:Vehicle,instantly:boolean	
TransformVehicleToSubmarine	c	VEHICLE	0xBE4C854FFDB6EEBE		vehicle:Vehicle,instantly:boolean	TransformToSubmarine
TransitionFromBlurred	c	GRAPHICS	0xEFACC8AEF94430D5	boolean	transitionTime:number	TriggerScreenblurFadeOut
TransitionToBlurred	c	GRAPHICS	0xA328A24AAA6B7FDC	boolean	transitionTime:number	TriggerScreenblurFadeIn
TriggerClientEventInternal	s	CFX	0x2F7A49E6		eventName:string,eventTarget:string,eventPayload:string,payloadLength:integer	
TriggerEventInternal	b	CFX	0x91310870		eventName:string,eventPayload:string,payloadLength:integer	
TriggerLatentClientEventInternal	s	CFX	0x70B35890		eventName:string,eventTarget:string,eventPayload:string,payloadLength:integer,bps:integer	
TriggerLatentServerEventInternal	c	CFX	0x128737EA		eventName:string,eventPayload:string,payloadLength:integer,bps:integer	
TriggerMusicEvent	c	AUDIO	0x706D57B0F50DA710	boolean	eventName:string	
TriggerScreenblurFadeIn	c	GRAPHICS	0xA328A24AAA6B7FDC	boolean	transitionTime:number	
TriggerScreenblurFadeOut	c	GRAPHICS	0xEFACC8AEF94430D5	boolean	transitionTime:number	
TriggerScriptCrcCheckOnPlayer	c	NETWORK	0x46FB3ED415C7641C	boolean	player:Player,p1:integer,scriptHash:Hash	
TriggerScriptEvent	c	SCRIPT	0x5AE99C571D5BBE5D	integer	eventGroup:integer,eventDataSize:integer,playerBits:integer	
TriggerScriptEvent_2	c	SCRIPT	0xA40CC53DF8E50837	integer	eventGroup:integer,eventDataSize:integer,playerBits:integer	
TriggerServerEventInternal	c	CFX	0x7FDD1128		eventName:string,eventPayload:string,payloadLength:integer	
TriggerSiren	c	AUDIO	0x66C3FB05206041BA		vehicle:Vehicle	
TriggerSonarBlip	c	HUD	0x72DD432F3CDFC0EE		posX:number,posY:number,posZ:number,radius:number,p4:integer	
TriggerVehicleWeaponReload	c	WEAPON	0x5B1513F27F279A44	boolean	vehicle:Vehicle,seat:integer,ped:Ped	
UgcCancelQuery	c	NETWORK	0xE9B99B6853181409			
UgcClearCreateResult	c	NETWORK	0x17440AA15D1D3739			
UgcClearModifyResult	c	NETWORK	0xA1E5E0204A6FCC70			
UgcClearOfflineQuery	c	NETWORK	0x61A885D3F7CFEE9A			
UgcClearQueryResults	c	NETWORK	0xBA96394A0EECFA65			
UgcCopyContent	c	NETWORK	0x152D90E4C1B4738A	boolean,integer,integer		
UgcCreateContent	c	DATAFILE	0xC84527E235FCA219	boolean	data:string,dataCount:integer,contentName:string,description:string,tagsCsv:string,contentTypeName:string,publish:boolean	
UgcCreateMission	c	DATAFILE	0xA5EFC3E847D60507	boolean	contentName:string,description:string,tagsCsv:string,contentTypeName:string,publish:boolean	
UgcDidGetSucceed	c	NETWORK	0x941E5306BCD7C2C7	any		
UgcGetBookmarkedContent	c	NETWORK	0xD5A4B59980401588	boolean,integer,integer	p0:any,p1:any	
UgcGetCachedDescription	c	NETWORK	0x40F7E66472DF3E5C	string	p0:any,p1:any	
UgcGetCloudPath	c	NETWORK	0xBAF6BABF9E7CCC13	string	p0:integer,p1:integer	UgcGetContentPath
UgcGetContentCategory	c	NETWORK	0xA7BAB11E7C9C6C5A	integer	p0:integer	
UgcGetContentDescriptionHash	c	NETWORK	0x7CF0448787B23758	integer	p0:any	
UgcGetContentFileVersion	c	NETWORK	0x37025B27D9B658B1	any	p0:any,p1:any	
UgcGetContentHasPlayerBookmarked	c	NETWORK	0x993CBE59D350D225	boolean	p0:any	
UgcGetContentHasPlayerRecord	c	NETWORK	0x70EA8DA57840F9BE	boolean	p0:any	
UgcGetContentHash	c	NETWORK	0x3A17A27D75C74887	Hash		
UgcGetContentId	c	NETWORK	0x55AA95F481D694D2	string	p0:integer	
UgcGetContentIsPublished	c	NETWORK	0x3054F114121C21EA	boolean	p0:any	
UgcGetContentIsVerified	c	NETWORK	0xA9240A96C74CCA13	boolean	p0:any	
UgcGetContentLanguage	c	NETWORK	0x32DD916F3F7C9672	any	p0:any	
UgcGetContentName	c	NETWORK	0xBF09786A7FCAB582	string	p0:any	
UgcGetContentNum	c	NETWORK	0xE0A6138401BCB837	any		
UgcGetContentPath	c	NETWORK	0xBAF6BABF9E7CCC13	string	p0:integer,p1:integer	
UgcGetContentRating	c	NETWORK	0x1ACCFBA3D8DAB2EE	any	p0:any,p1:any	
UgcGetContentRatingCount	c	NETWORK	0x759299C5BB31D2A9	any	p0:any,p1:any	
UgcGetContentRatingNegativeCount	c	NETWORK	0x4E548C0D7AE39FF9	any	p0:any,p1:any	
UgcGetContentRatingPositiveCount	c	NETWORK	0x87E5C46C187FE0AE	any	p0:any,p1:any	
UgcGetContentTotal	c	NETWORK	0x769951E2455E2EB5	any		
UgcGetContentUpdatedDate	c	NETWORK	0xCFD115B373C0DF63	integer	p0:any,p1?:integer	
UgcGetContentUserId	c	NETWORK	0xCD67AD041A394C9C	string	p0:integer	
UgcGetContentUserName	c	NETWORK	0x703F12425ECA8BF5	string	p0:any	
UgcGetCreateContentId	c	NETWORK	0xC55A0B40FFB1ED23	string		
UgcGetCreateResult	c	NETWORK	0xFBC5E768C7A77A6A	any		
UgcGetCreatorNum	c	NETWORK	0x597F8DBA9B206FC7	any		
UgcGetCrewContent	c	NETWORK	0x9F6E2821885CAEE2	boolean,integer,integer	p0:any,p1:any,p2:any	
UgcGetFriendContent	c	NETWORK	0xF9E1CCAE8BA4C281	boolean,integer,integer	p0:any,p1:any	
UgcGetGetByCategory	c	NETWORK	0x678BB03C1A3BD51E	boolean,integer,integer	p0:any,p1:any,p2:any	
UgcGetModifyResult	c	NETWORK	0x5A0A3D1A186A5508	any		
UgcGetMyContent	c	NETWORK	0x3195F8DD0D531052	boolean,integer,integer	p0:any,p1:any	
UgcGetQueryResult	c	NETWORK	0xEDF7F927136C224B	any		
UgcGetRootContentId	c	NETWORK	0xC0173D6BFF4E0348	string	p0:integer	
UgcHasCreateFinished	c	NETWORK	0x5E24341A7F92A74B	boolean		
UgcHasGetFinished	c	NETWORK	0x02ADA21EA2F6918F	boolean		
UgcHasModifyFinished	c	NETWORK	0x299EF3C576773506	boolean		
UgcIsGetting	c	NETWORK	0xD53ACDBEF24A46E8	boolean		
UgcIsLanguageSupported	c	NETWORK	0xF53E48461B71EECB	boolean	p0:any	
UgcPoliciesMakePrivate	c	NETWORK	0x5CAE833B0EE0C500	boolean	p0:any	
UgcPublish	c	NETWORK	0x1DE0F5F50D723CAA	boolean	contentId:string,baseContentId:string,contentTypeName:string	
UgcQueryByContentId	c	NETWORK	0x158EC424F35EC469	boolean	contentId:string,latestVersion:boolean,contentTypeName:string	
UgcQueryByContentIds	c	NETWORK	0xC7397A83F7A2A462	boolean,integer	count:integer,latestVersion:boolean,contentTypeName:string	
UgcQueryMyContent	c	NETWORK	0x9BF438815F5D96EA	boolean,integer	p0:any,p1:any,p3:any,p4:any,p5:any	
UgcQueryRecentlyCreatedContent	c	NETWORK	0x6D4CB481FAC835E8	boolean	offset:integer,count:integer,contentTypeName:string,p3:integer	
UgcRequestCachedDescription	c	NETWORK	0x5E0165278F6339EE	integer	p0:integer	
UgcRequestContentDataFromIndex	c	NETWORK	0x171DF6A0C07FB3DC	integer	p0:integer,p1:integer	
UgcRequestContentDataFromParams	c	NETWORK	0x7FD2990AF016795E	integer	contentTypeName:string,contentId:string,p2:integer,p3:integer,p4:integer	
UgcSetBookmarked	c	NETWORK	0x274A1519DFC1094F	boolean	contentId:string,bookmarked:boolean,contentTypeName:string	
UgcSetDeleted	c	NETWORK	0xD05D1A6C74DA3498	boolean,integer,integer	p1:boolean	
UgcSetPlayerData	c	DATAFILE	0x692D808C34A82143	boolean	contentId:string,rating:number,contentTypeName:string	
UgcSetQueryDataFromOffline	c	NETWORK	0xF98DDE0A8ED09323		p0:boolean	
UgcTextureDownloadRequest	c	NETWORK	0x308F96458B7087CC	any,integer,integer	p1:any,p2:any,p3:any,p5:boolean	
UgcUpdateContent	c	DATAFILE	0x648E7A5434AF7969	boolean,integer	contentId:string,dataCount:integer,contentName:string,description:string,tagsCsv:string,contentTypeName:string	
UgcUpdateMission	c	DATAFILE	0x4645DE9980999E93	boolean	contentId:string,contentName:string,description:string,tagsCsv:string,contentTypeName:string	
Ui3dsceneIsAvailable	c	GRAPHICS	0xD3A10FC7FD8D98CD	boolean		
Ui3dscenePushPreset	c	GRAPHICS	0xF1CEA8A4198D8E9A	boolean	presetName:string	
UiIsSingleplayerPauseMenuActive	c	MISC	0xEA2F2061875EED90	boolean		UiStartedEndUserBenchmark
UiStartedEndUserBenchmark	c	MISC	0xEA2F2061875EED90	boolean		
UnblockDecisionMakerEvent	c	EVENT	0xD7CD9CF34F2C99E8		name:Hash,eventType:integer	
UnblockSpeechContextGroup	c	AUDIO	0x2ACABED337622DF2		groupName:string	
UncuffPed	c	TASK	0x67406F2C8F87FC4F		ped:Ped	
UndoDecalTextureOverride	c	GRAPHICS	0xB7ED70C49521A61D		decalType:integer	UnpatchDecalDiffuseMap
UnfreezeRadioStation	c	AUDIO	0xFC00454CF60B91DD		radioStation:string	
UnkGetInteriorAtCoords	c	INTERIOR	0xF0F77ADB9F67E79D	integer	x:number,y:number,z:number,typeHash:Hash	GetInteriorAtCoordsWithTypehash
UnloadCloudHat	c	MISC	0xA74802FB8D0B7814		name:string,p1:number	
UnloadContentChangeSetGroup	c	FILES	0x3C1978285B036B25		hash:Hash	
UnlockMinimapAngle	c	HUD	0x8183455E16C42E3A			
UnlockMinimapPosition	c	HUD	0x3E93E06DB8EF1F30			
UnlockMissionNewsStory	c	AUDIO	0xB165AB7C248B2DC1		newsStory:integer	
UnlockRadioStationTrackList	c	AUDIO	0x031ACB6ABA18C729		radioStation:string,trackListName:string	
UnpatchDecalDiffuseMap	c	GRAPHICS	0xB7ED70C49521A61D		decalType:integer	
UnpausePlaybackRecordedVehicle	c	VEHICLE	0x8879EE09268305D5		vehicle:Vehicle	
UnpinInterior	c	INTERIOR	0x261CCE7EED010641		interior:integer	
UnpinRopeVertex	c	PHYSICS	0x4B5AE2EEE4A8F180		ropeId:integer,vertex:integer	
UnregisterCommand	b	CFX	0x9F73FDC		commandId:integer	
UnregisterPedheadshot	c	PED	0x96B1361D9B24C2FF		id:integer	
UnregisterRawNuiCallback	c	CFX	0x7FB46432		callbackType:string	
UnregisterScriptWithAudio	c	AUDIO	0xA8638BE228D4751A			
UnrequestTennisBanks	c	AUDIO	0x0150B6FF25A9E2E5			
UpdateLightsOnEntity	c	GRAPHICS	0xDEADC0DEDEADC0DE		entity:Entity	
UpdateLsur	c	AUDIO	0x47AED84213A47510		allowTrackReprioritization:boolean	UpdateUnlockableDjRadioTracks
UpdateMapdataEntity	c	CFX	0xFC52CB91		mapdata:integer,entity:integer,entityDef:table	
UpdateNavmeshBlockingObject	c	PATHFIND	0x109E99373F290687		object:Object,posX:number,posY:number,posZ:number,scaleX:number,scaleY:number,scaleZ:number,heading:number,flags:integer	
UpdateOnscreenKeyboard	c	MISC	0x0CF2B696BBF945AE	integer		
UpdatePedHeadBlendData	c	PED	0x723538F61C647C5A		ped:Ped,shapeMix:number,skinMix:number,thirdMix:number	
UpdatePlayerTeleport	c	PLAYER	0xE23D5873C2394C61	boolean	player:Player	
UpdateSoundCoord	c	AUDIO	0x7EC3C679D0E7E46B		soundId:integer,x:number,y:number,z:number	
UpdateStatFloat	c	STATS	0x30A6614C1F7799B8		statHash:Hash,value:number,p2:integer	PresenceEventUpdatestatFloat
UpdateStatInt	c	STATS	0x11FF1C80276097ED		statHash:Hash,value:integer,p2:integer	PresenceEventUpdatestatInt
UpdateTaskAimGunScriptedTarget	c	TASK	0x9724FB59A3E72AD0		p0:Ped,p1:Ped,p2:number,p3:number,p4:number,p5:boolean	
UpdateTaskHandsUpDuration	c	TASK	0xA98FCAFD7893C834		ped:Ped,duration:integer	
UpdateTaskSweepAimEntity	c	TASK	0xE4973DBDBE6E44B3		ped:Ped,entity:Entity	
UpdateTaskSweepAimPosition	c	TASK	0xBB106883F5201FC4		p0:any,p1:number,p2:number,p3:number	
UpdateUnlockableDjRadioTracks	c	AUDIO	0x47AED84213A47510		allowTrackReprioritization:boolean	
UseFakeMpCash	c	HUD	0x170F541E1CADD1DE		p0:boolean	
UseFootstepScriptSweeteners	c	AUDIO	0xBF4DC1784BE94DFA		ped:Ped,useSweetner:boolean,soundSetHash:Hash	
UseFreemodeMapBehavior	c	MISC	0x9BAE5AD2508DF078		toggle:integer	SetInstancePriorityMode
UseParticleFxAsset	c	GRAPHICS	0x6C38AF3693A69A91		name:string	
UseParticleFxAssetNextCall	c	GRAPHICS	0x6C38AF3693A69A91		name:string	UseParticleFxAsset
UsePlayerColourInsteadOfTeamColour	c	NETWORK	0x77758139EC9B66C7		toggle:boolean	
UseScriptCamForAmbientPopulationOriginThisFrame	c	CAM	0x271401846BD26E92		vehicles:boolean,peds:boolean	
UseSirenAsHorn	c	AUDIO	0xFA932DE350266EF8		vehicle:Vehicle,sirenAsHorn:boolean	
UseStuntCameraThisFrame	c	CAM	0x6493CF69859B116A			UseVehicleCamStuntSettingsThisUpdate
UseVehicleCamStuntSettingsThisUpdate	c	CAM	0x6493CF69859B116A			
UseWaypointRecordingAsAssistedMovementRoute	c	TASK	0x5A353B8E6B1095B5		name:string,p1:boolean,p2:number,p3:number	
UsingMissionCreator	c	MISC	0xF14878FC50BEC6EE		toggle:boolean	
UsingNetworkWeapontype	c	NETWORK	0xE26CCFF8094D8C74	boolean	p0:integer	RefreshPlayerListStats
Vdist	c	SYSTEM	0x2A488C176D52CCA5	number	x1:number,y1:number,z1:number,x2:number,y2:number,z2:number	
Vdist2	c	SYSTEM	0xB7A628320EFF8E47	number	x1:number,y1:number,z1:number,x2:number,y2:number,z2:number	
VehToNet	c	NETWORK	0xB4C94523F023419C	integer	vehicle:Vehicle	
VehicleHasLandingGear	c	VEHICLE	0x4198AB0022B15F87	boolean	plane:Vehicle	IsPlaneLandingGearIntact
VehicleSetCustomParachuteModel	c	VEHICLE	0x4D610C6B56031351		vehicle:Vehicle,modelHash:Hash	SetVehicleParachuteModel
VehicleSetCustomParachuteTexture	c	VEHICLE	0xA74AD2439468C883		vehicle:Vehicle,textureVariation:integer	SetVehicleParachuteTextureVariation
VehicleWaypointPlaybackOverrideSpeed	c	TASK	0x121F0593E0A431D7		vehicle:Vehicle,speed:number	
VehicleWaypointPlaybackPause	c	TASK	0x8A4E6AC373666BC5		vehicle:Vehicle	
VehicleWaypointPlaybackResume	c	TASK	0xDC04FCAA7839D492		vehicle:Vehicle	
VehicleWaypointPlaybackUseDefaultSpeed	c	TASK	0x5CEB25A7D2848963		vehicle:Vehicle	
VerifyPasswordHash	s	CFX	0x2E310ACD	boolean	password:string,hash:string	
Vmag	c	SYSTEM	0x652D2EEEF1D3E62C	number	x:number,y:number,z:number	
Vmag2	c	SYSTEM	0xA8CEACB4F35AE058	number	x:number,y:number,z:number	
Wait	c	SYSTEM	0x4EDE34FBADD967A6		ms:integer	
WasCounterActivated	c	VEHICLE	0x3EC8BF18AA453FE9		heli:Vehicle,toggle:boolean	SetHeliTailBoomCanBreakOff
WasCutsceneSkipped	c	CUTSCENE	0x40C8656EDAEDD569	boolean		
WasEventCanceled	b	CFX	0x58382A19	boolean		
WasPedKilledByStealth	c	PED	0xF9800AA1A771B000	boolean	ped:Ped	
WasPedKilledByTakedown	c	PED	0x7F08E26039C7347C	boolean	ped:Ped	
WasPedKnockedOut	c	PED	0x61767F73EACEED21	boolean	ped:Ped	
WasPedSkeletonUpdated	c	PED	0x11B499C1E0FF8559	boolean	ped:Ped	
WashDecalsFromVehicle	c	GRAPHICS	0x5B712761429DBC14		vehicle:Vehicle,p1:number	
WashDecalsInRange	c	GRAPHICS	0x9C30613D50A6ADEF		p0:any,p1:any,p2:any,p3:any,p4:any	
WaterOverrideFadeIn	c	MISC	0xA8434F1DFF41D6E7		p0:number	
WaterOverrideFadeOut	c	MISC	0xC3C221ADDDE31A11		p0:number	
WaterOverrideSetOceannoiseminamplitude	c	MISC	0x31727907B2C43C55		minAmplitude:number	
WaterOverrideSetOceanwaveamplitude	c	MISC	0x405591EC8FD9096D		amplitude:number	
WaterOverrideSetOceanwavemaxamplitude	c	MISC	0xB3E6360DDE733E82		maxAmplitude:number	
WaterOverrideSetOceanwaveminamplitude	c	MISC	0xF751B16FB32ABC1D		minAmplitude:number	
WaterOverrideSetRipplebumpiness	c	MISC	0x7C9C0B1EEB1F9072		bumpiness:number	
WaterOverrideSetRippledisturb	c	MISC	0xB9854DFDE0D833D6		disturb:number	
WaterOverrideSetRipplemaxbumpiness	c	MISC	0x9F5E6BB6B34540DA		maxBumpiness:number	
WaterOverrideSetRippleminbumpiness	c	MISC	0x6216B116083A7CB4		minBumpiness:number	
WaterOverrideSetShorewaveamplitude	c	MISC	0xB8F87EAD7533B176		amplitude:number	
WaterOverrideSetShorewavemaxamplitude	c	MISC	0xA7A1127490312C36		maxAmplitude:number	
WaterOverrideSetShorewaveminamplitude	c	MISC	0xC3EAD29AB273ECE8		minAmplitude:number	
WaterOverrideSetStrength	c	MISC	0xC54A08C85AE4D410		strength:number	
WaypointPlaybackGetIsPaused	c	TASK	0x701375A7D43F01CB	boolean	p0:any	
WaypointPlaybackOverrideSpeed	c	TASK	0x7D7D2B47FA788E85		p0:any,p1:number,p2:boolean	
WaypointPlaybackPause	c	TASK	0x0F342546AA06FED5		p0:any,p1:boolean,p2:boolean	
WaypointPlaybackResume	c	TASK	0x244F70C84C547D2D		p0:any,p1:boolean,p2:any,p3:any	
WaypointPlaybackStartAimingAtCoord	c	TASK	0x8968400D900ED8B3		p0:any,p1:number,p2:number,p3:number,p4:boolean	
WaypointPlaybackStartAimingAtPed	c	TASK	0x20E330937C399D29		p0:any,p1:any,p2:boolean	
WaypointPlaybackStartShootingAtCoord	c	TASK	0x057A25CFCC9DB671		p0:any,p1:number,p2:number,p3:number,p4:boolean,p5:any	
WaypointPlaybackStartShootingAtPed	c	TASK	0xE70BA7B90F8390DC		p0:any,p1:any,p2:boolean,p3:any	
WaypointPlaybackStopAimingOrShooting	c	TASK	0x47EFA040EBB8E2EA		p0:any	
WaypointPlaybackUseDefaultSpeed	c	TASK	0x6599D834B12D0800		p0:any	
WaypointRecordingGetClosestWaypoint	c	TASK	0xB629A298081F876F	boolean,integer	name:string,x:number,y:number,z:number,point?:integer	
WaypointRecordingGetCoord	c	TASK	0x2FB897405C90B361	boolean,vector3	name:string,point:integer,coord?:vector3	
WaypointRecordingGetNumPoints	c	TASK	0x5343532C01A07234	boolean,integer	name:string,points?:integer	
WaypointRecordingGetSpeedAtPoint	c	TASK	0x005622AEBC33ACA9	number	name:string,point:integer	
WithdrawVc	c	MONEY	0xF70EFA14FE091429	integer	amount:integer	
World3dToScreen2d	c	GRAPHICS	0x34E82F05DF2974F5	boolean,number,number	worldX:number,worldY:number,worldZ:number	GetScreenCoordFromWorldCoord
WouldEntityBeOccluded	c	ENTITY	0xEE5D2A122E09EC42	boolean	entityModelHash:Hash,x:number,y:number,z:number,p4:boolean	
